antecedent,consequent,antecedent_str,consequent_str,rule_str,support,confidence,lift,leverage,conviction,antecedent_support,consequent_support
"['Organic Bananas', 'Sea Salt Kettle Chips']","['Creamy Peanut Butter', 'Organic Strawberry Jam']",Organic Bananas + Sea Salt Kettle Chips,Creamy Peanut Butter + Organic Strawberry Jam,Organic Bananas + Sea Salt Kettle Chips ➔ Creamy Peanut Butter + Organic Strawberry Jam,0.0362,0.7495,6.069,0.0302,3.499,0.0483,0.1235
"['Creamy Peanut Butter', 'Organic Bananas']","['Artisanal Sourdough Bread', 'Organic Strawberry Jam']",Creamy Peanut Butter + Organic Bananas,Artisanal Sourdough Bread + Organic Strawberry Jam,Creamy Peanut Butter + Organic Bananas ➔ Artisanal Sourdough Bread + Organic Strawberry Jam,0.0615,0.7649,5.916,0.0511,3.704,0.0804,0.1293
"['Artisanal Sourdough Bread', 'Organic Strawberry Jam']","['Creamy Peanut Butter', 'Organic Bananas']",Artisanal Sourdough Bread + Organic Strawberry Jam,Creamy Peanut Butter + Organic Bananas,Artisanal Sourdough Bread + Organic Strawberry Jam ➔ Creamy Peanut Butter + Organic Bananas,0.0615,0.4756,5.916,0.0511,1.754,0.1293,0.0804
"['Creamy Peanut Butter', 'Sea Salt Kettle Chips']","['Organic Bananas', 'Organic Strawberry Jam']",Creamy Peanut Butter + Sea Salt Kettle Chips,Organic Bananas + Organic Strawberry Jam,Creamy Peanut Butter + Sea Salt Kettle Chips ➔ Organic Bananas + Organic Strawberry Jam,0.0362,0.4751,5.887,0.0301,1.751,0.0762,0.0807
"['Organic Bananas', 'Organic Strawberry Jam']","['Creamy Peanut Butter', 'Sea Salt Kettle Chips']",Organic Bananas + Organic Strawberry Jam,Creamy Peanut Butter + Sea Salt Kettle Chips,Organic Bananas + Organic Strawberry Jam ➔ Creamy Peanut Butter + Sea Salt Kettle Chips,0.0362,0.4486,5.887,0.0301,1.675,0.0807,0.0762
"['Organic Strawberry Jam', 'Sea Salt Kettle Chips']","['Creamy Peanut Butter', 'Organic Bananas']",Organic Strawberry Jam + Sea Salt Kettle Chips,Creamy Peanut Butter + Organic Bananas,Organic Strawberry Jam + Sea Salt Kettle Chips ➔ Creamy Peanut Butter + Organic Bananas,0.0362,0.472,5.87,0.03,1.742,0.0767,0.0804
"['Creamy Peanut Butter', 'Organic Bananas']","['Organic Strawberry Jam', 'Sea Salt Kettle Chips']",Creamy Peanut Butter + Organic Bananas,Organic Strawberry Jam + Sea Salt Kettle Chips,Creamy Peanut Butter + Organic Bananas ➔ Organic Strawberry Jam + Sea Salt Kettle Chips,0.0362,0.4502,5.87,0.03,1.679,0.0804,0.0767
"['Creamy Peanut Butter', 'Sea Salt Kettle Chips']","['Artisanal Sourdough Bread', 'Organic Strawberry Jam']",Creamy Peanut Butter + Sea Salt Kettle Chips,Artisanal Sourdough Bread + Organic Strawberry Jam,Creamy Peanut Butter + Sea Salt Kettle Chips ➔ Artisanal Sourdough Bread + Organic Strawberry Jam,0.0577,0.7572,5.856,0.0478,3.586,0.0762,0.1293
"['Artisanal Sourdough Bread', 'Organic Strawberry Jam']","['Creamy Peanut Butter', 'Sea Salt Kettle Chips']",Artisanal Sourdough Bread + Organic Strawberry Jam,Creamy Peanut Butter + Sea Salt Kettle Chips,Artisanal Sourdough Bread + Organic Strawberry Jam ➔ Creamy Peanut Butter + Sea Salt Kettle Chips,0.0577,0.4462,5.856,0.0478,1.668,0.1293,0.0762
"['Creamy Peanut Butter', 'Organic Bananas']","['Organic Strawberry Jam', 'Organic Whole Milk']",Creamy Peanut Butter + Organic Bananas,Organic Strawberry Jam + Organic Whole Milk,Creamy Peanut Butter + Organic Bananas ➔ Organic Strawberry Jam + Organic Whole Milk,0.0399,0.4963,5.798,0.033,1.815,0.0804,0.0856
"['Organic Strawberry Jam', 'Organic Whole Milk']","['Creamy Peanut Butter', 'Organic Bananas']",Organic Strawberry Jam + Organic Whole Milk,Creamy Peanut Butter + Organic Bananas,Organic Strawberry Jam + Organic Whole Milk ➔ Creamy Peanut Butter + Organic Bananas,0.0399,0.4661,5.798,0.033,1.722,0.0856,0.0804
"['Creamy Peanut Butter', 'Sea Salt Kettle Chips']","['Organic Strawberry Jam', 'Organic Whole Milk']",Creamy Peanut Butter + Sea Salt Kettle Chips,Organic Strawberry Jam + Organic Whole Milk,Creamy Peanut Butter + Sea Salt Kettle Chips ➔ Organic Strawberry Jam + Organic Whole Milk,0.0378,0.4961,5.795,0.0313,1.815,0.0762,0.0856
"['Organic Strawberry Jam', 'Organic Whole Milk']","['Creamy Peanut Butter', 'Sea Salt Kettle Chips']",Organic Strawberry Jam + Organic Whole Milk,Creamy Peanut Butter + Sea Salt Kettle Chips,Organic Strawberry Jam + Organic Whole Milk ➔ Creamy Peanut Butter + Sea Salt Kettle Chips,0.0378,0.4416,5.795,0.0313,1.654,0.0856,0.0762
"['Organic Bananas', 'Organic Strawberry Jam']","['Artisanal Sourdough Bread', 'Creamy Peanut Butter']",Organic Bananas + Organic Strawberry Jam,Artisanal Sourdough Bread + Creamy Peanut Butter,Organic Bananas + Organic Strawberry Jam ➔ Artisanal Sourdough Bread + Creamy Peanut Butter,0.0615,0.7621,5.791,0.0509,3.65,0.0807,0.1316
"['Artisanal Sourdough Bread', 'Creamy Peanut Butter']","['Organic Bananas', 'Organic Strawberry Jam']",Artisanal Sourdough Bread + Creamy Peanut Butter,Organic Bananas + Organic Strawberry Jam,Artisanal Sourdough Bread + Creamy Peanut Butter ➔ Organic Bananas + Organic Strawberry Jam,0.0615,0.4673,5.791,0.0509,1.726,0.1316,0.0807
"['Organic Strawberry Jam', 'Sea Salt Kettle Chips']","['Artisanal Sourdough Bread', 'Creamy Peanut Butter']",Organic Strawberry Jam + Sea Salt Kettle Chips,Artisanal Sourdough Bread + Creamy Peanut Butter,Organic Strawberry Jam + Sea Salt Kettle Chips ➔ Artisanal Sourdough Bread + Creamy Peanut Butter,0.0577,0.7523,5.716,0.0476,3.506,0.0767,0.1316
"['Artisanal Sourdough Bread', 'Creamy Peanut Butter']","['Organic Strawberry Jam', 'Sea Salt Kettle Chips']",Artisanal Sourdough Bread + Creamy Peanut Butter,Organic Strawberry Jam + Sea Salt Kettle Chips,Artisanal Sourdough Bread + Creamy Peanut Butter ➔ Organic Strawberry Jam + Sea Salt Kettle Chips,0.0577,0.4384,5.716,0.0476,1.644,0.1316,0.0767
"['Organic Bananas', 'Sea Salt Kettle Chips']","['Artisanal Sourdough Bread', 'Organic Strawberry Jam']",Organic Bananas + Sea Salt Kettle Chips,Artisanal Sourdough Bread + Organic Strawberry Jam,Organic Bananas + Sea Salt Kettle Chips ➔ Artisanal Sourdough Bread + Organic Strawberry Jam,0.0354,0.7329,5.668,0.0292,3.26,0.0483,0.1293
"['Organic Bananas', 'Sea Salt Kettle Chips']","['Artisanal Sourdough Bread', 'Creamy Peanut Butter']",Organic Bananas + Sea Salt Kettle Chips,Artisanal Sourdough Bread + Creamy Peanut Butter,Organic Bananas + Sea Salt Kettle Chips ➔ Artisanal Sourdough Bread + Creamy Peanut Butter,0.036,0.7453,5.664,0.0296,3.41,0.0483,0.1316
"['Organic Bananas', 'Organic Strawberry Jam']","['Creamy Peanut Butter', 'Organic Whole Milk']",Organic Bananas + Organic Strawberry Jam,Creamy Peanut Butter + Organic Whole Milk,Organic Bananas + Organic Strawberry Jam ➔ Creamy Peanut Butter + Organic Whole Milk,0.0399,0.4944,5.644,0.0328,1.805,0.0807,0.0876
"['Creamy Peanut Butter', 'Organic Whole Milk']","['Organic Bananas', 'Organic Strawberry Jam']",Creamy Peanut Butter + Organic Whole Milk,Organic Bananas + Organic Strawberry Jam,Creamy Peanut Butter + Organic Whole Milk ➔ Organic Bananas + Organic Strawberry Jam,0.0399,0.4555,5.644,0.0328,1.688,0.0876,0.0807
"['Organic Strawberry Jam', 'Sea Salt Kettle Chips']","['Creamy Peanut Butter', 'Organic Whole Milk']",Organic Strawberry Jam + Sea Salt Kettle Chips,Creamy Peanut Butter + Organic Whole Milk,Organic Strawberry Jam + Sea Salt Kettle Chips ➔ Creamy Peanut Butter + Organic Whole Milk,0.0378,0.4928,5.626,0.0311,1.799,0.0767,0.0876
"['Creamy Peanut Butter', 'Organic Whole Milk']","['Organic Strawberry Jam', 'Sea Salt Kettle Chips']",Creamy Peanut Butter + Organic Whole Milk,Organic Strawberry Jam + Sea Salt Kettle Chips,Creamy Peanut Butter + Organic Whole Milk ➔ Organic Strawberry Jam + Sea Salt Kettle Chips,0.0378,0.4315,5.626,0.0311,1.624,0.0876,0.0767
"['Artisanal Sourdough Bread', 'Sea Salt Kettle Chips']","['Creamy Peanut Butter', 'Organic Strawberry Jam']",Artisanal Sourdough Bread + Sea Salt Kettle Chips,Creamy Peanut Butter + Organic Strawberry Jam,Artisanal Sourdough Bread + Sea Salt Kettle Chips ➔ Creamy Peanut Butter + Organic Strawberry Jam,0.0577,0.6717,5.439,0.0471,2.67,0.0859,0.1235
"['Creamy Peanut Butter', 'Organic Strawberry Jam']","['Artisanal Sourdough Bread', 'Sea Salt Kettle Chips']",Creamy Peanut Butter + Organic Strawberry Jam,Artisanal Sourdough Bread + Sea Salt Kettle Chips,Creamy Peanut Butter + Organic Strawberry Jam ➔ Artisanal Sourdough Bread + Sea Salt Kettle Chips,0.0577,0.4672,5.439,0.0471,1.716,0.1235,0.0859
"['Organic Strawberry Jam', 'Organic Whole Milk']","['Artisanal Sourdough Bread', 'Creamy Peanut Butter']",Organic Strawberry Jam + Organic Whole Milk,Artisanal Sourdough Bread + Creamy Peanut Butter,Organic Strawberry Jam + Organic Whole Milk ➔ Artisanal Sourdough Bread + Creamy Peanut Butter,0.0611,0.7138,5.424,0.0498,3.034,0.0856,0.1316
"['Artisanal Sourdough Bread', 'Creamy Peanut Butter']","['Organic Strawberry Jam', 'Organic Whole Milk']",Artisanal Sourdough Bread + Creamy Peanut Butter,Organic Strawberry Jam + Organic Whole Milk,Artisanal Sourdough Bread + Creamy Peanut Butter ➔ Organic Strawberry Jam + Organic Whole Milk,0.0611,0.4643,5.424,0.0498,1.707,0.1316,0.0856
"['Creamy Peanut Butter', 'Organic Whole Milk', 'Sea Salt Kettle Chips']",['Organic Strawberry Jam'],Creamy Peanut Butter + Organic Whole Milk + Sea Salt Kettle Chips,Organic Strawberry Jam,Creamy Peanut Butter + Organic Whole Milk + Sea Salt Kettle Chips ➔ Organic Strawberry Jam,0.0378,0.8811,5.406,0.0308,7.041,0.0429,0.163
"['Artisanal Sourdough Bread', 'Creamy Peanut Butter', 'Organic Bananas']",['Organic Strawberry Jam'],Artisanal Sourdough Bread + Creamy Peanut Butter + Organic Bananas,Organic Strawberry Jam,Artisanal Sourdough Bread + Creamy Peanut Butter + Organic Bananas ➔ Organic Strawberry Jam,0.0615,0.8811,5.405,0.0501,7.039,0.0698,0.163
['Organic Strawberry Jam'],"['Artisanal Sourdough Bread', 'Creamy Peanut Butter', 'Organic Bananas']",Organic Strawberry Jam,Artisanal Sourdough Bread + Creamy Peanut Butter + Organic Bananas,Organic Strawberry Jam ➔ Artisanal Sourdough Bread + Creamy Peanut Butter + Organic Bananas,0.0615,0.3773,5.405,0.0501,1.494,0.163,0.0698
"['Creamy Peanut Butter', 'Organic Bananas', 'Sea Salt Kettle Chips']",['Organic Strawberry Jam'],Creamy Peanut Butter + Organic Bananas + Sea Salt Kettle Chips,Organic Strawberry Jam,Creamy Peanut Butter + Organic Bananas + Sea Salt Kettle Chips ➔ Organic Strawberry Jam,0.0362,0.8808,5.404,0.0295,7.021,0.0411,0.163
"['Creamy Peanut Butter', 'Organic Whole Milk']","['Artisanal Sourdough Bread', 'Organic Strawberry Jam']",Creamy Peanut Butter + Organic Whole Milk,Artisanal Sourdough Bread + Organic Strawberry Jam,Creamy Peanut Butter + Organic Whole Milk ➔ Artisanal Sourdough Bread + Organic Strawberry Jam,0.0611,0.6975,5.394,0.0498,2.878,0.0876,0.1293
"['Artisanal Sourdough Bread', 'Organic Strawberry Jam']","['Creamy Peanut Butter', 'Organic Whole Milk']",Artisanal Sourdough Bread + Organic Strawberry Jam,Creamy Peanut Butter + Organic Whole Milk,Artisanal Sourdough Bread + Organic Strawberry Jam ➔ Creamy Peanut Butter + Organic Whole Milk,0.0611,0.4725,5.394,0.0498,1.73,0.1293,0.0876
"['Creamy Peanut Butter', 'Organic Bananas', 'Organic Whole Milk']",['Organic Strawberry Jam'],Creamy Peanut Butter + Organic Bananas + Organic Whole Milk,Organic Strawberry Jam,Creamy Peanut Butter + Organic Bananas + Organic Whole Milk ➔ Organic Strawberry Jam,0.0399,0.8769,5.38,0.0325,6.801,0.0455,0.163
"['Organic Bananas', 'Organic Strawberry Jam', 'Organic Whole Milk']",['Creamy Peanut Butter'],Organic Bananas + Organic Strawberry Jam + Organic Whole Milk,Creamy Peanut Butter,Organic Bananas + Organic Strawberry Jam + Organic Whole Milk ➔ Creamy Peanut Butter,0.0399,0.8926,5.368,0.0325,7.764,0.0447,0.1663
"['Organic Bananas', 'Organic Strawberry Jam', 'Sea Salt Kettle Chips']",['Creamy Peanut Butter'],Organic Bananas + Organic Strawberry Jam + Sea Salt Kettle Chips,Creamy Peanut Butter,Organic Bananas + Organic Strawberry Jam + Sea Salt Kettle Chips ➔ Creamy Peanut Butter,0.0362,0.8916,5.362,0.0294,7.693,0.0406,0.1663
"['Artisanal Sourdough Bread', 'Creamy Peanut Butter', 'Sea Salt Kettle Chips']",['Organic Strawberry Jam'],Artisanal Sourdough Bread + Creamy Peanut Butter + Sea Salt Kettle Chips,Organic Strawberry Jam,Artisanal Sourdough Bread + Creamy Peanut Butter + Sea Salt Kettle Chips ➔ Organic Strawberry Jam,0.0577,0.8729,5.355,0.0469,6.586,0.0661,0.163
['Organic Strawberry Jam'],"['Artisanal Sourdough Bread', 'Creamy Peanut Butter', 'Sea Salt Kettle Chips']",Organic Strawberry Jam,Artisanal Sourdough Bread + Creamy Peanut Butter + Sea Salt Kettle Chips,Organic Strawberry Jam ➔ Artisanal Sourdough Bread + Creamy Peanut Butter + Sea Salt Kettle Chips,0.0577,0.354,5.355,0.0469,1.446,0.163,0.0661
"['Creamy Peanut Butter', 'Sea Salt Kettle Chips']",['Organic Strawberry Jam'],Creamy Peanut Butter + Sea Salt Kettle Chips,Organic Strawberry Jam,Creamy Peanut Butter + Sea Salt Kettle Chips ➔ Organic Strawberry Jam,0.0664,0.8714,5.346,0.054,6.508,0.0762,0.163
['Organic Strawberry Jam'],"['Creamy Peanut Butter', 'Sea Salt Kettle Chips']",Organic Strawberry Jam,Creamy Peanut Butter + Sea Salt Kettle Chips,Organic Strawberry Jam ➔ Creamy Peanut Butter + Sea Salt Kettle Chips,0.0664,0.4074,5.346,0.054,1.559,0.163,0.0762
"['Organic Whole Milk', 'Sea Salt Kettle Chips']","['Creamy Peanut Butter', 'Organic Strawberry Jam']",Organic Whole Milk + Sea Salt Kettle Chips,Creamy Peanut Butter + Organic Strawberry Jam,Organic Whole Milk + Sea Salt Kettle Chips ➔ Creamy Peanut Butter + Organic Strawberry Jam,0.0378,0.6597,5.342,0.0307,2.576,0.0573,0.1235
"['Creamy Peanut Butter', 'Organic Bananas']",['Organic Strawberry Jam'],Creamy Peanut Butter + Organic Bananas,Organic Strawberry Jam,Creamy Peanut Butter + Organic Bananas ➔ Organic Strawberry Jam,0.0699,0.8694,5.334,0.0568,6.409,0.0804,0.163
['Organic Strawberry Jam'],"['Creamy Peanut Butter', 'Organic Bananas']",Organic Strawberry Jam,Creamy Peanut Butter + Organic Bananas,Organic Strawberry Jam ➔ Creamy Peanut Butter + Organic Bananas,0.0699,0.4288,5.334,0.0568,1.61,0.163,0.0804
"['Artisanal Sourdough Bread', 'Organic Bananas', 'Organic Strawberry Jam']",['Creamy Peanut Butter'],Artisanal Sourdough Bread + Organic Bananas + Organic Strawberry Jam,Creamy Peanut Butter,Artisanal Sourdough Bread + Organic Bananas + Organic Strawberry Jam ➔ Creamy Peanut Butter,0.0615,0.8836,5.313,0.0499,7.164,0.0696,0.1663
['Creamy Peanut Butter'],"['Artisanal Sourdough Bread', 'Organic Bananas', 'Organic Strawberry Jam']",Creamy Peanut Butter,Artisanal Sourdough Bread + Organic Bananas + Organic Strawberry Jam,Creamy Peanut Butter ➔ Artisanal Sourdough Bread + Organic Bananas + Organic Strawberry Jam,0.0615,0.3698,5.313,0.0499,1.476,0.1663,0.0696
"['Organic Strawberry Jam', 'Organic Whole Milk', 'Sea Salt Kettle Chips']",['Creamy Peanut Butter'],Organic Strawberry Jam + Organic Whole Milk + Sea Salt Kettle Chips,Creamy Peanut Butter,Organic Strawberry Jam + Organic Whole Milk + Sea Salt Kettle Chips ➔ Creamy Peanut Butter,0.0378,0.8832,5.311,0.0307,7.136,0.0428,0.1663
"['Artisanal Sourdough Bread', 'Organic Bananas', 'Sea Salt Kettle Chips']",['Organic Strawberry Jam'],Artisanal Sourdough Bread + Organic Bananas + Sea Salt Kettle Chips,Organic Strawberry Jam,Artisanal Sourdough Bread + Organic Bananas + Sea Salt Kettle Chips ➔ Organic Strawberry Jam,0.0354,0.8592,5.271,0.0287,5.946,0.0412,0.163
"['Artisanal Sourdough Bread', 'Organic Strawberry Jam', 'Sea Salt Kettle Chips']",['Creamy Peanut Butter'],Artisanal Sourdough Bread + Organic Strawberry Jam + Sea Salt Kettle Chips,Creamy Peanut Butter,Artisanal Sourdough Bread + Organic Strawberry Jam + Sea Salt Kettle Chips ➔ Creamy Peanut Butter,0.0577,0.8756,5.265,0.0467,6.7,0.0659,0.1663
"['Artisanal Sourdough Bread', 'Organic Bananas', 'Sea Salt Kettle Chips']",['Creamy Peanut Butter'],Artisanal Sourdough Bread + Organic Bananas + Sea Salt Kettle Chips,Creamy Peanut Butter,Artisanal Sourdough Bread + Organic Bananas + Sea Salt Kettle Chips ➔ Creamy Peanut Butter,0.036,0.8738,5.254,0.0291,6.605,0.0412,0.1663
"['Extra Virgin Olive Oil', 'Oven Roasted Turkey Breast']","['Organic Baby Spinach', 'Roasted Salted Almonds']",Extra Virgin Olive Oil + Oven Roasted Turkey Breast,Organic Baby Spinach + Roasted Salted Almonds,Extra Virgin Olive Oil + Oven Roasted Turkey Breast ➔ Organic Baby Spinach + Roasted Salted Almonds,0.0426,0.4733,5.213,0.0344,1.726,0.09,0.0908
"['Organic Baby Spinach', 'Roasted Salted Almonds']","['Extra Virgin Olive Oil', 'Oven Roasted Turkey Breast']",Organic Baby Spinach + Roasted Salted Almonds,Extra Virgin Olive Oil + Oven Roasted Turkey Breast,Organic Baby Spinach + Roasted Salted Almonds ➔ Extra Virgin Olive Oil + Oven Roasted Turkey Breast,0.0426,0.4692,5.213,0.0344,1.714,0.0908,0.09
"['Creamy Peanut Butter', 'Organic Bananas']","['Artisanal Sourdough Bread', 'Sea Salt Kettle Chips']",Creamy Peanut Butter + Organic Bananas,Artisanal Sourdough Bread + Sea Salt Kettle Chips,Creamy Peanut Butter + Organic Bananas ➔ Artisanal Sourdough Bread + Sea Salt Kettle Chips,0.036,0.4478,5.213,0.0291,1.655,0.0804,0.0859
"['Artisanal Sourdough Bread', 'Sea Salt Kettle Chips']","['Creamy Peanut Butter', 'Organic Bananas']",Artisanal Sourdough Bread + Sea Salt Kettle Chips,Creamy Peanut Butter + Organic Bananas,Artisanal Sourdough Bread + Sea Salt Kettle Chips ➔ Creamy Peanut Butter + Organic Bananas,0.036,0.4191,5.213,0.0291,1.583,0.0859,0.0804
"['Organic Bananas', 'Organic Strawberry Jam']",['Creamy Peanut Butter'],Organic Bananas + Organic Strawberry Jam,Creamy Peanut Butter,Organic Bananas + Organic Strawberry Jam ➔ Creamy Peanut Butter,0.0699,0.8662,5.208,0.0565,6.23,0.0807,0.1663
['Creamy Peanut Butter'],"['Organic Bananas', 'Organic Strawberry Jam']",Creamy Peanut Butter,Organic Bananas + Organic Strawberry Jam,Creamy Peanut Butter ➔ Organic Bananas + Organic Strawberry Jam,0.0699,0.4203,5.208,0.0565,1.586,0.1663,0.0807
"['Organic Strawberry Jam', 'Sea Salt Kettle Chips']",['Creamy Peanut Butter'],Organic Strawberry Jam + Sea Salt Kettle Chips,Creamy Peanut Butter,Organic Strawberry Jam + Sea Salt Kettle Chips ➔ Creamy Peanut Butter,0.0664,0.8657,5.206,0.0536,6.208,0.0767,0.1663
['Creamy Peanut Butter'],"['Organic Strawberry Jam', 'Sea Salt Kettle Chips']",Creamy Peanut Butter,Organic Strawberry Jam + Sea Salt Kettle Chips,Creamy Peanut Butter ➔ Organic Strawberry Jam + Sea Salt Kettle Chips,0.0664,0.3993,5.206,0.0536,1.537,0.1663,0.0767
"['Artisanal Sourdough Bread', 'Organic Bananas']","['Creamy Peanut Butter', 'Organic Strawberry Jam']",Artisanal Sourdough Bread + Organic Bananas,Creamy Peanut Butter + Organic Strawberry Jam,Artisanal Sourdough Bread + Organic Bananas ➔ Creamy Peanut Butter + Organic Strawberry Jam,0.0615,0.6426,5.204,0.0497,2.453,0.0957,0.1235
"['Creamy Peanut Butter', 'Organic Strawberry Jam']","['Artisanal Sourdough Bread', 'Organic Bananas']",Creamy Peanut Butter + Organic Strawberry Jam,Artisanal Sourdough Bread + Organic Bananas,Creamy Peanut Butter + Organic Strawberry Jam ➔ Artisanal Sourdough Bread + Organic Bananas,0.0615,0.498,5.204,0.0497,1.801,0.1235,0.0957
"['Organic Bananas', 'Sea Salt Kettle Chips']",['Organic Strawberry Jam'],Organic Bananas + Sea Salt Kettle Chips,Organic Strawberry Jam,Organic Bananas + Sea Salt Kettle Chips ➔ Organic Strawberry Jam,0.0406,0.8406,5.157,0.0327,5.25,0.0483,0.163
"['Organic Baby Spinach', 'Oven Roasted Turkey Breast']","['Extra Virgin Olive Oil', 'Roasted Salted Almonds']",Organic Baby Spinach + Oven Roasted Turkey Breast,Extra Virgin Olive Oil + Roasted Salted Almonds,Organic Baby Spinach + Oven Roasted Turkey Breast ➔ Extra Virgin Olive Oil + Roasted Salted Almonds,0.0426,0.4718,5.139,0.0343,1.719,0.0903,0.0918
"['Extra Virgin Olive Oil', 'Roasted Salted Almonds']","['Organic Baby Spinach', 'Oven Roasted Turkey Breast']",Extra Virgin Olive Oil + Roasted Salted Almonds,Organic Baby Spinach + Oven Roasted Turkey Breast,Extra Virgin Olive Oil + Roasted Salted Almonds ➔ Organic Baby Spinach + Oven Roasted Turkey Breast,0.0426,0.4641,5.139,0.0343,1.697,0.0918,0.0903
"['Oven Roasted Turkey Breast', 'Roasted Salted Almonds']","['Extra Virgin Olive Oil', 'Organic Baby Spinach']",Oven Roasted Turkey Breast + Roasted Salted Almonds,Extra Virgin Olive Oil + Organic Baby Spinach,Oven Roasted Turkey Breast + Roasted Salted Almonds ➔ Extra Virgin Olive Oil + Organic Baby Spinach,0.0426,0.7802,5.12,0.0343,3.857,0.0546,0.1524
"['Organic Bananas', 'Sea Salt Kettle Chips']",['Creamy Peanut Butter'],Organic Bananas + Sea Salt Kettle Chips,Creamy Peanut Butter,Organic Bananas + Sea Salt Kettle Chips ➔ Creamy Peanut Butter,0.0411,0.8509,5.117,0.0331,5.593,0.0483,0.1663
"['Organic Bananas', 'Organic Strawberry Jam']","['Artisanal Sourdough Bread', 'Sea Salt Kettle Chips']",Organic Bananas + Organic Strawberry Jam,Artisanal Sourdough Bread + Sea Salt Kettle Chips,Organic Bananas + Organic Strawberry Jam ➔ Artisanal Sourdough Bread + Sea Salt Kettle Chips,0.0354,0.4387,5.107,0.0285,1.628,0.0807,0.0859
"['Artisanal Sourdough Bread', 'Sea Salt Kettle Chips']","['Organic Bananas', 'Organic Strawberry Jam']",Artisanal Sourdough Bread + Sea Salt Kettle Chips,Organic Bananas + Organic Strawberry Jam,Artisanal Sourdough Bread + Sea Salt Kettle Chips ➔ Organic Bananas + Organic Strawberry Jam,0.0354,0.4121,5.107,0.0285,1.564,0.0859,0.0807
"['Artisanal Sourdough Bread', 'Organic Strawberry Jam', 'Organic Whole Milk']",['Creamy Peanut Butter'],Artisanal Sourdough Bread + Organic Strawberry Jam + Organic Whole Milk,Creamy Peanut Butter,Artisanal Sourdough Bread + Organic Strawberry Jam + Organic Whole Milk ➔ Creamy Peanut Butter,0.0611,0.8474,5.096,0.0491,5.465,0.0721,0.1663
['Creamy Peanut Butter'],"['Artisanal Sourdough Bread', 'Organic Strawberry Jam', 'Organic Whole Milk']",Creamy Peanut Butter,Artisanal Sourdough Bread + Organic Strawberry Jam + Organic Whole Milk,Creamy Peanut Butter ➔ Artisanal Sourdough Bread + Organic Strawberry Jam + Organic Whole Milk,0.0611,0.3674,5.096,0.0491,1.467,0.1663,0.0721
"['Organic Baby Spinach', 'Oven Roasted Turkey Breast']","['Extra Virgin Olive Oil', 'Roma Tomatoes']",Organic Baby Spinach + Oven Roasted Turkey Breast,Extra Virgin Olive Oil + Roma Tomatoes,Organic Baby Spinach + Oven Roasted Turkey Breast ➔ Extra Virgin Olive Oil + Roma Tomatoes,0.0695,0.7697,5.094,0.0559,3.685,0.0903,0.1511
"['Extra Virgin Olive Oil', 'Roma Tomatoes']","['Organic Baby Spinach', 'Oven Roasted Turkey Breast']",Extra Virgin Olive Oil + Roma Tomatoes,Organic Baby Spinach + Oven Roasted Turkey Breast,Extra Virgin Olive Oil + Roma Tomatoes ➔ Organic Baby Spinach + Oven Roasted Turkey Breast,0.0695,0.46,5.094,0.0559,1.685,0.1511,0.0903
"['Artisanal Sourdough Bread', 'Creamy Peanut Butter', 'Organic Whole Milk']",['Organic Strawberry Jam'],Artisanal Sourdough Bread + Creamy Peanut Butter + Organic Whole Milk,Organic Strawberry Jam,Artisanal Sourdough Bread + Creamy Peanut Butter + Organic Whole Milk ➔ Organic Strawberry Jam,0.0611,0.8302,5.093,0.0491,4.928,0.0736,0.163
['Organic Strawberry Jam'],"['Artisanal Sourdough Bread', 'Creamy Peanut Butter', 'Organic Whole Milk']",Organic Strawberry Jam,Artisanal Sourdough Bread + Creamy Peanut Butter + Organic Whole Milk,Organic Strawberry Jam ➔ Artisanal Sourdough Bread + Creamy Peanut Butter + Organic Whole Milk,0.0611,0.3748,5.093,0.0491,1.482,0.163,0.0736
"['Oven Roasted Turkey Breast', 'Roma Tomatoes']","['Organic Baby Spinach', 'Roasted Salted Almonds']",Oven Roasted Turkey Breast + Roma Tomatoes,Organic Baby Spinach + Roasted Salted Almonds,Oven Roasted Turkey Breast + Roma Tomatoes ➔ Organic Baby Spinach + Roasted Salted Almonds,0.0418,0.4614,5.081,0.0336,1.688,0.0906,0.0908
"['Organic Baby Spinach', 'Roasted Salted Almonds']","['Oven Roasted Turkey Breast', 'Roma Tomatoes']",Organic Baby Spinach + Roasted Salted Almonds,Oven Roasted Turkey Breast + Roma Tomatoes,Organic Baby Spinach + Roasted Salted Almonds ➔ Oven Roasted Turkey Breast + Roma Tomatoes,0.0418,0.4604,5.081,0.0336,1.685,0.0908,0.0906
"['Oven Roasted Turkey Breast', 'Roasted Salted Almonds']","['Extra Virgin Olive Oil', 'Roma Tomatoes']",Oven Roasted Turkey Breast + Roasted Salted Almonds,Extra Virgin Olive Oil + Roma Tomatoes,Oven Roasted Turkey Breast + Roasted Salted Almonds ➔ Extra Virgin Olive Oil + Roma Tomatoes,0.0418,0.7656,5.067,0.0335,3.621,0.0546,0.1511
"['Extra Virgin Olive Oil', 'Oven Roasted Turkey Breast']","['Roasted Salted Almonds', 'Roma Tomatoes']",Extra Virgin Olive Oil + Oven Roasted Turkey Breast,Roasted Salted Almonds + Roma Tomatoes,Extra Virgin Olive Oil + Oven Roasted Turkey Breast ➔ Roasted Salted Almonds + Roma Tomatoes,0.0418,0.4644,5.054,0.0335,1.696,0.09,0.0919
"['Roasted Salted Almonds', 'Roma Tomatoes']","['Extra Virgin Olive Oil', 'Oven Roasted Turkey Breast']",Roasted Salted Almonds + Roma Tomatoes,Extra Virgin Olive Oil + Oven Roasted Turkey Breast,Roasted Salted Almonds + Roma Tomatoes ➔ Extra Virgin Olive Oil + Oven Roasted Turkey Breast,0.0418,0.4548,5.054,0.0335,1.669,0.0919,0.09
"['Organic Baby Spinach', 'Oven Roasted Turkey Breast']","['Roasted Salted Almonds', 'Roma Tomatoes']",Organic Baby Spinach + Oven Roasted Turkey Breast,Roasted Salted Almonds + Roma Tomatoes,Organic Baby Spinach + Oven Roasted Turkey Breast ➔ Roasted Salted Almonds + Roma Tomatoes,0.0418,0.4629,5.037,0.0335,1.691,0.0903,0.0919
"['Roasted Salted Almonds', 'Roma Tomatoes']","['Organic Baby Spinach', 'Oven Roasted Turkey Breast']",Roasted Salted Almonds + Roma Tomatoes,Organic Baby Spinach + Oven Roasted Turkey Breast,Roasted Salted Almonds + Roma Tomatoes ➔ Organic Baby Spinach + Oven Roasted Turkey Breast,0.0418,0.4548,5.037,0.0335,1.669,0.0919,0.0903
"['Oven Roasted Turkey Breast', 'Roma Tomatoes']","['Extra Virgin Olive Oil', 'Organic Baby Spinach']",Oven Roasted Turkey Breast + Roma Tomatoes,Extra Virgin Olive Oil + Organic Baby Spinach,Oven Roasted Turkey Breast + Roma Tomatoes ➔ Extra Virgin Olive Oil + Organic Baby Spinach,0.0695,0.7671,5.034,0.0557,3.639,0.0906,0.1524
"['Extra Virgin Olive Oil', 'Organic Baby Spinach']","['Oven Roasted Turkey Breast', 'Roma Tomatoes']",Extra Virgin Olive Oil + Organic Baby Spinach,Oven Roasted Turkey Breast + Roma Tomatoes,Extra Virgin Olive Oil + Organic Baby Spinach ➔ Oven Roasted Turkey Breast + Roma Tomatoes,0.0695,0.456,5.034,0.0557,1.672,0.1524,0.0906
"['Organic Baby Spinach', 'Roasted Salted Almonds']","['Extra Virgin Olive Oil', 'Roma Tomatoes']",Organic Baby Spinach + Roasted Salted Almonds,Extra Virgin Olive Oil + Roma Tomatoes,Organic Baby Spinach + Roasted Salted Almonds ➔ Extra Virgin Olive Oil + Roma Tomatoes,0.069,0.7599,5.029,0.0553,3.536,0.0908,0.1511
"['Extra Virgin Olive Oil', 'Roma Tomatoes']","['Organic Baby Spinach', 'Roasted Salted Almonds']",Extra Virgin Olive Oil + Roma Tomatoes,Organic Baby Spinach + Roasted Salted Almonds,Extra Virgin Olive Oil + Roma Tomatoes ➔ Organic Baby Spinach + Roasted Salted Almonds,0.069,0.4567,5.029,0.0553,1.673,0.1511,0.0908
"['Oven Roasted Turkey Breast', 'Roma Tomatoes']","['Extra Virgin Olive Oil', 'Roasted Salted Almonds']",Oven Roasted Turkey Breast + Roma Tomatoes,Extra Virgin Olive Oil + Roasted Salted Almonds,Oven Roasted Turkey Breast + Roma Tomatoes ➔ Extra Virgin Olive Oil + Roasted Salted Almonds,0.0418,0.4614,5.026,0.0335,1.686,0.0906,0.0918
"['Extra Virgin Olive Oil', 'Roasted Salted Almonds']","['Oven Roasted Turkey Breast', 'Roma Tomatoes']",Extra Virgin Olive Oil + Roasted Salted Almonds,Oven Roasted Turkey Breast + Roma Tomatoes,Extra Virgin Olive Oil + Roasted Salted Almonds ➔ Oven Roasted Turkey Breast + Roma Tomatoes,0.0418,0.4553,5.026,0.0335,1.67,0.0918,0.0906
"['Artisanal Sourdough Bread', 'Creamy Peanut Butter']",['Organic Strawberry Jam'],Artisanal Sourdough Bread + Creamy Peanut Butter,Organic Strawberry Jam,Artisanal Sourdough Bread + Creamy Peanut Butter ➔ Organic Strawberry Jam,0.1077,0.8184,5.021,0.0862,4.609,0.1316,0.163
['Organic Strawberry Jam'],"['Artisanal Sourdough Bread', 'Creamy Peanut Butter']",Organic Strawberry Jam,Artisanal Sourdough Bread + Creamy Peanut Butter,Organic Strawberry Jam ➔ Artisanal Sourdough Bread + Creamy Peanut Butter,0.1077,0.6607,5.021,0.0862,2.56,0.163,0.1316
"['Artisanal Sourdough Bread', 'Organic Strawberry Jam']",['Creamy Peanut Butter'],Artisanal Sourdough Bread + Organic Strawberry Jam,Creamy Peanut Butter,Artisanal Sourdough Bread + Organic Strawberry Jam ➔ Creamy Peanut Butter,0.1077,0.8329,5.009,0.0862,4.991,0.1293,0.1663
['Creamy Peanut Butter'],"['Artisanal Sourdough Bread', 'Organic Strawberry Jam']",Creamy Peanut Butter,Artisanal Sourdough Bread + Organic Strawberry Jam,Creamy Peanut Butter ➔ Artisanal Sourdough Bread + Organic Strawberry Jam,0.1077,0.6476,5.009,0.0862,2.471,0.1663,0.1293
"['Extra Virgin Olive Oil', 'Oven Roasted Turkey Breast']","['Organic Baby Spinach', 'Roma Tomatoes']",Extra Virgin Olive Oil + Oven Roasted Turkey Breast,Organic Baby Spinach + Roma Tomatoes,Extra Virgin Olive Oil + Oven Roasted Turkey Breast ➔ Organic Baby Spinach + Roma Tomatoes,0.0695,0.7722,4.998,0.0556,3.712,0.09,0.1545
"['Organic Baby Spinach', 'Roma Tomatoes']","['Extra Virgin Olive Oil', 'Oven Roasted Turkey Breast']",Organic Baby Spinach + Roma Tomatoes,Extra Virgin Olive Oil + Oven Roasted Turkey Breast,Organic Baby Spinach + Roma Tomatoes ➔ Extra Virgin Olive Oil + Oven Roasted Turkey Breast,0.0695,0.4498,4.998,0.0556,1.654,0.1545,0.09
"['Organic Baby Spinach', 'Roasted Salted Almonds']","['Organic Hass Avocados', 'Oven Roasted Turkey Breast']",Organic Baby Spinach + Roasted Salted Almonds,Organic Hass Avocados + Oven Roasted Turkey Breast,Organic Baby Spinach + Roasted Salted Almonds ➔ Organic Hass Avocados + Oven Roasted Turkey Breast,0.0425,0.4681,4.99,0.034,1.704,0.0908,0.0938
"['Organic Hass Avocados', 'Oven Roasted Turkey Breast']","['Organic Baby Spinach', 'Roasted Salted Almonds']",Organic Hass Avocados + Oven Roasted Turkey Breast,Organic Baby Spinach + Roasted Salted Almonds,Organic Hass Avocados + Oven Roasted Turkey Breast ➔ Organic Baby Spinach + Roasted Salted Almonds,0.0425,0.4531,4.99,0.034,1.662,0.0938,0.0908
"['Organic Strawberry Jam', 'Organic Whole Milk']","['Artisanal Sourdough Bread', 'Sea Salt Kettle Chips']",Organic Strawberry Jam + Organic Whole Milk,Artisanal Sourdough Bread + Sea Salt Kettle Chips,Organic Strawberry Jam + Organic Whole Milk ➔ Artisanal Sourdough Bread + Sea Salt Kettle Chips,0.0366,0.4276,4.978,0.0292,1.597,0.0856,0.0859
"['Artisanal Sourdough Bread', 'Sea Salt Kettle Chips']","['Organic Strawberry Jam', 'Organic Whole Milk']",Artisanal Sourdough Bread + Sea Salt Kettle Chips,Organic Strawberry Jam + Organic Whole Milk,Artisanal Sourdough Bread + Sea Salt Kettle Chips ➔ Organic Strawberry Jam + Organic Whole Milk,0.0366,0.4261,4.978,0.0292,1.593,0.0859,0.0856
"['Extra Virgin Olive Oil', 'Roasted Salted Almonds']","['Organic Hass Avocados', 'Oven Roasted Turkey Breast']",Extra Virgin Olive Oil + Roasted Salted Almonds,Organic Hass Avocados + Oven Roasted Turkey Breast,Extra Virgin Olive Oil + Roasted Salted Almonds ➔ Organic Hass Avocados + Oven Roasted Turkey Breast,0.0427,0.4651,4.959,0.0341,1.694,0.0918,0.0938
"['Organic Hass Avocados', 'Oven Roasted Turkey Breast']","['Extra Virgin Olive Oil', 'Roasted Salted Almonds']",Organic Hass Avocados + Oven Roasted Turkey Breast,Extra Virgin Olive Oil + Roasted Salted Almonds,Organic Hass Avocados + Oven Roasted Turkey Breast ➔ Extra Virgin Olive Oil + Roasted Salted Almonds,0.0427,0.4552,4.959,0.0341,1.667,0.0938,0.0918
"['Oven Roasted Turkey Breast', 'Roasted Salted Almonds']","['Organic Baby Spinach', 'Roma Tomatoes']",Oven Roasted Turkey Breast + Roasted Salted Almonds,Organic Baby Spinach + Roma Tomatoes,Oven Roasted Turkey Breast + Roasted Salted Almonds ➔ Organic Baby Spinach + Roma Tomatoes,0.0418,0.7656,4.955,0.0334,3.607,0.0546,0.1545
"['Organic Whole Milk', 'Sea Salt Kettle Chips']","['Artisanal Sourdough Bread', 'Organic Strawberry Jam']",Organic Whole Milk + Sea Salt Kettle Chips,Artisanal Sourdough Bread + Organic Strawberry Jam,Organic Whole Milk + Sea Salt Kettle Chips ➔ Artisanal Sourdough Bread + Organic Strawberry Jam,0.0366,0.6387,4.94,0.0292,2.41,0.0573,0.1293
"['Creamy Peanut Butter', 'Sea Salt Kettle Chips']","['Artisanal Sourdough Bread', 'Organic Bananas']",Creamy Peanut Butter + Sea Salt Kettle Chips,Artisanal Sourdough Bread + Organic Bananas,Creamy Peanut Butter + Sea Salt Kettle Chips ➔ Artisanal Sourdough Bread + Organic Bananas,0.036,0.4724,4.937,0.0287,1.714,0.0762,0.0957
"['Artisanal Sourdough Bread', 'Organic Bananas']","['Creamy Peanut Butter', 'Sea Salt Kettle Chips']",Artisanal Sourdough Bread + Organic Bananas,Creamy Peanut Butter + Sea Salt Kettle Chips,Artisanal Sourdough Bread + Organic Bananas ➔ Creamy Peanut Butter + Sea Salt Kettle Chips,0.036,0.3762,4.937,0.0287,1.481,0.0957,0.0762
"['Organic Strawberry Jam', 'Organic Whole Milk']",['Creamy Peanut Butter'],Organic Strawberry Jam + Organic Whole Milk,Creamy Peanut Butter,Organic Strawberry Jam + Organic Whole Milk ➔ Creamy Peanut Butter,0.0702,0.8201,4.931,0.056,4.634,0.0856,0.1663
['Creamy Peanut Butter'],"['Organic Strawberry Jam', 'Organic Whole Milk']",Creamy Peanut Butter,Organic Strawberry Jam + Organic Whole Milk,Creamy Peanut Butter ➔ Organic Strawberry Jam + Organic Whole Milk,0.0702,0.4221,4.931,0.056,1.582,0.1663,0.0856
"['Artisanal Sourdough Bread', 'Sea Salt Kettle Chips']","['Creamy Peanut Butter', 'Organic Whole Milk']",Artisanal Sourdough Bread + Sea Salt Kettle Chips,Creamy Peanut Butter + Organic Whole Milk,Artisanal Sourdough Bread + Sea Salt Kettle Chips ➔ Creamy Peanut Butter + Organic Whole Milk,0.0371,0.4319,4.93,0.0296,1.606,0.0859,0.0876
"['Creamy Peanut Butter', 'Organic Whole Milk']","['Artisanal Sourdough Bread', 'Sea Salt Kettle Chips']",Creamy Peanut Butter + Organic Whole Milk,Artisanal Sourdough Bread + Sea Salt Kettle Chips,Creamy Peanut Butter + Organic Whole Milk ➔ Artisanal Sourdough Bread + Sea Salt Kettle Chips,0.0371,0.4235,4.93,0.0296,1.586,0.0876,0.0859
"['Oven Roasted Turkey Breast', 'Roasted Salted Almonds']","['Extra Virgin Olive Oil', 'Organic Hass Avocados']",Oven Roasted Turkey Breast + Roasted Salted Almonds,Extra Virgin Olive Oil + Organic Hass Avocados,Oven Roasted Turkey Breast + Roasted Salted Almonds ➔ Extra Virgin Olive Oil + Organic Hass Avocados,0.0427,0.7821,4.928,0.034,3.86,0.0546,0.1587
"['Organic Baby Spinach', 'Roasted Salted Almonds']","['Extra Virgin Olive Oil', 'Organic Hass Avocados']",Organic Baby Spinach + Roasted Salted Almonds,Extra Virgin Olive Oil + Organic Hass Avocados,Organic Baby Spinach + Roasted Salted Almonds ➔ Extra Virgin Olive Oil + Organic Hass Avocados,0.071,0.7819,4.927,0.0566,3.858,0.0908,0.1587
"['Roasted Salted Almonds', 'Roma Tomatoes']","['Extra Virgin Olive Oil', 'Organic Baby Spinach']",Roasted Salted Almonds + Roma Tomatoes,Extra Virgin Olive Oil + Organic Baby Spinach,Roasted Salted Almonds + Roma Tomatoes ➔ Extra Virgin Olive Oil + Organic Baby Spinach,0.069,0.7508,4.927,0.055,3.402,0.0919,0.1524
"['Extra Virgin Olive Oil', 'Organic Baby Spinach']","['Roasted Salted Almonds', 'Roma Tomatoes']",Extra Virgin Olive Oil + Organic Baby Spinach,Roasted Salted Almonds + Roma Tomatoes,Extra Virgin Olive Oil + Organic Baby Spinach ➔ Roasted Salted Almonds + Roma Tomatoes,0.069,0.4528,4.927,0.055,1.659,0.1524,0.0919
"['Extra Virgin Olive Oil', 'Organic Hass Avocados']","['Organic Baby Spinach', 'Roasted Salted Almonds']",Extra Virgin Olive Oil + Organic Hass Avocados,Organic Baby Spinach + Roasted Salted Almonds,Extra Virgin Olive Oil + Organic Hass Avocados ➔ Organic Baby Spinach + Roasted Salted Almonds,0.071,0.4474,4.927,0.0566,1.645,0.1587,0.0908
"['Organic Whole Milk', 'Sea Salt Kettle Chips']","['Artisanal Sourdough Bread', 'Creamy Peanut Butter']",Organic Whole Milk + Sea Salt Kettle Chips,Artisanal Sourdough Bread + Creamy Peanut Butter,Organic Whole Milk + Sea Salt Kettle Chips ➔ Artisanal Sourdough Bread + Creamy Peanut Butter,0.0371,0.6475,4.92,0.0296,2.463,0.0573,0.1316
"['72% Dark Chocolate Bar', 'Slow-Simmered Marinara']","['Grated Parmesan Cheese', 'Penne Rigate Pasta']",72% Dark Chocolate Bar + Slow-Simmered Marinara,Grated Parmesan Cheese + Penne Rigate Pasta,72% Dark Chocolate Bar + Slow-Simmered Marinara ➔ Grated Parmesan Cheese + Penne Rigate Pasta,0.074,0.7732,4.919,0.059,3.717,0.0957,0.1572
"['Grated Parmesan Cheese', 'Penne Rigate Pasta']","['72% Dark Chocolate Bar', 'Slow-Simmered Marinara']",Grated Parmesan Cheese + Penne Rigate Pasta,72% Dark Chocolate Bar + Slow-Simmered Marinara,Grated Parmesan Cheese + Penne Rigate Pasta ➔ 72% Dark Chocolate Bar + Slow-Simmered Marinara,0.074,0.4707,4.919,0.059,1.709,0.1572,0.0957
"['Creamy Peanut Butter', 'Organic Whole Milk']",['Organic Strawberry Jam'],Creamy Peanut Butter + Organic Whole Milk,Organic Strawberry Jam,Creamy Peanut Butter + Organic Whole Milk ➔ Organic Strawberry Jam,0.0702,0.8014,4.916,0.0559,4.214,0.0876,0.163
['Organic Strawberry Jam'],"['Creamy Peanut Butter', 'Organic Whole Milk']",Organic Strawberry Jam,Creamy Peanut Butter + Organic Whole Milk,Organic Strawberry Jam ➔ Creamy Peanut Butter + Organic Whole Milk,0.0702,0.4307,4.916,0.0559,1.603,0.163,0.0876
"['Organic Hass Avocados', 'Oven Roasted Turkey Breast']","['Extra Virgin Olive Oil', 'Organic Baby Spinach']",Organic Hass Avocados + Oven Roasted Turkey Breast,Extra Virgin Olive Oil + Organic Baby Spinach,Organic Hass Avocados + Oven Roasted Turkey Breast ➔ Extra Virgin Olive Oil + Organic Baby Spinach,0.0702,0.7484,4.911,0.0559,3.369,0.0938,0.1524
"['Extra Virgin Olive Oil', 'Organic Baby Spinach']","['Organic Hass Avocados', 'Oven Roasted Turkey Breast']",Extra Virgin Olive Oil + Organic Baby Spinach,Organic Hass Avocados + Oven Roasted Turkey Breast,Extra Virgin Olive Oil + Organic Baby Spinach ➔ Organic Hass Avocados + Oven Roasted Turkey Breast,0.0702,0.4606,4.911,0.0559,1.68,0.1524,0.0938
"['Extra Virgin Olive Oil', 'Oven Roasted Turkey Breast']","['Organic Baby Spinach', 'Sparkling Mineral Water']",Extra Virgin Olive Oil + Oven Roasted Turkey Breast,Organic Baby Spinach + Sparkling Mineral Water,Extra Virgin Olive Oil + Oven Roasted Turkey Breast ➔ Organic Baby Spinach + Sparkling Mineral Water,0.0427,0.4744,4.906,0.034,1.719,0.09,0.0967
"['Organic Baby Spinach', 'Sparkling Mineral Water']","['Extra Virgin Olive Oil', 'Oven Roasted Turkey Breast']",Organic Baby Spinach + Sparkling Mineral Water,Extra Virgin Olive Oil + Oven Roasted Turkey Breast,Organic Baby Spinach + Sparkling Mineral Water ➔ Extra Virgin Olive Oil + Oven Roasted Turkey Breast,0.0427,0.4416,4.906,0.034,1.63,0.0967,0.09
"['Organic Baby Spinach', 'Oven Roasted Turkey Breast']","['Extra Virgin Olive Oil', 'Organic Hass Avocados']",Organic Baby Spinach + Oven Roasted Turkey Breast,Extra Virgin Olive Oil + Organic Hass Avocados,Organic Baby Spinach + Oven Roasted Turkey Breast ➔ Extra Virgin Olive Oil + Organic Hass Avocados,0.0702,0.7774,4.899,0.0559,3.78,0.0903,0.1587
"['Extra Virgin Olive Oil', 'Organic Hass Avocados']","['Organic Baby Spinach', 'Oven Roasted Turkey Breast']",Extra Virgin Olive Oil + Organic Hass Avocados,Organic Baby Spinach + Oven Roasted Turkey Breast,Extra Virgin Olive Oil + Organic Hass Avocados ➔ Organic Baby Spinach + Oven Roasted Turkey Breast,0.0702,0.4423,4.899,0.0559,1.631,0.1587,0.0903
"['Organic Baby Spinach', 'Oven Roasted Turkey Breast']","['Extra Virgin Olive Oil', 'Sparkling Mineral Water']",Organic Baby Spinach + Oven Roasted Turkey Breast,Extra Virgin Olive Oil + Sparkling Mineral Water,Organic Baby Spinach + Oven Roasted Turkey Breast ➔ Extra Virgin Olive Oil + Sparkling Mineral Water,0.0427,0.4729,4.895,0.034,1.714,0.0903,0.0966
"['Extra Virgin Olive Oil', 'Sparkling Mineral Water']","['Organic Baby Spinach', 'Oven Roasted Turkey Breast']",Extra Virgin Olive Oil + Sparkling Mineral Water,Organic Baby Spinach + Oven Roasted Turkey Breast,Extra Virgin Olive Oil + Sparkling Mineral Water ➔ Organic Baby Spinach + Oven Roasted Turkey Breast,0.0427,0.442,4.895,0.034,1.63,0.0966,0.0903
"['Roasted Salted Almonds', 'Roma Tomatoes']","['Organic Hass Avocados', 'Oven Roasted Turkey Breast']",Roasted Salted Almonds + Roma Tomatoes,Organic Hass Avocados + Oven Roasted Turkey Breast,Roasted Salted Almonds + Roma Tomatoes ➔ Organic Hass Avocados + Oven Roasted Turkey Breast,0.0421,0.4581,4.884,0.0335,1.672,0.0919,0.0938
"['Organic Hass Avocados', 'Oven Roasted Turkey Breast']","['Roasted Salted Almonds', 'Roma Tomatoes']",Organic Hass Avocados + Oven Roasted Turkey Breast,Roasted Salted Almonds + Roma Tomatoes,Organic Hass Avocados + Oven Roasted Turkey Breast ➔ Roasted Salted Almonds + Roma Tomatoes,0.0421,0.4488,4.884,0.0335,1.648,0.0938,0.0919
"['Extra Virgin Olive Oil', 'Oven Roasted Turkey Breast']","['Organic Hass Avocados', 'Roasted Salted Almonds']",Extra Virgin Olive Oil + Oven Roasted Turkey Breast,Organic Hass Avocados + Roasted Salted Almonds,Extra Virgin Olive Oil + Oven Roasted Turkey Breast ➔ Organic Hass Avocados + Roasted Salted Almonds,0.0427,0.4744,4.876,0.0339,1.718,0.09,0.0973
"['Organic Hass Avocados', 'Roasted Salted Almonds']","['Extra Virgin Olive Oil', 'Oven Roasted Turkey Breast']",Organic Hass Avocados + Roasted Salted Almonds,Extra Virgin Olive Oil + Oven Roasted Turkey Breast,Organic Hass Avocados + Roasted Salted Almonds ➔ Extra Virgin Olive Oil + Oven Roasted Turkey Breast,0.0427,0.4388,4.876,0.0339,1.622,0.0973,0.09
"['72% Dark Chocolate Bar', 'Penne Rigate Pasta']","['Grated Parmesan Cheese', 'Slow-Simmered Marinara']",72% Dark Chocolate Bar + Penne Rigate Pasta,Grated Parmesan Cheese + Slow-Simmered Marinara,72% Dark Chocolate Bar + Penne Rigate Pasta ➔ Grated Parmesan Cheese + Slow-Simmered Marinara,0.074,0.7668,4.875,0.0588,3.614,0.0965,0.1573
"['72% Dark Chocolate Bar', 'Grated Parmesan Cheese']","['Penne Rigate Pasta', 'Slow-Simmered Marinara']",72% Dark Chocolate Bar + Grated Parmesan Cheese,Penne Rigate Pasta + Slow-Simmered Marinara,72% Dark Chocolate Bar + Grated Parmesan Cheese ➔ Penne Rigate Pasta + Slow-Simmered Marinara,0.074,0.7551,4.875,0.0588,3.451,0.098,0.1549
"['Penne Rigate Pasta', 'Slow-Simmered Marinara']","['72% Dark Chocolate Bar', 'Grated Parmesan Cheese']",Penne Rigate Pasta + Slow-Simmered Marinara,72% Dark Chocolate Bar + Grated Parmesan Cheese,Penne Rigate Pasta + Slow-Simmered Marinara ➔ 72% Dark Chocolate Bar + Grated Parmesan Cheese,0.074,0.4777,4.875,0.0588,1.727,0.1549,0.098
"['Grated Parmesan Cheese', 'Slow-Simmered Marinara']","['72% Dark Chocolate Bar', 'Penne Rigate Pasta']",Grated Parmesan Cheese + Slow-Simmered Marinara,72% Dark Chocolate Bar + Penne Rigate Pasta,Grated Parmesan Cheese + Slow-Simmered Marinara ➔ 72% Dark Chocolate Bar + Penne Rigate Pasta,0.074,0.4704,4.875,0.0588,1.706,0.1573,0.0965
"['Oven Roasted Turkey Breast', 'Roma Tomatoes']","['Organic Baby Spinach', 'Sparkling Mineral Water']",Oven Roasted Turkey Breast + Roma Tomatoes,Organic Baby Spinach + Sparkling Mineral Water,Oven Roasted Turkey Breast + Roma Tomatoes ➔ Organic Baby Spinach + Sparkling Mineral Water,0.0427,0.4713,4.874,0.0339,1.709,0.0906,0.0967
"['Organic Baby Spinach', 'Sparkling Mineral Water']","['Oven Roasted Turkey Breast', 'Roma Tomatoes']",Organic Baby Spinach + Sparkling Mineral Water,Oven Roasted Turkey Breast + Roma Tomatoes,Organic Baby Spinach + Sparkling Mineral Water ➔ Oven Roasted Turkey Breast + Roma Tomatoes,0.0427,0.4416,4.874,0.0339,1.628,0.0967,0.0906
"['Extra Virgin Olive Oil', 'Roasted Salted Almonds']","['Organic Baby Spinach', 'Roma Tomatoes']",Extra Virgin Olive Oil + Roasted Salted Almonds,Organic Baby Spinach + Roma Tomatoes,Extra Virgin Olive Oil + Roasted Salted Almonds ➔ Organic Baby Spinach + Roma Tomatoes,0.069,0.7516,4.865,0.0548,3.404,0.0918,0.1545
"['Organic Baby Spinach', 'Roma Tomatoes']","['Extra Virgin Olive Oil', 'Roasted Salted Almonds']",Organic Baby Spinach + Roma Tomatoes,Extra Virgin Olive Oil + Roasted Salted Almonds,Organic Baby Spinach + Roma Tomatoes ➔ Extra Virgin Olive Oil + Roasted Salted Almonds,0.069,0.4466,4.865,0.0548,1.641,0.1545,0.0918
"['Oven Roasted Turkey Breast', 'Sparkling Mineral Water']","['Extra Virgin Olive Oil', 'Organic Baby Spinach']",Oven Roasted Turkey Breast + Sparkling Mineral Water,Extra Virgin Olive Oil + Organic Baby Spinach,Oven Roasted Turkey Breast + Sparkling Mineral Water ➔ Extra Virgin Olive Oil + Organic Baby Spinach,0.0427,0.7413,4.864,0.0339,3.277,0.0576,0.1524
"['Extra Virgin Olive Oil', 'Oven Roasted Turkey Breast']","['Organic Baby Spinach', 'Organic Hass Avocados']",Extra Virgin Olive Oil + Oven Roasted Turkey Breast,Organic Baby Spinach + Organic Hass Avocados,Extra Virgin Olive Oil + Oven Roasted Turkey Breast ➔ Organic Baby Spinach + Organic Hass Avocados,0.0702,0.78,4.863,0.0558,3.816,0.09,0.1604
"['Organic Baby Spinach', 'Organic Hass Avocados']","['Extra Virgin Olive Oil', 'Oven Roasted Turkey Breast']",Organic Baby Spinach + Organic Hass Avocados,Extra Virgin Olive Oil + Oven Roasted Turkey Breast,Organic Baby Spinach + Organic Hass Avocados ➔ Extra Virgin Olive Oil + Oven Roasted Turkey Breast,0.0702,0.4377,4.863,0.0558,1.618,0.1604,0.09
"['Oven Roasted Turkey Breast', 'Roasted Salted Almonds']","['Organic Baby Spinach', 'Organic Hass Avocados']",Oven Roasted Turkey Breast + Roasted Salted Almonds,Organic Baby Spinach + Organic Hass Avocados,Oven Roasted Turkey Breast + Roasted Salted Almonds ➔ Organic Baby Spinach + Organic Hass Avocados,0.0425,0.7784,4.853,0.0337,3.789,0.0546,0.1604
"['Organic Baby Spinach', 'Oven Roasted Turkey Breast']","['Organic Hass Avocados', 'Roasted Salted Almonds']",Organic Baby Spinach + Oven Roasted Turkey Breast,Organic Hass Avocados + Roasted Salted Almonds,Organic Baby Spinach + Oven Roasted Turkey Breast ➔ Organic Hass Avocados + Roasted Salted Almonds,0.0425,0.4707,4.837,0.0337,1.705,0.0903,0.0973
"['Organic Hass Avocados', 'Roasted Salted Almonds']","['Organic Baby Spinach', 'Oven Roasted Turkey Breast']",Organic Hass Avocados + Roasted Salted Almonds,Organic Baby Spinach + Oven Roasted Turkey Breast,Organic Hass Avocados + Roasted Salted Almonds ➔ Organic Baby Spinach + Oven Roasted Turkey Breast,0.0425,0.4368,4.837,0.0337,1.615,0.0973,0.0903
"['Organic Hass Avocados', 'Oven Roasted Turkey Breast']","['Organic Baby Spinach', 'Roma Tomatoes']",Organic Hass Avocados + Oven Roasted Turkey Breast,Organic Baby Spinach + Roma Tomatoes,Organic Hass Avocados + Oven Roasted Turkey Breast ➔ Organic Baby Spinach + Roma Tomatoes,0.07,0.7463,4.83,0.0555,3.332,0.0938,0.1545
"['Organic Baby Spinach', 'Roma Tomatoes']","['Organic Hass Avocados', 'Oven Roasted Turkey Breast']",Organic Baby Spinach + Roma Tomatoes,Organic Hass Avocados + Oven Roasted Turkey Breast,Organic Baby Spinach + Roma Tomatoes ➔ Organic Hass Avocados + Oven Roasted Turkey Breast,0.07,0.4531,4.83,0.0555,1.657,0.1545,0.0938
"['Extra Virgin Olive Oil', 'Roma Tomatoes']","['Organic Baby Spinach', 'Organic Hass Avocados']",Extra Virgin Olive Oil + Roma Tomatoes,Organic Baby Spinach + Organic Hass Avocados,Extra Virgin Olive Oil + Roma Tomatoes ➔ Organic Baby Spinach + Organic Hass Avocados,0.117,0.7743,4.827,0.0928,3.72,0.1511,0.1604
"['Organic Baby Spinach', 'Organic Hass Avocados']","['Extra Virgin Olive Oil', 'Roma Tomatoes']",Organic Baby Spinach + Organic Hass Avocados,Extra Virgin Olive Oil + Roma Tomatoes,Organic Baby Spinach + Organic Hass Avocados ➔ Extra Virgin Olive Oil + Roma Tomatoes,0.117,0.7294,4.827,0.0928,3.137,0.1604,0.1511
"['Organic Strawberry Jam', 'Sea Salt Kettle Chips']","['Artisanal Sourdough Bread', 'Organic Bananas']",Organic Strawberry Jam + Sea Salt Kettle Chips,Artisanal Sourdough Bread + Organic Bananas,Organic Strawberry Jam + Sea Salt Kettle Chips ➔ Artisanal Sourdough Bread + Organic Bananas,0.0354,0.4615,4.823,0.0281,1.679,0.0767,0.0957
"['Artisanal Sourdough Bread', 'Organic Bananas']","['Organic Strawberry Jam', 'Sea Salt Kettle Chips']",Artisanal Sourdough Bread + Organic Bananas,Organic Strawberry Jam + Sea Salt Kettle Chips,Artisanal Sourdough Bread + Organic Bananas ➔ Organic Strawberry Jam + Sea Salt Kettle Chips,0.0354,0.3699,4.823,0.0281,1.465,0.0957,0.0767
"['Extra Virgin Olive Oil', 'Roasted Salted Almonds']","['Organic Baby Spinach', 'Organic Hass Avocados']",Extra Virgin Olive Oil + Roasted Salted Almonds,Organic Baby Spinach + Organic Hass Avocados,Extra Virgin Olive Oil + Roasted Salted Almonds ➔ Organic Baby Spinach + Organic Hass Avocados,0.071,0.7734,4.822,0.0563,3.706,0.0918,0.1604
"['Organic Baby Spinach', 'Organic Hass Avocados']","['Extra Virgin Olive Oil', 'Roasted Salted Almonds']",Organic Baby Spinach + Organic Hass Avocados,Extra Virgin Olive Oil + Roasted Salted Almonds,Organic Baby Spinach + Organic Hass Avocados ➔ Extra Virgin Olive Oil + Roasted Salted Almonds,0.071,0.4426,4.822,0.0563,1.629,0.1604,0.0918
"['Oven Roasted Turkey Breast', 'Roma Tomatoes']","['Organic Baby Spinach', 'Organic Hass Avocados']",Oven Roasted Turkey Breast + Roma Tomatoes,Organic Baby Spinach + Organic Hass Avocados,Oven Roasted Turkey Breast + Roma Tomatoes ➔ Organic Baby Spinach + Organic Hass Avocados,0.07,0.7726,4.817,0.0555,3.693,0.0906,0.1604
"['Organic Baby Spinach', 'Organic Hass Avocados']","['Oven Roasted Turkey Breast', 'Roma Tomatoes']",Organic Baby Spinach + Organic Hass Avocados,Oven Roasted Turkey Breast + Roma Tomatoes,Organic Baby Spinach + Organic Hass Avocados ➔ Oven Roasted Turkey Breast + Roma Tomatoes,0.07,0.4364,4.817,0.0555,1.614,0.1604,0.0906
"['Organic Hass Avocados', 'Oven Roasted Turkey Breast']","['Extra Virgin Olive Oil', 'Roma Tomatoes']",Organic Hass Avocados + Oven Roasted Turkey Breast,Extra Virgin Olive Oil + Roma Tomatoes,Organic Hass Avocados + Oven Roasted Turkey Breast ➔ Extra Virgin Olive Oil + Roma Tomatoes,0.0682,0.7271,4.812,0.054,3.11,0.0938,0.1511
"['Extra Virgin Olive Oil', 'Roma Tomatoes']","['Organic Hass Avocados', 'Oven Roasted Turkey Breast']",Extra Virgin Olive Oil + Roma Tomatoes,Organic Hass Avocados + Oven Roasted Turkey Breast,Extra Virgin Olive Oil + Roma Tomatoes ➔ Organic Hass Avocados + Oven Roasted Turkey Breast,0.0682,0.4514,4.812,0.054,1.652,0.1511,0.0938
"['Roasted Salted Almonds', 'Sparkling Mineral Water']","['Extra Virgin Olive Oil', 'Organic Baby Spinach']",Roasted Salted Almonds + Sparkling Mineral Water,Extra Virgin Olive Oil + Organic Baby Spinach,Roasted Salted Almonds + Sparkling Mineral Water ➔ Extra Virgin Olive Oil + Organic Baby Spinach,0.0415,0.7332,4.811,0.0329,3.177,0.0566,0.1524
"['Roasted Salted Almonds', 'Sparkling Mineral Water']","['Extra Virgin Olive Oil', 'Organic Hass Avocados']",Roasted Salted Almonds + Sparkling Mineral Water,Extra Virgin Olive Oil + Organic Hass Avocados,Roasted Salted Almonds + Sparkling Mineral Water ➔ Extra Virgin Olive Oil + Organic Hass Avocados,0.0432,0.7633,4.809,0.0342,3.554,0.0566,0.1587
"['Oven Roasted Turkey Breast', 'Sparkling Mineral Water']","['Extra Virgin Olive Oil', 'Roma Tomatoes']",Oven Roasted Turkey Breast + Sparkling Mineral Water,Extra Virgin Olive Oil + Roma Tomatoes,Oven Roasted Turkey Breast + Sparkling Mineral Water ➔ Extra Virgin Olive Oil + Roma Tomatoes,0.0418,0.7257,4.803,0.0331,3.095,0.0576,0.1511
"['Oven Roasted Turkey Breast', 'Sparkling Mineral Water']","['Organic Baby Spinach', 'Roma Tomatoes']",Oven Roasted Turkey Breast + Sparkling Mineral Water,Organic Baby Spinach + Roma Tomatoes,Oven Roasted Turkey Breast + Sparkling Mineral Water ➔ Organic Baby Spinach + Roma Tomatoes,0.0427,0.7413,4.798,0.0338,3.269,0.0576,0.1545
"['Organic Baby Spinach', 'Sparkling Mineral Water']","['Extra Virgin Olive Oil', 'Roma Tomatoes']",Organic Baby Spinach + Sparkling Mineral Water,Extra Virgin Olive Oil + Roma Tomatoes,Organic Baby Spinach + Sparkling Mineral Water ➔ Extra Virgin Olive Oil + Roma Tomatoes,0.07,0.7239,4.791,0.0554,3.074,0.0967,0.1511
"['Extra Virgin Olive Oil', 'Roma Tomatoes']","['Organic Baby Spinach', 'Sparkling Mineral Water']",Extra Virgin Olive Oil + Roma Tomatoes,Organic Baby Spinach + Sparkling Mineral Water,Extra Virgin Olive Oil + Roma Tomatoes ➔ Organic Baby Spinach + Sparkling Mineral Water,0.07,0.4633,4.791,0.0554,1.683,0.1511,0.0967
"['Roasted Salted Almonds', 'Roma Tomatoes']","['Organic Baby Spinach', 'Organic Hass Avocados']",Roasted Salted Almonds + Roma Tomatoes,Organic Baby Spinach + Organic Hass Avocados,Roasted Salted Almonds + Roma Tomatoes ➔ Organic Baby Spinach + Organic Hass Avocados,0.0706,0.7682,4.789,0.0559,3.622,0.0919,0.1604
"['Organic Baby Spinach', 'Organic Hass Avocados']","['Roasted Salted Almonds', 'Roma Tomatoes']",Organic Baby Spinach + Organic Hass Avocados,Roasted Salted Almonds + Roma Tomatoes,Organic Baby Spinach + Organic Hass Avocados ➔ Roasted Salted Almonds + Roma Tomatoes,0.0706,0.4401,4.789,0.0559,1.622,0.1604,0.0919
"['Organic Hass Avocados', 'Roasted Salted Almonds']","['Extra Virgin Olive Oil', 'Organic Baby Spinach']",Organic Hass Avocados + Roasted Salted Almonds,Extra Virgin Olive Oil + Organic Baby Spinach,Organic Hass Avocados + Roasted Salted Almonds ➔ Extra Virgin Olive Oil + Organic Baby Spinach,0.071,0.7297,4.788,0.0562,3.136,0.0973,0.1524
"['Extra Virgin Olive Oil', 'Organic Baby Spinach']","['Organic Hass Avocados', 'Roasted Salted Almonds']",Extra Virgin Olive Oil + Organic Baby Spinach,Organic Hass Avocados + Roasted Salted Almonds,Extra Virgin Olive Oil + Organic Baby Spinach ➔ Organic Hass Avocados + Roasted Salted Almonds,0.071,0.4659,4.788,0.0562,1.69,0.1524,0.0973
"['Roasted Salted Almonds', 'Roma Tomatoes']","['Extra Virgin Olive Oil', 'Organic Hass Avocados']",Roasted Salted Almonds + Roma Tomatoes,Extra Virgin Olive Oil + Organic Hass Avocados,Roasted Salted Almonds + Roma Tomatoes ➔ Extra Virgin Olive Oil + Organic Hass Avocados,0.0698,0.7595,4.786,0.0552,3.498,0.0919,0.1587
"['Extra Virgin Olive Oil', 'Organic Hass Avocados']","['Roasted Salted Almonds', 'Roma Tomatoes']",Extra Virgin Olive Oil + Organic Hass Avocados,Roasted Salted Almonds + Roma Tomatoes,Extra Virgin Olive Oil + Organic Hass Avocados ➔ Roasted Salted Almonds + Roma Tomatoes,0.0698,0.4398,4.786,0.0552,1.621,0.1587,0.0919
"['Artisanal Sourdough Bread', 'Organic Whole Milk', 'Sea Salt Kettle Chips']",['Organic Strawberry Jam'],Artisanal Sourdough Bread + Organic Whole Milk + Sea Salt Kettle Chips,Organic Strawberry Jam,Artisanal Sourdough Bread + Organic Whole Milk + Sea Salt Kettle Chips ➔ Organic Strawberry Jam,0.0366,0.7787,4.777,0.0289,3.783,0.047,0.163
"['Oven Roasted Turkey Breast', 'Roma Tomatoes']","['Organic Hass Avocados', 'Roasted Salted Almonds']",Oven Roasted Turkey Breast + Roma Tomatoes,Organic Hass Avocados + Roasted Salted Almonds,Oven Roasted Turkey Breast + Roma Tomatoes ➔ Organic Hass Avocados + Roasted Salted Almonds,0.0421,0.4647,4.776,0.0333,1.686,0.0906,0.0973
"['Oven Roasted Turkey Breast', 'Roma Tomatoes']","['Extra Virgin Olive Oil', 'Sparkling Mineral Water']",Oven Roasted Turkey Breast + Roma Tomatoes,Extra Virgin Olive Oil + Sparkling Mineral Water,Oven Roasted Turkey Breast + Roma Tomatoes ➔ Extra Virgin Olive Oil + Sparkling Mineral Water,0.0418,0.4614,4.776,0.033,1.677,0.0906,0.0966
"['Extra Virgin Olive Oil', 'Sparkling Mineral Water']","['Oven Roasted Turkey Breast', 'Roma Tomatoes']",Extra Virgin Olive Oil + Sparkling Mineral Water,Oven Roasted Turkey Breast + Roma Tomatoes,Extra Virgin Olive Oil + Sparkling Mineral Water ➔ Oven Roasted Turkey Breast + Roma Tomatoes,0.0418,0.4327,4.776,0.033,1.603,0.0966,0.0906
"['Organic Hass Avocados', 'Roasted Salted Almonds']","['Oven Roasted Turkey Breast', 'Roma Tomatoes']",Organic Hass Avocados + Roasted Salted Almonds,Oven Roasted Turkey Breast + Roma Tomatoes,Organic Hass Avocados + Roasted Salted Almonds ➔ Oven Roasted Turkey Breast + Roma Tomatoes,0.0421,0.4327,4.776,0.0333,1.603,0.0973,0.0906
"['Organic Baby Spinach', 'Roma Tomatoes']","['Extra Virgin Olive Oil', 'Organic Hass Avocados']",Organic Baby Spinach + Roma Tomatoes,Extra Virgin Olive Oil + Organic Hass Avocados,Organic Baby Spinach + Roma Tomatoes ➔ Extra Virgin Olive Oil + Organic Hass Avocados,0.117,0.7573,4.772,0.0925,3.466,0.1545,0.1587
"['Extra Virgin Olive Oil', 'Organic Hass Avocados']","['Organic Baby Spinach', 'Roma Tomatoes']",Extra Virgin Olive Oil + Organic Hass Avocados,Organic Baby Spinach + Roma Tomatoes,Extra Virgin Olive Oil + Organic Hass Avocados ➔ Organic Baby Spinach + Roma Tomatoes,0.117,0.7372,4.772,0.0925,3.218,0.1587,0.1545
"['Organic Hass Avocados', 'Roasted Salted Almonds']","['Extra Virgin Olive Oil', 'Roma Tomatoes']",Organic Hass Avocados + Roasted Salted Almonds,Extra Virgin Olive Oil + Roma Tomatoes,Organic Hass Avocados + Roasted Salted Almonds ➔ Extra Virgin Olive Oil + Roma Tomatoes,0.0698,0.7174,4.748,0.0551,3.004,0.0973,0.1511
"['Extra Virgin Olive Oil', 'Roma Tomatoes']","['Organic Hass Avocados', 'Roasted Salted Almonds']",Extra Virgin Olive Oil + Roma Tomatoes,Organic Hass Avocados + Roasted Salted Almonds,Extra Virgin Olive Oil + Roma Tomatoes ➔ Organic Hass Avocados + Roasted Salted Almonds,0.0698,0.4619,4.748,0.0551,1.678,0.1511,0.0973
"['Artisanal Sourdough Bread', 'Organic Whole Milk', 'Sea Salt Kettle Chips']",['Creamy Peanut Butter'],Artisanal Sourdough Bread + Organic Whole Milk + Sea Salt Kettle Chips,Creamy Peanut Butter,Artisanal Sourdough Bread + Organic Whole Milk + Sea Salt Kettle Chips ➔ Creamy Peanut Butter,0.0371,0.7894,4.747,0.0293,3.958,0.047,0.1663
"['Roasted Salted Almonds', 'Sparkling Mineral Water']","['Organic Baby Spinach', 'Organic Hass Avocados']",Roasted Salted Almonds + Sparkling Mineral Water,Organic Baby Spinach + Organic Hass Avocados,Roasted Salted Almonds + Sparkling Mineral Water ➔ Organic Baby Spinach + Organic Hass Avocados,0.0431,0.7615,4.747,0.034,3.52,0.0566,0.1604
"['Roasted Salted Almonds', 'Sparkling Mineral Water']","['Extra Virgin Olive Oil', 'Roma Tomatoes']",Roasted Salted Almonds + Sparkling Mineral Water,Extra Virgin Olive Oil + Roma Tomatoes,Roasted Salted Almonds + Sparkling Mineral Water ➔ Extra Virgin Olive Oil + Roma Tomatoes,0.0406,0.7173,4.747,0.032,3.003,0.0566,0.1511
"['Oven Roasted Turkey Breast', 'Roma Tomatoes']","['Extra Virgin Olive Oil', 'Organic Hass Avocados']",Oven Roasted Turkey Breast + Roma Tomatoes,Extra Virgin Olive Oil + Organic Hass Avocados,Oven Roasted Turkey Breast + Roma Tomatoes ➔ Extra Virgin Olive Oil + Organic Hass Avocados,0.0682,0.7528,4.743,0.0538,3.403,0.0906,0.1587
"['Extra Virgin Olive Oil', 'Organic Hass Avocados']","['Oven Roasted Turkey Breast', 'Roma Tomatoes']",Extra Virgin Olive Oil + Organic Hass Avocados,Oven Roasted Turkey Breast + Roma Tomatoes,Extra Virgin Olive Oil + Organic Hass Avocados ➔ Oven Roasted Turkey Breast + Roma Tomatoes,0.0682,0.4297,4.743,0.0538,1.595,0.1587,0.0906
"['Creamy Peanut Butter', 'Organic Whole Milk']","['Artisanal Sourdough Bread', 'Organic Bananas']",Creamy Peanut Butter + Organic Whole Milk,Artisanal Sourdough Bread + Organic Bananas,Creamy Peanut Butter + Organic Whole Milk ➔ Artisanal Sourdough Bread + Organic Bananas,0.0397,0.4532,4.736,0.0313,1.654,0.0876,0.0957
"['Artisanal Sourdough Bread', 'Organic Bananas']","['Creamy Peanut Butter', 'Organic Whole Milk']",Artisanal Sourdough Bread + Organic Bananas,Creamy Peanut Butter + Organic Whole Milk,Artisanal Sourdough Bread + Organic Bananas ➔ Creamy Peanut Butter + Organic Whole Milk,0.0397,0.4148,4.736,0.0313,1.559,0.0957,0.0876
"['Organic Baby Spinach', 'Roasted Salted Almonds']","['Extra Virgin Olive Oil', 'Sparkling Mineral Water']",Organic Baby Spinach + Roasted Salted Almonds,Extra Virgin Olive Oil + Sparkling Mineral Water,Organic Baby Spinach + Roasted Salted Almonds ➔ Extra Virgin Olive Oil + Sparkling Mineral Water,0.0415,0.457,4.731,0.0327,1.664,0.0908,0.0966
"['Extra Virgin Olive Oil', 'Sparkling Mineral Water']","['Organic Baby Spinach', 'Roasted Salted Almonds']",Extra Virgin Olive Oil + Sparkling Mineral Water,Organic Baby Spinach + Roasted Salted Almonds,Extra Virgin Olive Oil + Sparkling Mineral Water ➔ Organic Baby Spinach + Roasted Salted Almonds,0.0415,0.4296,4.731,0.0327,1.594,0.0966,0.0908
"['Organic Strawberry Jam', 'Organic Whole Milk']","['Artisanal Sourdough Bread', 'Organic Bananas']",Organic Strawberry Jam + Organic Whole Milk,Artisanal Sourdough Bread + Organic Bananas,Organic Strawberry Jam + Organic Whole Milk ➔ Artisanal Sourdough Bread + Organic Bananas,0.0387,0.4521,4.724,0.0305,1.65,0.0856,0.0957
"['Artisanal Sourdough Bread', 'Organic Bananas']","['Organic Strawberry Jam', 'Organic Whole Milk']",Artisanal Sourdough Bread + Organic Bananas,Organic Strawberry Jam + Organic Whole Milk,Artisanal Sourdough Bread + Organic Bananas ➔ Organic Strawberry Jam + Organic Whole Milk,0.0387,0.4044,4.724,0.0305,1.535,0.0957,0.0856
"['Organic Baby Spinach', 'Sparkling Mineral Water']","['Extra Virgin Olive Oil', 'Organic Hass Avocados']",Organic Baby Spinach + Sparkling Mineral Water,Extra Virgin Olive Oil + Organic Hass Avocados,Organic Baby Spinach + Sparkling Mineral Water ➔ Extra Virgin Olive Oil + Organic Hass Avocados,0.0724,0.7487,4.718,0.0571,3.348,0.0967,0.1587
"['Extra Virgin Olive Oil', 'Organic Hass Avocados']","['Organic Baby Spinach', 'Sparkling Mineral Water']",Extra Virgin Olive Oil + Organic Hass Avocados,Organic Baby Spinach + Sparkling Mineral Water,Extra Virgin Olive Oil + Organic Hass Avocados ➔ Organic Baby Spinach + Sparkling Mineral Water,0.0724,0.4562,4.718,0.0571,1.661,0.1587,0.0967
"['Extra Virgin Olive Oil', 'Slow-Simmered Marinara']","['Grated Parmesan Cheese', 'Penne Rigate Pasta']",Extra Virgin Olive Oil + Slow-Simmered Marinara,Grated Parmesan Cheese + Penne Rigate Pasta,Extra Virgin Olive Oil + Slow-Simmered Marinara ➔ Grated Parmesan Cheese + Penne Rigate Pasta,0.0735,0.7409,4.713,0.0579,3.253,0.0992,0.1572
"['Grated Parmesan Cheese', 'Penne Rigate Pasta']","['Extra Virgin Olive Oil', 'Slow-Simmered Marinara']",Grated Parmesan Cheese + Penne Rigate Pasta,Extra Virgin Olive Oil + Slow-Simmered Marinara,Grated Parmesan Cheese + Penne Rigate Pasta ➔ Extra Virgin Olive Oil + Slow-Simmered Marinara,0.0735,0.4676,4.713,0.0579,1.692,0.1572,0.0992
"['Organic Hass Avocados', 'Oven Roasted Turkey Breast']","['Organic Baby Spinach', 'Sparkling Mineral Water']",Organic Hass Avocados + Oven Roasted Turkey Breast,Organic Baby Spinach + Sparkling Mineral Water,Organic Hass Avocados + Oven Roasted Turkey Breast ➔ Organic Baby Spinach + Sparkling Mineral Water,0.0427,0.4552,4.708,0.0336,1.658,0.0938,0.0967
"['Organic Baby Spinach', 'Sparkling Mineral Water']","['Organic Hass Avocados', 'Oven Roasted Turkey Breast']",Organic Baby Spinach + Sparkling Mineral Water,Organic Hass Avocados + Oven Roasted Turkey Breast,Organic Baby Spinach + Sparkling Mineral Water ➔ Organic Hass Avocados + Oven Roasted Turkey Breast,0.0427,0.4416,4.708,0.0336,1.623,0.0967,0.0938
"['Artisanal Sourdough Bread', 'Sea Salt Kettle Chips']",['Organic Strawberry Jam'],Artisanal Sourdough Bread + Sea Salt Kettle Chips,Organic Strawberry Jam,Artisanal Sourdough Bread + Sea Salt Kettle Chips ➔ Organic Strawberry Jam,0.0659,0.7672,4.707,0.0519,3.595,0.0859,0.163
['Organic Strawberry Jam'],"['Artisanal Sourdough Bread', 'Sea Salt Kettle Chips']",Organic Strawberry Jam,Artisanal Sourdough Bread + Sea Salt Kettle Chips,Organic Strawberry Jam ➔ Artisanal Sourdough Bread + Sea Salt Kettle Chips,0.0659,0.4043,4.707,0.0519,1.534,0.163,0.0859
"['Organic Bananas', 'Organic Whole Milk']","['Creamy Peanut Butter', 'Organic Strawberry Jam']",Organic Bananas + Organic Whole Milk,Creamy Peanut Butter + Organic Strawberry Jam,Organic Bananas + Organic Whole Milk ➔ Creamy Peanut Butter + Organic Strawberry Jam,0.0399,0.5808,4.703,0.0314,2.091,0.0687,0.1235
"['Organic Hass Avocados', 'Oven Roasted Turkey Breast']","['Extra Virgin Olive Oil', 'Sparkling Mineral Water']",Organic Hass Avocados + Oven Roasted Turkey Breast,Extra Virgin Olive Oil + Sparkling Mineral Water,Organic Hass Avocados + Oven Roasted Turkey Breast ➔ Extra Virgin Olive Oil + Sparkling Mineral Water,0.0426,0.4542,4.701,0.0335,1.655,0.0938,0.0966
"['Extra Virgin Olive Oil', 'Sparkling Mineral Water']","['Organic Hass Avocados', 'Oven Roasted Turkey Breast']",Extra Virgin Olive Oil + Sparkling Mineral Water,Organic Hass Avocados + Oven Roasted Turkey Breast,Extra Virgin Olive Oil + Sparkling Mineral Water ➔ Organic Hass Avocados + Oven Roasted Turkey Breast,0.0426,0.441,4.701,0.0335,1.621,0.0966,0.0938
"['Organic Hass Avocados', 'Roasted Salted Almonds']","['Organic Baby Spinach', 'Roma Tomatoes']",Organic Hass Avocados + Roasted Salted Almonds,Organic Baby Spinach + Roma Tomatoes,Organic Hass Avocados + Roasted Salted Almonds ➔ Organic Baby Spinach + Roma Tomatoes,0.0706,0.7256,4.696,0.0556,3.081,0.0973,0.1545
"['Organic Baby Spinach', 'Roma Tomatoes']","['Organic Hass Avocados', 'Roasted Salted Almonds']",Organic Baby Spinach + Roma Tomatoes,Organic Hass Avocados + Roasted Salted Almonds,Organic Baby Spinach + Roma Tomatoes ➔ Organic Hass Avocados + Roasted Salted Almonds,0.0706,0.457,4.696,0.0556,1.662,0.1545,0.0973
"['Extra Virgin Olive Oil', 'Sparkling Mineral Water']","['Organic Baby Spinach', 'Roma Tomatoes']",Extra Virgin Olive Oil + Sparkling Mineral Water,Organic Baby Spinach + Roma Tomatoes,Extra Virgin Olive Oil + Sparkling Mineral Water ➔ Organic Baby Spinach + Roma Tomatoes,0.07,0.7246,4.69,0.0551,3.071,0.0966,0.1545
"['Organic Baby Spinach', 'Roma Tomatoes']","['Extra Virgin Olive Oil', 'Sparkling Mineral Water']",Organic Baby Spinach + Roma Tomatoes,Extra Virgin Olive Oil + Sparkling Mineral Water,Organic Baby Spinach + Roma Tomatoes ➔ Extra Virgin Olive Oil + Sparkling Mineral Water,0.07,0.4531,4.69,0.0551,1.652,0.1545,0.0966
"['Roasted Salted Almonds', 'Sparkling Mineral Water']","['Organic Baby Spinach', 'Roma Tomatoes']",Roasted Salted Almonds + Sparkling Mineral Water,Organic Baby Spinach + Roma Tomatoes,Roasted Salted Almonds + Sparkling Mineral Water ➔ Organic Baby Spinach + Roma Tomatoes,0.041,0.7244,4.689,0.0323,3.068,0.0566,0.1545
"['72% Dark Chocolate Bar', 'Penne Rigate Pasta']","['Artisanal Sourdough Bread', 'Grated Parmesan Cheese']",72% Dark Chocolate Bar + Penne Rigate Pasta,Artisanal Sourdough Bread + Grated Parmesan Cheese,72% Dark Chocolate Bar + Penne Rigate Pasta ➔ Artisanal Sourdough Bread + Grated Parmesan Cheese,0.0471,0.4881,4.68,0.037,1.75,0.0965,0.1043
"['Artisanal Sourdough Bread', 'Grated Parmesan Cheese']","['72% Dark Chocolate Bar', 'Penne Rigate Pasta']",Artisanal Sourdough Bread + Grated Parmesan Cheese,72% Dark Chocolate Bar + Penne Rigate Pasta,Artisanal Sourdough Bread + Grated Parmesan Cheese ➔ 72% Dark Chocolate Bar + Penne Rigate Pasta,0.0471,0.4516,4.68,0.037,1.647,0.1043,0.0965
"['Extra Virgin Olive Oil', 'Roasted Salted Almonds']","['Organic Baby Spinach', 'Sparkling Mineral Water']",Extra Virgin Olive Oil + Roasted Salted Almonds,Organic Baby Spinach + Sparkling Mineral Water,Extra Virgin Olive Oil + Roasted Salted Almonds ➔ Organic Baby Spinach + Sparkling Mineral Water,0.0415,0.4521,4.675,0.0326,1.649,0.0918,0.0967
"['Organic Baby Spinach', 'Sparkling Mineral Water']","['Extra Virgin Olive Oil', 'Roasted Salted Almonds']",Organic Baby Spinach + Sparkling Mineral Water,Extra Virgin Olive Oil + Roasted Salted Almonds,Organic Baby Spinach + Sparkling Mineral Water ➔ Extra Virgin Olive Oil + Roasted Salted Almonds,0.0415,0.4292,4.675,0.0326,1.591,0.0967,0.0918
"['Extra Virgin Olive Oil', 'Sparkling Mineral Water']","['Organic Baby Spinach', 'Organic Hass Avocados']",Extra Virgin Olive Oil + Sparkling Mineral Water,Organic Baby Spinach + Organic Hass Avocados,Extra Virgin Olive Oil + Sparkling Mineral Water ➔ Organic Baby Spinach + Organic Hass Avocados,0.0724,0.7495,4.673,0.0569,3.351,0.0966,0.1604
"['Organic Baby Spinach', 'Organic Hass Avocados']","['Extra Virgin Olive Oil', 'Sparkling Mineral Water']",Organic Baby Spinach + Organic Hass Avocados,Extra Virgin Olive Oil + Sparkling Mineral Water,Organic Baby Spinach + Organic Hass Avocados ➔ Extra Virgin Olive Oil + Sparkling Mineral Water,0.0724,0.4514,4.673,0.0569,1.647,0.1604,0.0966
"['Oven Roasted Turkey Breast', 'Sparkling Mineral Water']","['Extra Virgin Olive Oil', 'Organic Hass Avocados']",Oven Roasted Turkey Breast + Sparkling Mineral Water,Extra Virgin Olive Oil + Organic Hass Avocados,Oven Roasted Turkey Breast + Sparkling Mineral Water ➔ Extra Virgin Olive Oil + Organic Hass Avocados,0.0426,0.7396,4.66,0.0335,3.231,0.0576,0.1587
"['72% Dark Chocolate Bar', 'Slow-Simmered Marinara']","['Artisanal Sourdough Bread', 'Grated Parmesan Cheese']",72% Dark Chocolate Bar + Slow-Simmered Marinara,Artisanal Sourdough Bread + Grated Parmesan Cheese,72% Dark Chocolate Bar + Slow-Simmered Marinara ➔ Artisanal Sourdough Bread + Grated Parmesan Cheese,0.0463,0.4838,4.639,0.0363,1.735,0.0957,0.1043
"['Artisanal Sourdough Bread', 'Grated Parmesan Cheese']","['72% Dark Chocolate Bar', 'Slow-Simmered Marinara']",Artisanal Sourdough Bread + Grated Parmesan Cheese,72% Dark Chocolate Bar + Slow-Simmered Marinara,Artisanal Sourdough Bread + Grated Parmesan Cheese ➔ 72% Dark Chocolate Bar + Slow-Simmered Marinara,0.0463,0.4439,4.639,0.0363,1.626,0.1043,0.0957
"['Extra Virgin Olive Oil', 'Penne Rigate Pasta']","['Grated Parmesan Cheese', 'Slow-Simmered Marinara']",Extra Virgin Olive Oil + Penne Rigate Pasta,Grated Parmesan Cheese + Slow-Simmered Marinara,Extra Virgin Olive Oil + Penne Rigate Pasta ➔ Grated Parmesan Cheese + Slow-Simmered Marinara,0.0735,0.7284,4.631,0.0576,3.103,0.1009,0.1573
"['Grated Parmesan Cheese', 'Slow-Simmered Marinara']","['Extra Virgin Olive Oil', 'Penne Rigate Pasta']",Grated Parmesan Cheese + Slow-Simmered Marinara,Extra Virgin Olive Oil + Penne Rigate Pasta,Grated Parmesan Cheese + Slow-Simmered Marinara ➔ Extra Virgin Olive Oil + Penne Rigate Pasta,0.0735,0.4673,4.631,0.0576,1.688,0.1573,0.1009
"['Extra Virgin Olive Oil', 'Grated Parmesan Cheese']","['Penne Rigate Pasta', 'Slow-Simmered Marinara']",Extra Virgin Olive Oil + Grated Parmesan Cheese,Penne Rigate Pasta + Slow-Simmered Marinara,Extra Virgin Olive Oil + Grated Parmesan Cheese ➔ Penne Rigate Pasta + Slow-Simmered Marinara,0.0735,0.7171,4.629,0.0576,2.987,0.1025,0.1549
"['Penne Rigate Pasta', 'Slow-Simmered Marinara']","['Extra Virgin Olive Oil', 'Grated Parmesan Cheese']",Penne Rigate Pasta + Slow-Simmered Marinara,Extra Virgin Olive Oil + Grated Parmesan Cheese,Penne Rigate Pasta + Slow-Simmered Marinara ➔ Extra Virgin Olive Oil + Grated Parmesan Cheese,0.0735,0.4745,4.629,0.0576,1.708,0.1549,0.1025
"['Artisanal Sourdough Bread', 'Sea Salt Kettle Chips']",['Creamy Peanut Butter'],Artisanal Sourdough Bread + Sea Salt Kettle Chips,Creamy Peanut Butter,Artisanal Sourdough Bread + Sea Salt Kettle Chips ➔ Creamy Peanut Butter,0.0661,0.7695,4.627,0.0518,3.617,0.0859,0.1663
['Creamy Peanut Butter'],"['Artisanal Sourdough Bread', 'Sea Salt Kettle Chips']",Creamy Peanut Butter,Artisanal Sourdough Bread + Sea Salt Kettle Chips,Creamy Peanut Butter ➔ Artisanal Sourdough Bread + Sea Salt Kettle Chips,0.0661,0.3975,4.627,0.0518,1.517,0.1663,0.0859
"['Oven Roasted Turkey Breast', 'Sparkling Mineral Water']","['Organic Baby Spinach', 'Organic Hass Avocados']",Oven Roasted Turkey Breast + Sparkling Mineral Water,Organic Baby Spinach + Organic Hass Avocados,Oven Roasted Turkey Breast + Sparkling Mineral Water ➔ Organic Baby Spinach + Organic Hass Avocados,0.0427,0.7413,4.622,0.0335,3.246,0.0576,0.1604
"['Roasted Salted Almonds', 'Roma Tomatoes']","['Organic Baby Spinach', 'Sparkling Mineral Water']",Roasted Salted Almonds + Roma Tomatoes,Organic Baby Spinach + Sparkling Mineral Water,Roasted Salted Almonds + Roma Tomatoes ➔ Organic Baby Spinach + Sparkling Mineral Water,0.041,0.4461,4.614,0.0321,1.631,0.0919,0.0967
"['Organic Baby Spinach', 'Sparkling Mineral Water']","['Roasted Salted Almonds', 'Roma Tomatoes']",Organic Baby Spinach + Sparkling Mineral Water,Roasted Salted Almonds + Roma Tomatoes,Organic Baby Spinach + Sparkling Mineral Water ➔ Roasted Salted Almonds + Roma Tomatoes,0.041,0.424,4.614,0.0321,1.577,0.0967,0.0919
"['Creamy Peanut Butter', 'Organic Strawberry Jam', 'Organic Whole Milk']",['Sea Salt Kettle Chips'],Creamy Peanut Butter + Organic Strawberry Jam + Organic Whole Milk,Sea Salt Kettle Chips,Creamy Peanut Butter + Organic Strawberry Jam + Organic Whole Milk ➔ Sea Salt Kettle Chips,0.0378,0.5385,4.598,0.0296,1.913,0.0702,0.1171
"['Extra Virgin Olive Oil', 'Sparkling Mineral Water']","['Organic Hass Avocados', 'Roasted Salted Almonds']",Extra Virgin Olive Oil + Sparkling Mineral Water,Organic Hass Avocados + Roasted Salted Almonds,Extra Virgin Olive Oil + Sparkling Mineral Water ➔ Organic Hass Avocados + Roasted Salted Almonds,0.0432,0.4472,4.596,0.0338,1.633,0.0966,0.0973
"['Organic Hass Avocados', 'Roasted Salted Almonds']","['Extra Virgin Olive Oil', 'Sparkling Mineral Water']",Organic Hass Avocados + Roasted Salted Almonds,Extra Virgin Olive Oil + Sparkling Mineral Water,Organic Hass Avocados + Roasted Salted Almonds ➔ Extra Virgin Olive Oil + Sparkling Mineral Water,0.0432,0.444,4.596,0.0338,1.625,0.0973,0.0966
['Sea Salt Kettle Chips'],"['Creamy Peanut Butter', 'Organic Strawberry Jam']",Sea Salt Kettle Chips,Creamy Peanut Butter + Organic Strawberry Jam,Sea Salt Kettle Chips ➔ Creamy Peanut Butter + Organic Strawberry Jam,0.0664,0.567,4.591,0.0519,2.024,0.1171,0.1235
"['Creamy Peanut Butter', 'Organic Strawberry Jam']",['Sea Salt Kettle Chips'],Creamy Peanut Butter + Organic Strawberry Jam,Sea Salt Kettle Chips,Creamy Peanut Butter + Organic Strawberry Jam ➔ Sea Salt Kettle Chips,0.0664,0.5377,4.591,0.0519,1.91,0.1235,0.1171
"['Organic Whole Milk', 'Sea Salt Kettle Chips']",['Organic Strawberry Jam'],Organic Whole Milk + Sea Salt Kettle Chips,Organic Strawberry Jam,Organic Whole Milk + Sea Salt Kettle Chips ➔ Organic Strawberry Jam,0.0428,0.7469,4.582,0.0335,3.308,0.0573,0.163
"['Organic Baby Spinach', 'Sparkling Mineral Water']","['Organic Hass Avocados', 'Roasted Salted Almonds']",Organic Baby Spinach + Sparkling Mineral Water,Organic Hass Avocados + Roasted Salted Almonds,Organic Baby Spinach + Sparkling Mineral Water ➔ Organic Hass Avocados + Roasted Salted Almonds,0.0431,0.4457,4.581,0.0337,1.629,0.0967,0.0973
"['Organic Hass Avocados', 'Roasted Salted Almonds']","['Organic Baby Spinach', 'Sparkling Mineral Water']",Organic Hass Avocados + Roasted Salted Almonds,Organic Baby Spinach + Sparkling Mineral Water,Organic Hass Avocados + Roasted Salted Almonds ➔ Organic Baby Spinach + Sparkling Mineral Water,0.0431,0.443,4.581,0.0337,1.622,0.0973,0.0967
"['Artisanal Sourdough Bread', 'Creamy Peanut Butter', 'Organic Strawberry Jam']",['Sea Salt Kettle Chips'],Artisanal Sourdough Bread + Creamy Peanut Butter + Organic Strawberry Jam,Sea Salt Kettle Chips,Artisanal Sourdough Bread + Creamy Peanut Butter + Organic Strawberry Jam ➔ Sea Salt Kettle Chips,0.0577,0.5357,4.575,0.0451,1.902,0.1077,0.1171
['Sea Salt Kettle Chips'],"['Artisanal Sourdough Bread', 'Creamy Peanut Butter', 'Organic Strawberry Jam']",Sea Salt Kettle Chips,Artisanal Sourdough Bread + Creamy Peanut Butter + Organic Strawberry Jam,Sea Salt Kettle Chips ➔ Artisanal Sourdough Bread + Creamy Peanut Butter + Organic Strawberry Jam,0.0577,0.4927,4.575,0.0451,1.759,0.1171,0.1077
"['Roasted Salted Almonds', 'Roma Tomatoes']","['Extra Virgin Olive Oil', 'Sparkling Mineral Water']",Roasted Salted Almonds + Roma Tomatoes,Extra Virgin Olive Oil + Sparkling Mineral Water,Roasted Salted Almonds + Roma Tomatoes ➔ Extra Virgin Olive Oil + Sparkling Mineral Water,0.0406,0.4418,4.573,0.0317,1.618,0.0919,0.0966
"['Extra Virgin Olive Oil', 'Sparkling Mineral Water']","['Roasted Salted Almonds', 'Roma Tomatoes']",Extra Virgin Olive Oil + Sparkling Mineral Water,Roasted Salted Almonds + Roma Tomatoes,Extra Virgin Olive Oil + Sparkling Mineral Water ➔ Roasted Salted Almonds + Roma Tomatoes,0.0406,0.4203,4.573,0.0317,1.566,0.0966,0.0919
"['Mild Chunky Salsa', 'Organic Tortilla Chips']","['Fresh Limes', 'Fresh Organic Cilantro']",Mild Chunky Salsa + Organic Tortilla Chips,Fresh Limes + Fresh Organic Cilantro,Mild Chunky Salsa + Organic Tortilla Chips ➔ Fresh Limes + Fresh Organic Cilantro,0.0791,0.795,4.571,0.0618,4.029,0.0995,0.1739
"['72% Dark Chocolate Bar', 'Grated Parmesan Cheese']","['Extra Virgin Olive Oil', 'Penne Rigate Pasta']",72% Dark Chocolate Bar + Grated Parmesan Cheese,Extra Virgin Olive Oil + Penne Rigate Pasta,72% Dark Chocolate Bar + Grated Parmesan Cheese ➔ Extra Virgin Olive Oil + Penne Rigate Pasta,0.0452,0.4612,4.571,0.0353,1.669,0.098,0.1009
"['Fresh Limes', 'Fresh Organic Cilantro']","['Mild Chunky Salsa', 'Organic Tortilla Chips']",Fresh Limes + Fresh Organic Cilantro,Mild Chunky Salsa + Organic Tortilla Chips,Fresh Limes + Fresh Organic Cilantro ➔ Mild Chunky Salsa + Organic Tortilla Chips,0.0791,0.4549,4.571,0.0618,1.652,0.1739,0.0995
"['Extra Virgin Olive Oil', 'Penne Rigate Pasta']","['72% Dark Chocolate Bar', 'Grated Parmesan Cheese']",Extra Virgin Olive Oil + Penne Rigate Pasta,72% Dark Chocolate Bar + Grated Parmesan Cheese,Extra Virgin Olive Oil + Penne Rigate Pasta ➔ 72% Dark Chocolate Bar + Grated Parmesan Cheese,0.0452,0.448,4.571,0.0353,1.634,0.1009,0.098
"['72% Dark Chocolate Bar', 'Penne Rigate Pasta']","['Extra Virgin Olive Oil', 'Grated Parmesan Cheese']",72% Dark Chocolate Bar + Penne Rigate Pasta,Extra Virgin Olive Oil + Grated Parmesan Cheese,72% Dark Chocolate Bar + Penne Rigate Pasta ➔ Extra Virgin Olive Oil + Grated Parmesan Cheese,0.0452,0.4684,4.57,0.0353,1.688,0.0965,0.1025
"['Extra Virgin Olive Oil', 'Grated Parmesan Cheese']","['72% Dark Chocolate Bar', 'Penne Rigate Pasta']",Extra Virgin Olive Oil + Grated Parmesan Cheese,72% Dark Chocolate Bar + Penne Rigate Pasta,Extra Virgin Olive Oil + Grated Parmesan Cheese ➔ 72% Dark Chocolate Bar + Penne Rigate Pasta,0.0452,0.441,4.57,0.0353,1.616,0.1025,0.0965
"['72% Dark Chocolate Bar', 'Grated Parmesan Cheese']","['Artisanal Sourdough Bread', 'Slow-Simmered Marinara']",72% Dark Chocolate Bar + Grated Parmesan Cheese,Artisanal Sourdough Bread + Slow-Simmered Marinara,72% Dark Chocolate Bar + Grated Parmesan Cheese ➔ Artisanal Sourdough Bread + Slow-Simmered Marinara,0.0463,0.4724,4.569,0.0362,1.7,0.098,0.1034
"['Artisanal Sourdough Bread', 'Slow-Simmered Marinara']","['72% Dark Chocolate Bar', 'Grated Parmesan Cheese']",Artisanal Sourdough Bread + Slow-Simmered Marinara,72% Dark Chocolate Bar + Grated Parmesan Cheese,Artisanal Sourdough Bread + Slow-Simmered Marinara ➔ 72% Dark Chocolate Bar + Grated Parmesan Cheese,0.0463,0.4478,4.569,0.0362,1.633,0.1034,0.098
"['Fresh Limes', 'Mild Chunky Salsa']","['Fresh Organic Cilantro', 'Organic Hass Avocados']",Fresh Limes + Mild Chunky Salsa,Fresh Organic Cilantro + Organic Hass Avocados,Fresh Limes + Mild Chunky Salsa ➔ Fresh Organic Cilantro + Organic Hass Avocados,0.0801,0.7931,4.563,0.0625,3.993,0.101,0.1738
"['Fresh Organic Cilantro', 'Organic Hass Avocados']","['Fresh Limes', 'Mild Chunky Salsa']",Fresh Organic Cilantro + Organic Hass Avocados,Fresh Limes + Mild Chunky Salsa,Fresh Organic Cilantro + Organic Hass Avocados ➔ Fresh Limes + Mild Chunky Salsa,0.0801,0.4609,4.563,0.0625,1.668,0.1738,0.101
['Organic Strawberry Jam'],['Creamy Peanut Butter'],Organic Strawberry Jam,Creamy Peanut Butter,Organic Strawberry Jam ➔ Creamy Peanut Butter,0.1235,0.7577,4.556,0.0964,3.44,0.163,0.1663
['Creamy Peanut Butter'],['Organic Strawberry Jam'],Creamy Peanut Butter,Organic Strawberry Jam,Creamy Peanut Butter ➔ Organic Strawberry Jam,0.1235,0.7426,4.556,0.0964,3.252,0.1663,0.163
"['Artisanal Sourdough Bread', 'Grated Parmesan Cheese']","['Penne Rigate Pasta', 'Slow-Simmered Marinara']",Artisanal Sourdough Bread + Grated Parmesan Cheese,Penne Rigate Pasta + Slow-Simmered Marinara,Artisanal Sourdough Bread + Grated Parmesan Cheese ➔ Penne Rigate Pasta + Slow-Simmered Marinara,0.0736,0.7057,4.556,0.0574,2.871,0.1043,0.1549
"['Penne Rigate Pasta', 'Slow-Simmered Marinara']","['Artisanal Sourdough Bread', 'Grated Parmesan Cheese']",Penne Rigate Pasta + Slow-Simmered Marinara,Artisanal Sourdough Bread + Grated Parmesan Cheese,Penne Rigate Pasta + Slow-Simmered Marinara ➔ Artisanal Sourdough Bread + Grated Parmesan Cheese,0.0736,0.4751,4.556,0.0574,1.707,0.1549,0.1043
"['72% Dark Chocolate Bar', 'Grated Parmesan Cheese']","['Extra Virgin Olive Oil', 'Slow-Simmered Marinara']",72% Dark Chocolate Bar + Grated Parmesan Cheese,Extra Virgin Olive Oil + Slow-Simmered Marinara,72% Dark Chocolate Bar + Grated Parmesan Cheese ➔ Extra Virgin Olive Oil + Slow-Simmered Marinara,0.0442,0.451,4.547,0.0345,1.641,0.098,0.0992
"['Extra Virgin Olive Oil', 'Slow-Simmered Marinara']","['72% Dark Chocolate Bar', 'Grated Parmesan Cheese']",Extra Virgin Olive Oil + Slow-Simmered Marinara,72% Dark Chocolate Bar + Grated Parmesan Cheese,Extra Virgin Olive Oil + Slow-Simmered Marinara ➔ 72% Dark Chocolate Bar + Grated Parmesan Cheese,0.0442,0.4456,4.547,0.0345,1.627,0.0992,0.098
"['Fresh Organic Cilantro', 'Mild Chunky Salsa']","['Fresh Limes', 'Organic Tortilla Chips']",Fresh Organic Cilantro + Mild Chunky Salsa,Fresh Limes + Organic Tortilla Chips,Fresh Organic Cilantro + Mild Chunky Salsa ➔ Fresh Limes + Organic Tortilla Chips,0.0791,0.7808,4.54,0.0617,3.778,0.1013,0.172
"['Fresh Limes', 'Organic Tortilla Chips']","['Fresh Organic Cilantro', 'Mild Chunky Salsa']",Fresh Limes + Organic Tortilla Chips,Fresh Organic Cilantro + Mild Chunky Salsa,Fresh Limes + Organic Tortilla Chips ➔ Fresh Organic Cilantro + Mild Chunky Salsa,0.0791,0.4599,4.54,0.0617,1.664,0.172,0.1013
"['Extra Virgin Olive Oil', 'Oven Roasted Turkey Breast', 'Roma Tomatoes']",['Organic Baby Spinach'],Extra Virgin Olive Oil + Oven Roasted Turkey Breast + Roma Tomatoes,Organic Baby Spinach,Extra Virgin Olive Oil + Oven Roasted Turkey Breast + Roma Tomatoes ➔ Organic Baby Spinach,0.0695,0.9073,4.537,0.0542,8.631,0.0766,0.2
"['Fresh Limes', 'Mild Chunky Salsa']","['Fresh Organic Cilantro', 'Organic Tortilla Chips']",Fresh Limes + Mild Chunky Salsa,Fresh Organic Cilantro + Organic Tortilla Chips,Fresh Limes + Mild Chunky Salsa ➔ Fresh Organic Cilantro + Organic Tortilla Chips,0.0791,0.7832,4.535,0.0617,3.815,0.101,0.1727
"['72% Dark Chocolate Bar', 'Extra Virgin Olive Oil']","['Grated Parmesan Cheese', 'Penne Rigate Pasta']",72% Dark Chocolate Bar + Extra Virgin Olive Oil,Grated Parmesan Cheese + Penne Rigate Pasta,72% Dark Chocolate Bar + Extra Virgin Olive Oil ➔ Grated Parmesan Cheese + Penne Rigate Pasta,0.0452,0.7129,4.535,0.0352,2.936,0.0634,0.1572
"['Fresh Organic Cilantro', 'Organic Tortilla Chips']","['Fresh Limes', 'Mild Chunky Salsa']",Fresh Organic Cilantro + Organic Tortilla Chips,Fresh Limes + Mild Chunky Salsa,Fresh Organic Cilantro + Organic Tortilla Chips ➔ Fresh Limes + Mild Chunky Salsa,0.0791,0.458,4.535,0.0617,1.659,0.1727,0.101
"['Artisanal Sourdough Bread', 'Slow-Simmered Marinara']","['Grated Parmesan Cheese', 'Penne Rigate Pasta']",Artisanal Sourdough Bread + Slow-Simmered Marinara,Grated Parmesan Cheese + Penne Rigate Pasta,Artisanal Sourdough Bread + Slow-Simmered Marinara ➔ Grated Parmesan Cheese + Penne Rigate Pasta,0.0736,0.7118,4.528,0.0573,2.924,0.1034,0.1572
"['Grated Parmesan Cheese', 'Penne Rigate Pasta']","['Artisanal Sourdough Bread', 'Slow-Simmered Marinara']",Grated Parmesan Cheese + Penne Rigate Pasta,Artisanal Sourdough Bread + Slow-Simmered Marinara,Grated Parmesan Cheese + Penne Rigate Pasta ➔ Artisanal Sourdough Bread + Slow-Simmered Marinara,0.0736,0.4682,4.528,0.0573,1.686,0.1572,0.1034
"['Mild Chunky Salsa', 'Organic Tortilla Chips']","['Fresh Organic Cilantro', 'Sparkling Mineral Water']",Mild Chunky Salsa + Organic Tortilla Chips,Fresh Organic Cilantro + Sparkling Mineral Water,Mild Chunky Salsa + Organic Tortilla Chips ➔ Fresh Organic Cilantro + Sparkling Mineral Water,0.0468,0.4704,4.518,0.0364,1.692,0.0995,0.1041
"['Fresh Organic Cilantro', 'Sparkling Mineral Water']","['Mild Chunky Salsa', 'Organic Tortilla Chips']",Fresh Organic Cilantro + Sparkling Mineral Water,Mild Chunky Salsa + Organic Tortilla Chips,Fresh Organic Cilantro + Sparkling Mineral Water ➔ Mild Chunky Salsa + Organic Tortilla Chips,0.0468,0.4496,4.518,0.0364,1.636,0.1041,0.0995
"['Extra Virgin Olive Oil', 'Organic Hass Avocados', 'Oven Roasted Turkey Breast']",['Organic Baby Spinach'],Extra Virgin Olive Oil + Organic Hass Avocados + Oven Roasted Turkey Breast,Organic Baby Spinach,Extra Virgin Olive Oil + Organic Hass Avocados + Oven Roasted Turkey Breast ➔ Organic Baby Spinach,0.0702,0.9012,4.506,0.0546,8.094,0.0779,0.2
"['72% Dark Chocolate Bar', 'Slow-Simmered Marinara']","['Extra Virgin Olive Oil', 'Grated Parmesan Cheese']",72% Dark Chocolate Bar + Slow-Simmered Marinara,Extra Virgin Olive Oil + Grated Parmesan Cheese,72% Dark Chocolate Bar + Slow-Simmered Marinara ➔ Extra Virgin Olive Oil + Grated Parmesan Cheese,0.0442,0.4619,4.506,0.0344,1.668,0.0957,0.1025
"['Extra Virgin Olive Oil', 'Grated Parmesan Cheese']","['72% Dark Chocolate Bar', 'Slow-Simmered Marinara']",Extra Virgin Olive Oil + Grated Parmesan Cheese,72% Dark Chocolate Bar + Slow-Simmered Marinara,Extra Virgin Olive Oil + Grated Parmesan Cheese ➔ 72% Dark Chocolate Bar + Slow-Simmered Marinara,0.0442,0.4312,4.506,0.0344,1.59,0.1025,0.0957
['Organic Baby Spinach'],"['Extra Virgin Olive Oil', 'Organic Hass Avocados', 'Oven Roasted Turkey Breast']",Organic Baby Spinach,Extra Virgin Olive Oil + Organic Hass Avocados + Oven Roasted Turkey Breast,Organic Baby Spinach ➔ Extra Virgin Olive Oil + Organic Hass Avocados + Oven Roasted Turkey Breast,0.0702,0.351,4.506,0.0546,1.421,0.2,0.0779
"['Mild Chunky Salsa', 'Organic Tortilla Chips']","['Fresh Organic Cilantro', 'Organic Hass Avocados']",Mild Chunky Salsa + Organic Tortilla Chips,Fresh Organic Cilantro + Organic Hass Avocados,Mild Chunky Salsa + Organic Tortilla Chips ➔ Fresh Organic Cilantro + Organic Hass Avocados,0.0779,0.7829,4.505,0.0606,3.806,0.0995,0.1738
"['Fresh Organic Cilantro', 'Organic Hass Avocados']","['Mild Chunky Salsa', 'Organic Tortilla Chips']",Fresh Organic Cilantro + Organic Hass Avocados,Mild Chunky Salsa + Organic Tortilla Chips,Fresh Organic Cilantro + Organic Hass Avocados ➔ Mild Chunky Salsa + Organic Tortilla Chips,0.0779,0.4482,4.505,0.0606,1.632,0.1738,0.0995
"['Organic Whole Milk', 'Sea Salt Kettle Chips']",['Creamy Peanut Butter'],Organic Whole Milk + Sea Salt Kettle Chips,Creamy Peanut Butter,Organic Whole Milk + Sea Salt Kettle Chips ➔ Creamy Peanut Butter,0.0429,0.7487,4.502,0.0334,3.317,0.0573,0.1663
"['Fresh Organic Cilantro', 'Sparkling Mineral Water']","['Fresh Limes', 'Organic Tortilla Chips']",Fresh Organic Cilantro + Sparkling Mineral Water,Fresh Limes + Organic Tortilla Chips,Fresh Organic Cilantro + Sparkling Mineral Water ➔ Fresh Limes + Organic Tortilla Chips,0.0805,0.7733,4.496,0.0626,3.652,0.1041,0.172
"['Fresh Limes', 'Organic Tortilla Chips']","['Fresh Organic Cilantro', 'Sparkling Mineral Water']",Fresh Limes + Organic Tortilla Chips,Fresh Organic Cilantro + Sparkling Mineral Water,Fresh Limes + Organic Tortilla Chips ➔ Fresh Organic Cilantro + Sparkling Mineral Water,0.0805,0.468,4.496,0.0626,1.684,0.172,0.1041
"['Fresh Limes', 'Organic Tortilla Chips']","['Fresh Organic Cilantro', 'Organic Hass Avocados']",Fresh Limes + Organic Tortilla Chips,Fresh Organic Cilantro + Organic Hass Avocados,Fresh Limes + Organic Tortilla Chips ➔ Fresh Organic Cilantro + Organic Hass Avocados,0.1342,0.7802,4.489,0.1043,3.759,0.172,0.1738
"['Fresh Organic Cilantro', 'Organic Hass Avocados']","['Fresh Limes', 'Organic Tortilla Chips']",Fresh Organic Cilantro + Organic Hass Avocados,Fresh Limes + Organic Tortilla Chips,Fresh Organic Cilantro + Organic Hass Avocados ➔ Fresh Limes + Organic Tortilla Chips,0.1342,0.7722,4.489,0.1043,3.634,0.1738,0.172
"['72% Dark Chocolate Bar', 'Penne Rigate Pasta']","['Extra Virgin Olive Oil', 'Slow-Simmered Marinara']",72% Dark Chocolate Bar + Penne Rigate Pasta,Extra Virgin Olive Oil + Slow-Simmered Marinara,72% Dark Chocolate Bar + Penne Rigate Pasta ➔ Extra Virgin Olive Oil + Slow-Simmered Marinara,0.0429,0.4446,4.481,0.0333,1.622,0.0965,0.0992
"['Extra Virgin Olive Oil', 'Slow-Simmered Marinara']","['72% Dark Chocolate Bar', 'Penne Rigate Pasta']",Extra Virgin Olive Oil + Slow-Simmered Marinara,72% Dark Chocolate Bar + Penne Rigate Pasta,Extra Virgin Olive Oil + Slow-Simmered Marinara ➔ 72% Dark Chocolate Bar + Penne Rigate Pasta,0.0429,0.4325,4.481,0.0333,1.592,0.0992,0.0965
"['Fresh Organic Cilantro', 'Mild Chunky Salsa']","['Fresh Limes', 'Organic Hass Avocados']",Fresh Organic Cilantro + Mild Chunky Salsa,Fresh Limes + Organic Hass Avocados,Fresh Organic Cilantro + Mild Chunky Salsa ➔ Fresh Limes + Organic Hass Avocados,0.0801,0.7907,4.48,0.0622,3.935,0.1013,0.1765
"['72% Dark Chocolate Bar', 'Penne Rigate Pasta']","['Artisanal Sourdough Bread', 'Slow-Simmered Marinara']",72% Dark Chocolate Bar + Penne Rigate Pasta,Artisanal Sourdough Bread + Slow-Simmered Marinara,72% Dark Chocolate Bar + Penne Rigate Pasta ➔ Artisanal Sourdough Bread + Slow-Simmered Marinara,0.0447,0.4632,4.48,0.0347,1.67,0.0965,0.1034
"['Fresh Limes', 'Organic Hass Avocados']","['Fresh Organic Cilantro', 'Mild Chunky Salsa']",Fresh Limes + Organic Hass Avocados,Fresh Organic Cilantro + Mild Chunky Salsa,Fresh Limes + Organic Hass Avocados ➔ Fresh Organic Cilantro + Mild Chunky Salsa,0.0801,0.4538,4.48,0.0622,1.645,0.1765,0.1013
"['Artisanal Sourdough Bread', 'Slow-Simmered Marinara']","['72% Dark Chocolate Bar', 'Penne Rigate Pasta']",Artisanal Sourdough Bread + Slow-Simmered Marinara,72% Dark Chocolate Bar + Penne Rigate Pasta,Artisanal Sourdough Bread + Slow-Simmered Marinara ➔ 72% Dark Chocolate Bar + Penne Rigate Pasta,0.0447,0.4323,4.48,0.0347,1.592,0.1034,0.0965
"['Artisanal Sourdough Bread', 'Organic Bananas', 'Organic Whole Milk']",['Creamy Peanut Butter'],Artisanal Sourdough Bread + Organic Bananas + Organic Whole Milk,Creamy Peanut Butter,Artisanal Sourdough Bread + Organic Bananas + Organic Whole Milk ➔ Creamy Peanut Butter,0.0397,0.7434,4.471,0.0308,3.25,0.0534,0.1663
"['Fresh Limes', 'Mild Chunky Salsa']","['Fresh Organic Cilantro', 'Sparkling Mineral Water']",Fresh Limes + Mild Chunky Salsa,Fresh Organic Cilantro + Sparkling Mineral Water,Fresh Limes + Mild Chunky Salsa ➔ Fresh Organic Cilantro + Sparkling Mineral Water,0.047,0.4653,4.47,0.0365,1.676,0.101,0.1041
"['Fresh Organic Cilantro', 'Sparkling Mineral Water']","['Fresh Limes', 'Mild Chunky Salsa']",Fresh Organic Cilantro + Sparkling Mineral Water,Fresh Limes + Mild Chunky Salsa,Fresh Organic Cilantro + Sparkling Mineral Water ➔ Fresh Limes + Mild Chunky Salsa,0.047,0.4515,4.47,0.0365,1.639,0.1041,0.101
"['72% Dark Chocolate Bar', 'Grated Parmesan Cheese']","['Artisanal Sourdough Bread', 'Penne Rigate Pasta']",72% Dark Chocolate Bar + Grated Parmesan Cheese,Artisanal Sourdough Bread + Penne Rigate Pasta,72% Dark Chocolate Bar + Grated Parmesan Cheese ➔ Artisanal Sourdough Bread + Penne Rigate Pasta,0.0471,0.4806,4.463,0.0365,1.718,0.098,0.1077
"['Artisanal Sourdough Bread', 'Penne Rigate Pasta']","['72% Dark Chocolate Bar', 'Grated Parmesan Cheese']",Artisanal Sourdough Bread + Penne Rigate Pasta,72% Dark Chocolate Bar + Grated Parmesan Cheese,Artisanal Sourdough Bread + Penne Rigate Pasta ➔ 72% Dark Chocolate Bar + Grated Parmesan Cheese,0.0471,0.4373,4.463,0.0365,1.603,0.1077,0.098
"['Artisanal Sourdough Bread', 'Organic Bananas']",['Organic Strawberry Jam'],Artisanal Sourdough Bread + Organic Bananas,Organic Strawberry Jam,Artisanal Sourdough Bread + Organic Bananas ➔ Organic Strawberry Jam,0.0696,0.7273,4.462,0.054,3.069,0.0957,0.163
['Organic Strawberry Jam'],"['Artisanal Sourdough Bread', 'Organic Bananas']",Organic Strawberry Jam,Artisanal Sourdough Bread + Organic Bananas,Organic Strawberry Jam ➔ Artisanal Sourdough Bread + Organic Bananas,0.0696,0.427,4.462,0.054,1.578,0.163,0.0957
"['Extra Virgin Olive Oil', 'Organic Baby Spinach', 'Roasted Salted Almonds']",['Oven Roasted Turkey Breast'],Extra Virgin Olive Oil + Organic Baby Spinach + Roasted Salted Almonds,Oven Roasted Turkey Breast,Extra Virgin Olive Oil + Organic Baby Spinach + Roasted Salted Almonds ➔ Oven Roasted Turkey Breast,0.0426,0.5413,4.459,0.033,1.915,0.0787,0.1214
['Oven Roasted Turkey Breast'],"['Extra Virgin Olive Oil', 'Organic Baby Spinach', 'Roasted Salted Almonds']",Oven Roasted Turkey Breast,Extra Virgin Olive Oil + Organic Baby Spinach + Roasted Salted Almonds,Oven Roasted Turkey Breast ➔ Extra Virgin Olive Oil + Organic Baby Spinach + Roasted Salted Almonds,0.0426,0.3509,4.459,0.033,1.419,0.1214,0.0787
"['Extra Virgin Olive Oil', 'Oven Roasted Turkey Breast', 'Sparkling Mineral Water']",['Organic Baby Spinach'],Extra Virgin Olive Oil + Oven Roasted Turkey Breast + Sparkling Mineral Water,Organic Baby Spinach,Extra Virgin Olive Oil + Oven Roasted Turkey Breast + Sparkling Mineral Water ➔ Organic Baby Spinach,0.0427,0.8914,4.457,0.0331,7.369,0.0479,0.2
"['Oven Roasted Turkey Breast', 'Roasted Salted Almonds', 'Roma Tomatoes']",['Organic Baby Spinach'],Oven Roasted Turkey Breast + Roasted Salted Almonds + Roma Tomatoes,Organic Baby Spinach,Oven Roasted Turkey Breast + Roasted Salted Almonds + Roma Tomatoes ➔ Organic Baby Spinach,0.0418,0.8913,4.456,0.0324,7.357,0.0469,0.2
"['Extra Virgin Olive Oil', 'Oven Roasted Turkey Breast', 'Roasted Salted Almonds']",['Organic Baby Spinach'],Extra Virgin Olive Oil + Oven Roasted Turkey Breast + Roasted Salted Almonds,Organic Baby Spinach,Extra Virgin Olive Oil + Oven Roasted Turkey Breast + Roasted Salted Almonds ➔ Organic Baby Spinach,0.0426,0.8912,4.456,0.033,7.354,0.0478,0.2
"['Extra Virgin Olive Oil', 'Roasted Salted Almonds', 'Roma Tomatoes']",['Organic Baby Spinach'],Extra Virgin Olive Oil + Roasted Salted Almonds + Roma Tomatoes,Organic Baby Spinach,Extra Virgin Olive Oil + Roasted Salted Almonds + Roma Tomatoes ➔ Organic Baby Spinach,0.069,0.8903,4.452,0.0535,7.294,0.0775,0.2
"['Organic Hass Avocados', 'Organic Tortilla Chips']","['Fresh Limes', 'Fresh Organic Cilantro']",Organic Hass Avocados + Organic Tortilla Chips,Fresh Limes + Fresh Organic Cilantro,Organic Hass Avocados + Organic Tortilla Chips ➔ Fresh Limes + Fresh Organic Cilantro,0.1342,0.7735,4.448,0.104,3.647,0.1735,0.1739
"['Fresh Limes', 'Fresh Organic Cilantro']","['Organic Hass Avocados', 'Organic Tortilla Chips']",Fresh Limes + Fresh Organic Cilantro,Organic Hass Avocados + Organic Tortilla Chips,Fresh Limes + Fresh Organic Cilantro ➔ Organic Hass Avocados + Organic Tortilla Chips,0.1342,0.7717,4.448,0.104,3.62,0.1739,0.1735
"['Artisanal Sourdough Bread', 'Organic Bananas', 'Organic Whole Milk']",['Organic Strawberry Jam'],Artisanal Sourdough Bread + Organic Bananas + Organic Whole Milk,Organic Strawberry Jam,Artisanal Sourdough Bread + Organic Bananas + Organic Whole Milk ➔ Organic Strawberry Jam,0.0387,0.7247,4.446,0.03,3.041,0.0534,0.163
"['Fresh Limes', 'Mild Chunky Salsa']","['Organic Hass Avocados', 'Organic Tortilla Chips']",Fresh Limes + Mild Chunky Salsa,Organic Hass Avocados + Organic Tortilla Chips,Fresh Limes + Mild Chunky Salsa ➔ Organic Hass Avocados + Organic Tortilla Chips,0.0779,0.7713,4.445,0.0604,3.614,0.101,0.1735
"['Organic Hass Avocados', 'Organic Tortilla Chips']","['Fresh Limes', 'Mild Chunky Salsa']",Organic Hass Avocados + Organic Tortilla Chips,Fresh Limes + Mild Chunky Salsa,Organic Hass Avocados + Organic Tortilla Chips ➔ Fresh Limes + Mild Chunky Salsa,0.0779,0.449,4.445,0.0604,1.632,0.1735,0.101
"['Extra Virgin Olive Oil', 'Organic Hass Avocados', 'Roasted Salted Almonds']",['Organic Baby Spinach'],Extra Virgin Olive Oil + Organic Hass Avocados + Roasted Salted Almonds,Organic Baby Spinach,Extra Virgin Olive Oil + Organic Hass Avocados + Roasted Salted Almonds ➔ Organic Baby Spinach,0.071,0.8886,4.443,0.055,7.182,0.0799,0.2
"['Extra Virgin Olive Oil', 'Roasted Salted Almonds', 'Roma Tomatoes']",['Oven Roasted Turkey Breast'],Extra Virgin Olive Oil + Roasted Salted Almonds + Roma Tomatoes,Oven Roasted Turkey Breast,Extra Virgin Olive Oil + Roasted Salted Almonds + Roma Tomatoes ➔ Oven Roasted Turkey Breast,0.0418,0.5394,4.443,0.0324,1.907,0.0775,0.1214
"['72% Dark Chocolate Bar', 'Slow-Simmered Marinara']","['Extra Virgin Olive Oil', 'Penne Rigate Pasta']",72% Dark Chocolate Bar + Slow-Simmered Marinara,Extra Virgin Olive Oil + Penne Rigate Pasta,72% Dark Chocolate Bar + Slow-Simmered Marinara ➔ Extra Virgin Olive Oil + Penne Rigate Pasta,0.0429,0.4483,4.443,0.0332,1.63,0.0957,0.1009
"['Extra Virgin Olive Oil', 'Penne Rigate Pasta']","['72% Dark Chocolate Bar', 'Slow-Simmered Marinara']",Extra Virgin Olive Oil + Penne Rigate Pasta,72% Dark Chocolate Bar + Slow-Simmered Marinara,Extra Virgin Olive Oil + Penne Rigate Pasta ➔ 72% Dark Chocolate Bar + Slow-Simmered Marinara,0.0429,0.4252,4.443,0.0332,1.573,0.1009,0.0957
['Organic Baby Spinach'],"['Extra Virgin Olive Oil', 'Organic Hass Avocados', 'Roasted Salted Almonds']",Organic Baby Spinach,Extra Virgin Olive Oil + Organic Hass Avocados + Roasted Salted Almonds,Organic Baby Spinach ➔ Extra Virgin Olive Oil + Organic Hass Avocados + Roasted Salted Almonds,0.071,0.355,4.443,0.055,1.427,0.2,0.0799
"['Mild Chunky Salsa', 'Organic Tortilla Chips']","['Fresh Limes', 'Organic Hass Avocados']",Mild Chunky Salsa + Organic Tortilla Chips,Fresh Limes + Organic Hass Avocados,Mild Chunky Salsa + Organic Tortilla Chips ➔ Fresh Limes + Organic Hass Avocados,0.0779,0.7829,4.436,0.0603,3.793,0.0995,0.1765
"['Fresh Limes', 'Organic Hass Avocados']","['Mild Chunky Salsa', 'Organic Tortilla Chips']",Fresh Limes + Organic Hass Avocados,Mild Chunky Salsa + Organic Tortilla Chips,Fresh Limes + Organic Hass Avocados ➔ Mild Chunky Salsa + Organic Tortilla Chips,0.0779,0.4414,4.436,0.0603,1.612,0.1765,0.0995
"['Artisanal Sourdough Bread', 'Extra Virgin Olive Oil', 'Penne Rigate Pasta']",['Grated Parmesan Cheese'],Artisanal Sourdough Bread + Extra Virgin Olive Oil + Penne Rigate Pasta,Grated Parmesan Cheese,Artisanal Sourdough Bread + Extra Virgin Olive Oil + Penne Rigate Pasta ➔ Grated Parmesan Cheese,0.046,0.9002,4.434,0.0356,7.986,0.0511,0.203
"['Fresh Organic Cilantro', 'Mild Chunky Salsa']","['Organic Hass Avocados', 'Organic Tortilla Chips']",Fresh Organic Cilantro + Mild Chunky Salsa,Organic Hass Avocados + Organic Tortilla Chips,Fresh Organic Cilantro + Mild Chunky Salsa ➔ Organic Hass Avocados + Organic Tortilla Chips,0.0779,0.769,4.432,0.0603,3.578,0.1013,0.1735
"['72% Dark Chocolate Bar', 'Extra Virgin Olive Oil']","['Grated Parmesan Cheese', 'Slow-Simmered Marinara']",72% Dark Chocolate Bar + Extra Virgin Olive Oil,Grated Parmesan Cheese + Slow-Simmered Marinara,72% Dark Chocolate Bar + Extra Virgin Olive Oil ➔ Grated Parmesan Cheese + Slow-Simmered Marinara,0.0442,0.6972,4.432,0.0342,2.783,0.0634,0.1573
"['Organic Hass Avocados', 'Organic Tortilla Chips']","['Fresh Organic Cilantro', 'Mild Chunky Salsa']",Organic Hass Avocados + Organic Tortilla Chips,Fresh Organic Cilantro + Mild Chunky Salsa,Organic Hass Avocados + Organic Tortilla Chips ➔ Fresh Organic Cilantro + Mild Chunky Salsa,0.0779,0.449,4.432,0.0603,1.631,0.1735,0.1013
"['Extra Virgin Olive Oil', 'Organic Hass Avocados', 'Roma Tomatoes']",['Organic Baby Spinach'],Extra Virgin Olive Oil + Organic Hass Avocados + Roma Tomatoes,Organic Baby Spinach,Extra Virgin Olive Oil + Organic Hass Avocados + Roma Tomatoes ➔ Organic Baby Spinach,0.117,0.8857,4.428,0.0906,6.999,0.1321,0.2
['Organic Baby Spinach'],"['Extra Virgin Olive Oil', 'Organic Hass Avocados', 'Roma Tomatoes']",Organic Baby Spinach,Extra Virgin Olive Oil + Organic Hass Avocados + Roma Tomatoes,Organic Baby Spinach ➔ Extra Virgin Olive Oil + Organic Hass Avocados + Roma Tomatoes,0.117,0.585,4.428,0.0906,2.091,0.2,0.1321
"['72% Dark Chocolate Bar', 'Extra Virgin Olive Oil', 'Penne Rigate Pasta']",['Grated Parmesan Cheese'],72% Dark Chocolate Bar + Extra Virgin Olive Oil + Penne Rigate Pasta,Grated Parmesan Cheese,72% Dark Chocolate Bar + Extra Virgin Olive Oil + Penne Rigate Pasta ➔ Grated Parmesan Cheese,0.0452,0.8986,4.427,0.035,7.861,0.0503,0.203
"['Organic Hass Avocados', 'Oven Roasted Turkey Breast', 'Roasted Salted Almonds']",['Organic Baby Spinach'],Organic Hass Avocados + Oven Roasted Turkey Breast + Roasted Salted Almonds,Organic Baby Spinach,Organic Hass Avocados + Oven Roasted Turkey Breast + Roasted Salted Almonds ➔ Organic Baby Spinach,0.0425,0.8854,4.427,0.0329,6.982,0.048,0.2
"['Fresh Organic Cilantro', 'Roma Tomatoes']","['Fresh Limes', 'Organic Tortilla Chips']",Fresh Organic Cilantro + Roma Tomatoes,Fresh Limes + Organic Tortilla Chips,Fresh Organic Cilantro + Roma Tomatoes ➔ Fresh Limes + Organic Tortilla Chips,0.083,0.7608,4.423,0.0642,3.461,0.1091,0.172
"['Creamy Peanut Butter', 'Organic Bananas', 'Organic Strawberry Jam']",['Sea Salt Kettle Chips'],Creamy Peanut Butter + Organic Bananas + Organic Strawberry Jam,Sea Salt Kettle Chips,Creamy Peanut Butter + Organic Bananas + Organic Strawberry Jam ➔ Sea Salt Kettle Chips,0.0362,0.5179,4.423,0.028,1.831,0.0699,0.1171
"['Fresh Limes', 'Organic Tortilla Chips']","['Fresh Organic Cilantro', 'Roma Tomatoes']",Fresh Limes + Organic Tortilla Chips,Fresh Organic Cilantro + Roma Tomatoes,Fresh Limes + Organic Tortilla Chips ➔ Fresh Organic Cilantro + Roma Tomatoes,0.083,0.4826,4.423,0.0642,1.722,0.172,0.1091
"['72% Dark Chocolate Bar', 'Artisanal Sourdough Bread', 'Penne Rigate Pasta']",['Grated Parmesan Cheese'],72% Dark Chocolate Bar + Artisanal Sourdough Bread + Penne Rigate Pasta,Grated Parmesan Cheese,72% Dark Chocolate Bar + Artisanal Sourdough Bread + Penne Rigate Pasta ➔ Grated Parmesan Cheese,0.0471,0.8971,4.419,0.0364,7.749,0.0525,0.203
"['Extra Virgin Olive Oil', 'Roasted Salted Almonds', 'Sparkling Mineral Water']",['Organic Baby Spinach'],Extra Virgin Olive Oil + Roasted Salted Almonds + Sparkling Mineral Water,Organic Baby Spinach,Extra Virgin Olive Oil + Roasted Salted Almonds + Sparkling Mineral Water ➔ Organic Baby Spinach,0.0415,0.883,4.415,0.0321,6.836,0.047,0.2
"['72% Dark Chocolate Bar', 'Penne Rigate Pasta', 'Slow-Simmered Marinara']",['Grated Parmesan Cheese'],72% Dark Chocolate Bar + Penne Rigate Pasta + Slow-Simmered Marinara,Grated Parmesan Cheese,72% Dark Chocolate Bar + Penne Rigate Pasta + Slow-Simmered Marinara ➔ Grated Parmesan Cheese,0.074,0.8959,4.413,0.0572,7.655,0.0826,0.203
"['Mild Chunky Salsa', 'Organic Tortilla Chips']","['Fresh Organic Cilantro', 'Roma Tomatoes']",Mild Chunky Salsa + Organic Tortilla Chips,Fresh Organic Cilantro + Roma Tomatoes,Mild Chunky Salsa + Organic Tortilla Chips ➔ Fresh Organic Cilantro + Roma Tomatoes,0.0479,0.4814,4.413,0.037,1.718,0.0995,0.1091
"['Fresh Organic Cilantro', 'Roma Tomatoes']","['Mild Chunky Salsa', 'Organic Tortilla Chips']",Fresh Organic Cilantro + Roma Tomatoes,Mild Chunky Salsa + Organic Tortilla Chips,Fresh Organic Cilantro + Roma Tomatoes ➔ Mild Chunky Salsa + Organic Tortilla Chips,0.0479,0.439,4.413,0.037,1.605,0.1091,0.0995
['Grated Parmesan Cheese'],"['72% Dark Chocolate Bar', 'Penne Rigate Pasta', 'Slow-Simmered Marinara']",Grated Parmesan Cheese,72% Dark Chocolate Bar + Penne Rigate Pasta + Slow-Simmered Marinara,Grated Parmesan Cheese ➔ 72% Dark Chocolate Bar + Penne Rigate Pasta + Slow-Simmered Marinara,0.074,0.3645,4.413,0.0572,1.444,0.203,0.0826
"['Extra Virgin Olive Oil', 'Penne Rigate Pasta', 'Slow-Simmered Marinara']",['Grated Parmesan Cheese'],Extra Virgin Olive Oil + Penne Rigate Pasta + Slow-Simmered Marinara,Grated Parmesan Cheese,Extra Virgin Olive Oil + Penne Rigate Pasta + Slow-Simmered Marinara ➔ Grated Parmesan Cheese,0.0735,0.8952,4.41,0.0568,7.609,0.0821,0.203
"['Fresh Limes', 'Sparkling Mineral Water']","['Fresh Organic Cilantro', 'Organic Tortilla Chips']",Fresh Limes + Sparkling Mineral Water,Fresh Organic Cilantro + Organic Tortilla Chips,Fresh Limes + Sparkling Mineral Water ➔ Fresh Organic Cilantro + Organic Tortilla Chips,0.0805,0.7616,4.41,0.0622,3.47,0.1057,0.1727
"['Fresh Organic Cilantro', 'Organic Tortilla Chips']","['Fresh Limes', 'Sparkling Mineral Water']",Fresh Organic Cilantro + Organic Tortilla Chips,Fresh Limes + Sparkling Mineral Water,Fresh Organic Cilantro + Organic Tortilla Chips ➔ Fresh Limes + Sparkling Mineral Water,0.0805,0.4661,4.41,0.0622,1.675,0.1727,0.1057
['Grated Parmesan Cheese'],"['Extra Virgin Olive Oil', 'Penne Rigate Pasta', 'Slow-Simmered Marinara']",Grated Parmesan Cheese,Extra Virgin Olive Oil + Penne Rigate Pasta + Slow-Simmered Marinara,Grated Parmesan Cheese ➔ Extra Virgin Olive Oil + Penne Rigate Pasta + Slow-Simmered Marinara,0.0735,0.3621,4.41,0.0568,1.439,0.203,0.0821
"['Artisanal Sourdough Bread', 'Creamy Peanut Butter', 'Organic Bananas']",['Sea Salt Kettle Chips'],Artisanal Sourdough Bread + Creamy Peanut Butter + Organic Bananas,Sea Salt Kettle Chips,Artisanal Sourdough Bread + Creamy Peanut Butter + Organic Bananas ➔ Sea Salt Kettle Chips,0.036,0.5158,4.404,0.0278,1.823,0.0698,0.1171
"['Fresh Organic Cilantro', 'Organic Tortilla Chips']","['Fresh Limes', 'Organic Hass Avocados']",Fresh Organic Cilantro + Organic Tortilla Chips,Fresh Limes + Organic Hass Avocados,Fresh Organic Cilantro + Organic Tortilla Chips ➔ Fresh Limes + Organic Hass Avocados,0.1342,0.7771,4.403,0.1037,3.694,0.1727,0.1765
"['Fresh Limes', 'Organic Hass Avocados']","['Fresh Organic Cilantro', 'Organic Tortilla Chips']",Fresh Limes + Organic Hass Avocados,Fresh Organic Cilantro + Organic Tortilla Chips,Fresh Limes + Organic Hass Avocados ➔ Fresh Organic Cilantro + Organic Tortilla Chips,0.1342,0.7603,4.403,0.1037,3.452,0.1765,0.1727
"['Extra Virgin Olive Oil', 'Organic Hass Avocados', 'Roasted Salted Almonds']",['Oven Roasted Turkey Breast'],Extra Virgin Olive Oil + Organic Hass Avocados + Roasted Salted Almonds,Oven Roasted Turkey Breast,Extra Virgin Olive Oil + Organic Hass Avocados + Roasted Salted Almonds ➔ Oven Roasted Turkey Breast,0.0427,0.5344,4.402,0.033,1.887,0.0799,0.1214
['Oven Roasted Turkey Breast'],"['Extra Virgin Olive Oil', 'Organic Hass Avocados', 'Roasted Salted Almonds']",Oven Roasted Turkey Breast,Extra Virgin Olive Oil + Organic Hass Avocados + Roasted Salted Almonds,Oven Roasted Turkey Breast ➔ Extra Virgin Olive Oil + Organic Hass Avocados + Roasted Salted Almonds,0.0427,0.3517,4.402,0.033,1.419,0.1214,0.0799
"['Extra Virgin Olive Oil', 'Slow-Simmered Marinara']","['Artisanal Sourdough Bread', 'Grated Parmesan Cheese']",Extra Virgin Olive Oil + Slow-Simmered Marinara,Artisanal Sourdough Bread + Grated Parmesan Cheese,Extra Virgin Olive Oil + Slow-Simmered Marinara ➔ Artisanal Sourdough Bread + Grated Parmesan Cheese,0.0455,0.4587,4.398,0.0352,1.655,0.0992,0.1043
"['Artisanal Sourdough Bread', 'Grated Parmesan Cheese']","['Extra Virgin Olive Oil', 'Slow-Simmered Marinara']",Artisanal Sourdough Bread + Grated Parmesan Cheese,Extra Virgin Olive Oil + Slow-Simmered Marinara,Artisanal Sourdough Bread + Grated Parmesan Cheese ➔ Extra Virgin Olive Oil + Slow-Simmered Marinara,0.0455,0.4362,4.398,0.0352,1.598,0.1043,0.0992
"['Extra Virgin Olive Oil', 'Organic Hass Avocados', 'Oven Roasted Turkey Breast']",['Roasted Salted Almonds'],Extra Virgin Olive Oil + Organic Hass Avocados + Oven Roasted Turkey Breast,Roasted Salted Almonds,Extra Virgin Olive Oil + Organic Hass Avocados + Oven Roasted Turkey Breast ➔ Roasted Salted Almonds,0.0427,0.5481,4.392,0.033,1.937,0.0779,0.1248
"['Organic Hass Avocados', 'Oven Roasted Turkey Breast', 'Roma Tomatoes']",['Organic Baby Spinach'],Organic Hass Avocados + Oven Roasted Turkey Breast + Roma Tomatoes,Organic Baby Spinach,Organic Hass Avocados + Oven Roasted Turkey Breast + Roma Tomatoes ➔ Organic Baby Spinach,0.07,0.8783,4.391,0.0541,6.573,0.0797,0.2
"['Organic Bananas', 'Organic Whole Milk']","['Artisanal Sourdough Bread', 'Creamy Peanut Butter']",Organic Bananas + Organic Whole Milk,Artisanal Sourdough Bread + Creamy Peanut Butter,Organic Bananas + Organic Whole Milk ➔ Artisanal Sourdough Bread + Creamy Peanut Butter,0.0397,0.5779,4.391,0.0307,2.057,0.0687,0.1316
"['Extra Virgin Olive Oil', 'Organic Baby Spinach', 'Sparkling Mineral Water']",['Oven Roasted Turkey Breast'],Extra Virgin Olive Oil + Organic Baby Spinach + Sparkling Mineral Water,Oven Roasted Turkey Breast,Extra Virgin Olive Oil + Organic Baby Spinach + Sparkling Mineral Water ➔ Oven Roasted Turkey Breast,0.0427,0.5331,4.391,0.033,1.882,0.0801,0.1214
['Oven Roasted Turkey Breast'],"['Extra Virgin Olive Oil', 'Organic Baby Spinach', 'Sparkling Mineral Water']",Oven Roasted Turkey Breast,Extra Virgin Olive Oil + Organic Baby Spinach + Sparkling Mineral Water,Oven Roasted Turkey Breast ➔ Extra Virgin Olive Oil + Organic Baby Spinach + Sparkling Mineral Water,0.0427,0.3517,4.391,0.033,1.419,0.1214,0.0801
['Organic Baby Spinach'],"['Organic Hass Avocados', 'Oven Roasted Turkey Breast', 'Roma Tomatoes']",Organic Baby Spinach,Organic Hass Avocados + Oven Roasted Turkey Breast + Roma Tomatoes,Organic Baby Spinach ➔ Organic Hass Avocados + Oven Roasted Turkey Breast + Roma Tomatoes,0.07,0.35,4.391,0.0541,1.416,0.2,0.0797
['Oven Roasted Turkey Breast'],"['Extra Virgin Olive Oil', 'Organic Baby Spinach', 'Roma Tomatoes']",Oven Roasted Turkey Breast,Extra Virgin Olive Oil + Organic Baby Spinach + Roma Tomatoes,Oven Roasted Turkey Breast ➔ Extra Virgin Olive Oil + Organic Baby Spinach + Roma Tomatoes,0.0695,0.5725,4.39,0.0537,2.034,0.1214,0.1304
"['Extra Virgin Olive Oil', 'Organic Baby Spinach', 'Roma Tomatoes']",['Oven Roasted Turkey Breast'],Extra Virgin Olive Oil + Organic Baby Spinach + Roma Tomatoes,Oven Roasted Turkey Breast,Extra Virgin Olive Oil + Organic Baby Spinach + Roma Tomatoes ➔ Oven Roasted Turkey Breast,0.0695,0.533,4.39,0.0537,1.881,0.1304,0.1214
"['Fresh Organic Cilantro', 'Mild Chunky Salsa']","['Fresh Limes', 'Sparkling Mineral Water']",Fresh Organic Cilantro + Mild Chunky Salsa,Fresh Limes + Sparkling Mineral Water,Fresh Organic Cilantro + Mild Chunky Salsa ➔ Fresh Limes + Sparkling Mineral Water,0.047,0.464,4.389,0.0363,1.668,0.1013,0.1057
"['Fresh Limes', 'Sparkling Mineral Water']","['Fresh Organic Cilantro', 'Mild Chunky Salsa']",Fresh Limes + Sparkling Mineral Water,Fresh Organic Cilantro + Mild Chunky Salsa,Fresh Limes + Sparkling Mineral Water ➔ Fresh Organic Cilantro + Mild Chunky Salsa,0.047,0.4447,4.389,0.0363,1.618,0.1057,0.1013
"['Fresh Organic Cilantro', 'Sparkling Mineral Water']","['Fresh Limes', 'Roma Tomatoes']",Fresh Organic Cilantro + Sparkling Mineral Water,Fresh Limes + Roma Tomatoes,Fresh Organic Cilantro + Sparkling Mineral Water ➔ Fresh Limes + Roma Tomatoes,0.0502,0.4822,4.388,0.0388,1.719,0.1041,0.1099
"['Fresh Limes', 'Roma Tomatoes']","['Fresh Organic Cilantro', 'Sparkling Mineral Water']",Fresh Limes + Roma Tomatoes,Fresh Organic Cilantro + Sparkling Mineral Water,Fresh Limes + Roma Tomatoes ➔ Fresh Organic Cilantro + Sparkling Mineral Water,0.0502,0.4568,4.388,0.0388,1.649,0.1099,0.1041
"['Artisanal Sourdough Bread', 'Organic Bananas']",['Creamy Peanut Butter'],Artisanal Sourdough Bread + Organic Bananas,Creamy Peanut Butter,Artisanal Sourdough Bread + Organic Bananas ➔ Creamy Peanut Butter,0.0698,0.7294,4.386,0.0539,3.081,0.0957,0.1663
['Creamy Peanut Butter'],"['Artisanal Sourdough Bread', 'Organic Bananas']",Creamy Peanut Butter,Artisanal Sourdough Bread + Organic Bananas,Creamy Peanut Butter ➔ Artisanal Sourdough Bread + Organic Bananas,0.0698,0.4197,4.386,0.0539,1.558,0.1663,0.0957
"['Artisanal Sourdough Bread', 'Penne Rigate Pasta', 'Slow-Simmered Marinara']",['Grated Parmesan Cheese'],Artisanal Sourdough Bread + Penne Rigate Pasta + Slow-Simmered Marinara,Grated Parmesan Cheese,Artisanal Sourdough Bread + Penne Rigate Pasta + Slow-Simmered Marinara ➔ Grated Parmesan Cheese,0.0736,0.89,4.384,0.0568,7.243,0.0827,0.203
['Grated Parmesan Cheese'],"['Artisanal Sourdough Bread', 'Penne Rigate Pasta', 'Slow-Simmered Marinara']",Grated Parmesan Cheese,Artisanal Sourdough Bread + Penne Rigate Pasta + Slow-Simmered Marinara,Grated Parmesan Cheese ➔ Artisanal Sourdough Bread + Penne Rigate Pasta + Slow-Simmered Marinara,0.0736,0.3626,4.384,0.0568,1.439,0.203,0.0827
"['Extra Virgin Olive Oil', 'Oven Roasted Turkey Breast']",['Organic Baby Spinach'],Extra Virgin Olive Oil + Oven Roasted Turkey Breast,Organic Baby Spinach,Extra Virgin Olive Oil + Oven Roasted Turkey Breast ➔ Organic Baby Spinach,0.0789,0.8767,4.383,0.0609,6.486,0.09,0.2
['Organic Baby Spinach'],"['Extra Virgin Olive Oil', 'Oven Roasted Turkey Breast']",Organic Baby Spinach,Extra Virgin Olive Oil + Oven Roasted Turkey Breast,Organic Baby Spinach ➔ Extra Virgin Olive Oil + Oven Roasted Turkey Breast,0.0789,0.3945,4.383,0.0609,1.503,0.2,0.09
"['Organic Baby Spinach', 'Roasted Salted Almonds', 'Roma Tomatoes']",['Oven Roasted Turkey Breast'],Organic Baby Spinach + Roasted Salted Almonds + Roma Tomatoes,Oven Roasted Turkey Breast,Organic Baby Spinach + Roasted Salted Almonds + Roma Tomatoes ➔ Oven Roasted Turkey Breast,0.0418,0.5318,4.381,0.0323,1.877,0.0786,0.1214
"['Mild Chunky Salsa', 'Organic Hass Avocados']","['Fresh Limes', 'Fresh Organic Cilantro']",Mild Chunky Salsa + Organic Hass Avocados,Fresh Limes + Fresh Organic Cilantro,Mild Chunky Salsa + Organic Hass Avocados ➔ Fresh Limes + Fresh Organic Cilantro,0.0801,0.7614,4.378,0.0618,3.462,0.1052,0.1739
"['Fresh Limes', 'Fresh Organic Cilantro']","['Mild Chunky Salsa', 'Organic Hass Avocados']",Fresh Limes + Fresh Organic Cilantro,Mild Chunky Salsa + Organic Hass Avocados,Fresh Limes + Fresh Organic Cilantro ➔ Mild Chunky Salsa + Organic Hass Avocados,0.0801,0.4606,4.378,0.0618,1.659,0.1739,0.1052
"['Extra Virgin Olive Oil', 'Roma Tomatoes', 'Sparkling Mineral Water']",['Organic Baby Spinach'],Extra Virgin Olive Oil + Roma Tomatoes + Sparkling Mineral Water,Organic Baby Spinach,Extra Virgin Olive Oil + Roma Tomatoes + Sparkling Mineral Water ➔ Organic Baby Spinach,0.07,0.875,4.375,0.054,6.4,0.08,0.2
['Organic Baby Spinach'],"['Extra Virgin Olive Oil', 'Roma Tomatoes', 'Sparkling Mineral Water']",Organic Baby Spinach,Extra Virgin Olive Oil + Roma Tomatoes + Sparkling Mineral Water,Organic Baby Spinach ➔ Extra Virgin Olive Oil + Roma Tomatoes + Sparkling Mineral Water,0.07,0.35,4.375,0.054,1.415,0.2,0.08
"['Penne Rigate Pasta', 'Slow-Simmered Marinara']",['Grated Parmesan Cheese'],Penne Rigate Pasta + Slow-Simmered Marinara,Grated Parmesan Cheese,Penne Rigate Pasta + Slow-Simmered Marinara ➔ Grated Parmesan Cheese,0.1375,0.8877,4.373,0.1061,7.095,0.1549,0.203
"['Fresh Limes', 'Roma Tomatoes']","['Fresh Organic Cilantro', 'Organic Tortilla Chips']",Fresh Limes + Roma Tomatoes,Fresh Organic Cilantro + Organic Tortilla Chips,Fresh Limes + Roma Tomatoes ➔ Fresh Organic Cilantro + Organic Tortilla Chips,0.083,0.7552,4.373,0.064,3.38,0.1099,0.1727
['Grated Parmesan Cheese'],"['Penne Rigate Pasta', 'Slow-Simmered Marinara']",Grated Parmesan Cheese,Penne Rigate Pasta + Slow-Simmered Marinara,Grated Parmesan Cheese ➔ Penne Rigate Pasta + Slow-Simmered Marinara,0.1375,0.6773,4.373,0.1061,2.619,0.203,0.1549
"['Extra Virgin Olive Oil', 'Oven Roasted Turkey Breast', 'Roma Tomatoes']",['Roasted Salted Almonds'],Extra Virgin Olive Oil + Oven Roasted Turkey Breast + Roma Tomatoes,Roasted Salted Almonds,Extra Virgin Olive Oil + Oven Roasted Turkey Breast + Roma Tomatoes ➔ Roasted Salted Almonds,0.0418,0.5457,4.373,0.0322,1.926,0.0766,0.1248
"['Fresh Organic Cilantro', 'Organic Tortilla Chips']","['Fresh Limes', 'Roma Tomatoes']",Fresh Organic Cilantro + Organic Tortilla Chips,Fresh Limes + Roma Tomatoes,Fresh Organic Cilantro + Organic Tortilla Chips ➔ Fresh Limes + Roma Tomatoes,0.083,0.4806,4.373,0.064,1.714,0.1727,0.1099
"['Organic Tortilla Chips', 'Sparkling Mineral Water']","['Fresh Limes', 'Fresh Organic Cilantro']",Organic Tortilla Chips + Sparkling Mineral Water,Fresh Limes + Fresh Organic Cilantro,Organic Tortilla Chips + Sparkling Mineral Water ➔ Fresh Limes + Fresh Organic Cilantro,0.0805,0.7602,4.371,0.0621,3.444,0.1059,0.1739
"['Fresh Limes', 'Fresh Organic Cilantro']","['Organic Tortilla Chips', 'Sparkling Mineral Water']",Fresh Limes + Fresh Organic Cilantro,Organic Tortilla Chips + Sparkling Mineral Water,Fresh Limes + Fresh Organic Cilantro ➔ Organic Tortilla Chips + Sparkling Mineral Water,0.0805,0.4629,4.371,0.0621,1.665,0.1739,0.1059
"['Extra Virgin Olive Oil', 'Penne Rigate Pasta']","['Artisanal Sourdough Bread', 'Grated Parmesan Cheese']",Extra Virgin Olive Oil + Penne Rigate Pasta,Artisanal Sourdough Bread + Grated Parmesan Cheese,Extra Virgin Olive Oil + Penne Rigate Pasta ➔ Artisanal Sourdough Bread + Grated Parmesan Cheese,0.046,0.4559,4.371,0.0355,1.646,0.1009,0.1043
"['Artisanal Sourdough Bread', 'Grated Parmesan Cheese']","['Extra Virgin Olive Oil', 'Penne Rigate Pasta']",Artisanal Sourdough Bread + Grated Parmesan Cheese,Extra Virgin Olive Oil + Penne Rigate Pasta,Artisanal Sourdough Bread + Grated Parmesan Cheese ➔ Extra Virgin Olive Oil + Penne Rigate Pasta,0.046,0.441,4.371,0.0355,1.609,0.1043,0.1009
"['72% Dark Chocolate Bar', 'Penne Rigate Pasta']",['Grated Parmesan Cheese'],72% Dark Chocolate Bar + Penne Rigate Pasta,Grated Parmesan Cheese,72% Dark Chocolate Bar + Penne Rigate Pasta ➔ Grated Parmesan Cheese,0.0856,0.887,4.37,0.066,7.056,0.0965,0.203
['Grated Parmesan Cheese'],"['72% Dark Chocolate Bar', 'Penne Rigate Pasta']",Grated Parmesan Cheese,72% Dark Chocolate Bar + Penne Rigate Pasta,Grated Parmesan Cheese ➔ 72% Dark Chocolate Bar + Penne Rigate Pasta,0.0856,0.4217,4.37,0.066,1.562,0.203,0.0965
"['72% Dark Chocolate Bar', 'Artisanal Sourdough Bread', 'Slow-Simmered Marinara']",['Grated Parmesan Cheese'],72% Dark Chocolate Bar + Artisanal Sourdough Bread + Slow-Simmered Marinara,Grated Parmesan Cheese,72% Dark Chocolate Bar + Artisanal Sourdough Bread + Slow-Simmered Marinara ➔ Grated Parmesan Cheese,0.0463,0.887,4.369,0.0357,7.051,0.0522,0.203
"['Artisanal Sourdough Bread', 'Extra Virgin Olive Oil', 'Slow-Simmered Marinara']",['Grated Parmesan Cheese'],Artisanal Sourdough Bread + Extra Virgin Olive Oil + Slow-Simmered Marinara,Grated Parmesan Cheese,Artisanal Sourdough Bread + Extra Virgin Olive Oil + Slow-Simmered Marinara ➔ Grated Parmesan Cheese,0.0455,0.8869,4.369,0.0351,7.049,0.0513,0.203
"['72% Dark Chocolate Bar', 'Extra Virgin Olive Oil']","['Penne Rigate Pasta', 'Slow-Simmered Marinara']",72% Dark Chocolate Bar + Extra Virgin Olive Oil,Penne Rigate Pasta + Slow-Simmered Marinara,72% Dark Chocolate Bar + Extra Virgin Olive Oil ➔ Penne Rigate Pasta + Slow-Simmered Marinara,0.0429,0.6767,4.368,0.0331,2.614,0.0634,0.1549
"['Fresh Organic Cilantro', 'Sparkling Mineral Water']","['Organic Tortilla Chips', 'Roma Tomatoes']",Fresh Organic Cilantro + Sparkling Mineral Water,Organic Tortilla Chips + Roma Tomatoes,Fresh Organic Cilantro + Sparkling Mineral Water ➔ Organic Tortilla Chips + Roma Tomatoes,0.0501,0.4813,4.367,0.0386,1.715,0.1041,0.1102
"['Organic Tortilla Chips', 'Roma Tomatoes']","['Fresh Organic Cilantro', 'Sparkling Mineral Water']",Organic Tortilla Chips + Roma Tomatoes,Fresh Organic Cilantro + Sparkling Mineral Water,Organic Tortilla Chips + Roma Tomatoes ➔ Fresh Organic Cilantro + Sparkling Mineral Water,0.0501,0.4546,4.367,0.0386,1.643,0.1102,0.1041
"['Creamy Peanut Butter', 'Organic Bananas']",['Sea Salt Kettle Chips'],Creamy Peanut Butter + Organic Bananas,Sea Salt Kettle Chips,Creamy Peanut Butter + Organic Bananas ➔ Sea Salt Kettle Chips,0.0411,0.5112,4.365,0.0317,1.806,0.0804,0.1171
['Sea Salt Kettle Chips'],"['Creamy Peanut Butter', 'Organic Bananas']",Sea Salt Kettle Chips,Creamy Peanut Butter + Organic Bananas,Sea Salt Kettle Chips ➔ Creamy Peanut Butter + Organic Bananas,0.0411,0.351,4.365,0.0317,1.417,0.1171,0.0804
"['Mild Chunky Salsa', 'Organic Tortilla Chips']","['Fresh Limes', 'Sparkling Mineral Water']",Mild Chunky Salsa + Organic Tortilla Chips,Fresh Limes + Sparkling Mineral Water,Mild Chunky Salsa + Organic Tortilla Chips ➔ Fresh Limes + Sparkling Mineral Water,0.0459,0.4613,4.364,0.0354,1.66,0.0995,0.1057
"['Fresh Limes', 'Sparkling Mineral Water']","['Mild Chunky Salsa', 'Organic Tortilla Chips']",Fresh Limes + Sparkling Mineral Water,Mild Chunky Salsa + Organic Tortilla Chips,Fresh Limes + Sparkling Mineral Water ➔ Mild Chunky Salsa + Organic Tortilla Chips,0.0459,0.4342,4.364,0.0354,1.592,0.1057,0.0995
"['Fresh Organic Cilantro', 'Sparkling Mineral Water']","['Organic Hass Avocados', 'Organic Tortilla Chips']",Fresh Organic Cilantro + Sparkling Mineral Water,Organic Hass Avocados + Organic Tortilla Chips,Fresh Organic Cilantro + Sparkling Mineral Water ➔ Organic Hass Avocados + Organic Tortilla Chips,0.0788,0.757,4.363,0.0607,3.401,0.1041,0.1735
"['Fresh Organic Cilantro', 'Mild Chunky Salsa']","['Organic Tortilla Chips', 'Sparkling Mineral Water']",Fresh Organic Cilantro + Mild Chunky Salsa,Organic Tortilla Chips + Sparkling Mineral Water,Fresh Organic Cilantro + Mild Chunky Salsa ➔ Organic Tortilla Chips + Sparkling Mineral Water,0.0468,0.462,4.363,0.0361,1.662,0.1013,0.1059
"['Organic Hass Avocados', 'Organic Tortilla Chips']","['Fresh Organic Cilantro', 'Sparkling Mineral Water']",Organic Hass Avocados + Organic Tortilla Chips,Fresh Organic Cilantro + Sparkling Mineral Water,Organic Hass Avocados + Organic Tortilla Chips ➔ Fresh Organic Cilantro + Sparkling Mineral Water,0.0788,0.4542,4.363,0.0607,1.641,0.1735,0.1041
"['Organic Tortilla Chips', 'Sparkling Mineral Water']","['Fresh Organic Cilantro', 'Mild Chunky Salsa']",Organic Tortilla Chips + Sparkling Mineral Water,Fresh Organic Cilantro + Mild Chunky Salsa,Organic Tortilla Chips + Sparkling Mineral Water ➔ Fresh Organic Cilantro + Mild Chunky Salsa,0.0468,0.4419,4.363,0.0361,1.61,0.1059,0.1013
"['Oven Roasted Turkey Breast', 'Roma Tomatoes']",['Organic Baby Spinach'],Oven Roasted Turkey Breast + Roma Tomatoes,Organic Baby Spinach,Oven Roasted Turkey Breast + Roma Tomatoes ➔ Organic Baby Spinach,0.079,0.872,4.36,0.0609,6.248,0.0906,0.2
['Organic Baby Spinach'],"['Oven Roasted Turkey Breast', 'Roma Tomatoes']",Organic Baby Spinach,Oven Roasted Turkey Breast + Roma Tomatoes,Organic Baby Spinach ➔ Oven Roasted Turkey Breast + Roma Tomatoes,0.079,0.395,4.36,0.0609,1.503,0.2,0.0906
"['Organic Bananas', 'Organic Whole Milk']","['Artisanal Sourdough Bread', 'Organic Strawberry Jam']",Organic Bananas + Organic Whole Milk,Artisanal Sourdough Bread + Organic Strawberry Jam,Organic Bananas + Organic Whole Milk ➔ Artisanal Sourdough Bread + Organic Strawberry Jam,0.0387,0.5633,4.357,0.0298,1.994,0.0687,0.1293
"['72% Dark Chocolate Bar', 'Extra Virgin Olive Oil', 'Slow-Simmered Marinara']",['Grated Parmesan Cheese'],72% Dark Chocolate Bar + Extra Virgin Olive Oil + Slow-Simmered Marinara,Grated Parmesan Cheese,72% Dark Chocolate Bar + Extra Virgin Olive Oil + Slow-Simmered Marinara ➔ Grated Parmesan Cheese,0.0442,0.884,4.355,0.0341,6.871,0.05,0.203
"['Fresh Limes', 'Sparkling Mineral Water']","['Fresh Organic Cilantro', 'Organic Hass Avocados']",Fresh Limes + Sparkling Mineral Water,Fresh Organic Cilantro + Organic Hass Avocados,Fresh Limes + Sparkling Mineral Water ➔ Fresh Organic Cilantro + Organic Hass Avocados,0.08,0.7569,4.355,0.0616,3.398,0.1057,0.1738
"['Fresh Organic Cilantro', 'Organic Hass Avocados']","['Fresh Limes', 'Sparkling Mineral Water']",Fresh Organic Cilantro + Organic Hass Avocados,Fresh Limes + Sparkling Mineral Water,Fresh Organic Cilantro + Organic Hass Avocados ➔ Fresh Limes + Sparkling Mineral Water,0.08,0.4603,4.355,0.0616,1.657,0.1738,0.1057
"['Fresh Organic Cilantro', 'Sparkling Mineral Water']","['Fresh Limes', 'Organic Hass Avocados']",Fresh Organic Cilantro + Sparkling Mineral Water,Fresh Limes + Organic Hass Avocados,Fresh Organic Cilantro + Sparkling Mineral Water ➔ Fresh Limes + Organic Hass Avocados,0.08,0.7685,4.354,0.0616,3.557,0.1041,0.1765
"['Fresh Limes', 'Organic Hass Avocados']","['Fresh Organic Cilantro', 'Sparkling Mineral Water']",Fresh Limes + Organic Hass Avocados,Fresh Organic Cilantro + Sparkling Mineral Water,Fresh Limes + Organic Hass Avocados ➔ Fresh Organic Cilantro + Sparkling Mineral Water,0.08,0.4533,4.354,0.0616,1.639,0.1765,0.1041
"['Fresh Limes', 'Sparkling Mineral Water']","['Fresh Organic Cilantro', 'Roma Tomatoes']",Fresh Limes + Sparkling Mineral Water,Fresh Organic Cilantro + Roma Tomatoes,Fresh Limes + Sparkling Mineral Water ➔ Fresh Organic Cilantro + Roma Tomatoes,0.0502,0.4749,4.353,0.0387,1.697,0.1057,0.1091
"['Fresh Organic Cilantro', 'Roma Tomatoes']","['Fresh Limes', 'Sparkling Mineral Water']",Fresh Organic Cilantro + Roma Tomatoes,Fresh Limes + Sparkling Mineral Water,Fresh Organic Cilantro + Roma Tomatoes ➔ Fresh Limes + Sparkling Mineral Water,0.0502,0.4601,4.353,0.0387,1.657,0.1091,0.1057
['Sea Salt Kettle Chips'],"['Artisanal Sourdough Bread', 'Organic Strawberry Jam']",Sea Salt Kettle Chips,Artisanal Sourdough Bread + Organic Strawberry Jam,Sea Salt Kettle Chips ➔ Artisanal Sourdough Bread + Organic Strawberry Jam,0.0659,0.5628,4.352,0.0508,1.991,0.1171,0.1293
"['Artisanal Sourdough Bread', 'Organic Strawberry Jam']",['Sea Salt Kettle Chips'],Artisanal Sourdough Bread + Organic Strawberry Jam,Sea Salt Kettle Chips,Artisanal Sourdough Bread + Organic Strawberry Jam ➔ Sea Salt Kettle Chips,0.0659,0.5097,4.352,0.0508,1.801,0.1293,0.1171
"['Oven Roasted Turkey Breast', 'Roasted Salted Almonds']",['Organic Baby Spinach'],Oven Roasted Turkey Breast + Roasted Salted Almonds,Organic Baby Spinach,Oven Roasted Turkey Breast + Roasted Salted Almonds ➔ Organic Baby Spinach,0.0475,0.87,4.35,0.0366,6.152,0.0546,0.2
"['Grated Parmesan Cheese', 'Penne Rigate Pasta']",['Slow-Simmered Marinara'],Grated Parmesan Cheese + Penne Rigate Pasta,Slow-Simmered Marinara,Grated Parmesan Cheese + Penne Rigate Pasta ➔ Slow-Simmered Marinara,0.1375,0.8747,4.345,0.1059,6.373,0.1572,0.2013
['Slow-Simmered Marinara'],"['Grated Parmesan Cheese', 'Penne Rigate Pasta']",Slow-Simmered Marinara,Grated Parmesan Cheese + Penne Rigate Pasta,Slow-Simmered Marinara ➔ Grated Parmesan Cheese + Penne Rigate Pasta,0.1375,0.6831,4.345,0.1059,2.659,0.2013,0.1572
"['Artisanal Sourdough Bread', 'Penne Rigate Pasta']","['Grated Parmesan Cheese', 'Slow-Simmered Marinara']",Artisanal Sourdough Bread + Penne Rigate Pasta,Grated Parmesan Cheese + Slow-Simmered Marinara,Artisanal Sourdough Bread + Penne Rigate Pasta ➔ Grated Parmesan Cheese + Slow-Simmered Marinara,0.0736,0.6834,4.344,0.0567,2.662,0.1077,0.1573
"['Grated Parmesan Cheese', 'Slow-Simmered Marinara']","['Artisanal Sourdough Bread', 'Penne Rigate Pasta']",Grated Parmesan Cheese + Slow-Simmered Marinara,Artisanal Sourdough Bread + Penne Rigate Pasta,Grated Parmesan Cheese + Slow-Simmered Marinara ➔ Artisanal Sourdough Bread + Penne Rigate Pasta,0.0736,0.4679,4.344,0.0567,1.677,0.1573,0.1077
"['Artisanal Sourdough Bread', 'Organic Bananas', 'Organic Strawberry Jam']",['Sea Salt Kettle Chips'],Artisanal Sourdough Bread + Organic Bananas + Organic Strawberry Jam,Sea Salt Kettle Chips,Artisanal Sourdough Bread + Organic Bananas + Organic Strawberry Jam ➔ Sea Salt Kettle Chips,0.0354,0.5086,4.343,0.0272,1.797,0.0696,0.1171
"['72% Dark Chocolate Bar', 'Artisanal Sourdough Bread']","['Grated Parmesan Cheese', 'Penne Rigate Pasta']",72% Dark Chocolate Bar + Artisanal Sourdough Bread,Grated Parmesan Cheese + Penne Rigate Pasta,72% Dark Chocolate Bar + Artisanal Sourdough Bread ➔ Grated Parmesan Cheese + Penne Rigate Pasta,0.0471,0.6826,4.342,0.0363,2.655,0.069,0.1572
"['72% Dark Chocolate Bar', 'Slow-Simmered Marinara']","['Artisanal Sourdough Bread', 'Penne Rigate Pasta']",72% Dark Chocolate Bar + Slow-Simmered Marinara,Artisanal Sourdough Bread + Penne Rigate Pasta,72% Dark Chocolate Bar + Slow-Simmered Marinara ➔ Artisanal Sourdough Bread + Penne Rigate Pasta,0.0447,0.4671,4.337,0.0344,1.674,0.0957,0.1077
"['Artisanal Sourdough Bread', 'Penne Rigate Pasta']","['72% Dark Chocolate Bar', 'Slow-Simmered Marinara']",Artisanal Sourdough Bread + Penne Rigate Pasta,72% Dark Chocolate Bar + Slow-Simmered Marinara,Artisanal Sourdough Bread + Penne Rigate Pasta ➔ 72% Dark Chocolate Bar + Slow-Simmered Marinara,0.0447,0.415,4.337,0.0344,1.546,0.1077,0.0957
"['Organic Tortilla Chips', 'Sparkling Mineral Water']","['Fresh Organic Cilantro', 'Roma Tomatoes']",Organic Tortilla Chips + Sparkling Mineral Water,Fresh Organic Cilantro + Roma Tomatoes,Organic Tortilla Chips + Sparkling Mineral Water ➔ Fresh Organic Cilantro + Roma Tomatoes,0.0501,0.4731,4.336,0.0385,1.691,0.1059,0.1091
"['Fresh Organic Cilantro', 'Roma Tomatoes']","['Organic Tortilla Chips', 'Sparkling Mineral Water']",Fresh Organic Cilantro + Roma Tomatoes,Organic Tortilla Chips + Sparkling Mineral Water,Fresh Organic Cilantro + Roma Tomatoes ➔ Organic Tortilla Chips + Sparkling Mineral Water,0.0501,0.4592,4.336,0.0385,1.653,0.1091,0.1059
"['Artisanal Sourdough Bread', 'Organic Strawberry Jam', 'Organic Whole Milk']",['Sea Salt Kettle Chips'],Artisanal Sourdough Bread + Organic Strawberry Jam + Organic Whole Milk,Sea Salt Kettle Chips,Artisanal Sourdough Bread + Organic Strawberry Jam + Organic Whole Milk ➔ Sea Salt Kettle Chips,0.0366,0.5076,4.335,0.0282,1.793,0.0721,0.1171
"['Organic Tortilla Chips', 'Roma Tomatoes']","['Fresh Limes', 'Fresh Organic Cilantro']",Organic Tortilla Chips + Roma Tomatoes,Fresh Limes + Fresh Organic Cilantro,Organic Tortilla Chips + Roma Tomatoes ➔ Fresh Limes + Fresh Organic Cilantro,0.083,0.7532,4.331,0.0638,3.347,0.1102,0.1739
"['Fresh Limes', 'Fresh Organic Cilantro']","['Organic Tortilla Chips', 'Roma Tomatoes']",Fresh Limes + Fresh Organic Cilantro,Organic Tortilla Chips + Roma Tomatoes,Fresh Limes + Fresh Organic Cilantro ➔ Organic Tortilla Chips + Roma Tomatoes,0.083,0.4773,4.331,0.0638,1.702,0.1739,0.1102
"['72% Dark Chocolate Bar', 'Slow-Simmered Marinara']",['Grated Parmesan Cheese'],72% Dark Chocolate Bar + Slow-Simmered Marinara,Grated Parmesan Cheese,72% Dark Chocolate Bar + Slow-Simmered Marinara ➔ Grated Parmesan Cheese,0.0841,0.8788,4.329,0.0647,6.575,0.0957,0.203
['Grated Parmesan Cheese'],"['72% Dark Chocolate Bar', 'Slow-Simmered Marinara']",Grated Parmesan Cheese,72% Dark Chocolate Bar + Slow-Simmered Marinara,Grated Parmesan Cheese ➔ 72% Dark Chocolate Bar + Slow-Simmered Marinara,0.0841,0.4143,4.329,0.0647,1.544,0.203,0.0957
"['Extra Virgin Olive Oil', 'Organic Baby Spinach', 'Oven Roasted Turkey Breast']",['Roasted Salted Almonds'],Extra Virgin Olive Oil + Organic Baby Spinach + Oven Roasted Turkey Breast,Roasted Salted Almonds,Extra Virgin Olive Oil + Organic Baby Spinach + Oven Roasted Turkey Breast ➔ Roasted Salted Almonds,0.0426,0.5399,4.326,0.0328,1.902,0.0789,0.1248
['Oven Roasted Turkey Breast'],"['Extra Virgin Olive Oil', 'Organic Baby Spinach', 'Organic Hass Avocados']",Oven Roasted Turkey Breast,Extra Virgin Olive Oil + Organic Baby Spinach + Organic Hass Avocados,Oven Roasted Turkey Breast ➔ Extra Virgin Olive Oil + Organic Baby Spinach + Organic Hass Avocados,0.0702,0.5783,4.325,0.054,2.054,0.1214,0.1337
"['Extra Virgin Olive Oil', 'Organic Baby Spinach', 'Organic Hass Avocados']",['Oven Roasted Turkey Breast'],Extra Virgin Olive Oil + Organic Baby Spinach + Organic Hass Avocados,Oven Roasted Turkey Breast,Extra Virgin Olive Oil + Organic Baby Spinach + Organic Hass Avocados ➔ Oven Roasted Turkey Breast,0.0702,0.5251,4.325,0.054,1.85,0.1337,0.1214
"['Fresh Limes', 'Sparkling Mineral Water']","['Organic Hass Avocados', 'Organic Tortilla Chips']",Fresh Limes + Sparkling Mineral Water,Organic Hass Avocados + Organic Tortilla Chips,Fresh Limes + Sparkling Mineral Water ➔ Organic Hass Avocados + Organic Tortilla Chips,0.0793,0.7502,4.324,0.061,3.309,0.1057,0.1735
"['Organic Hass Avocados', 'Organic Tortilla Chips']","['Fresh Limes', 'Sparkling Mineral Water']",Organic Hass Avocados + Organic Tortilla Chips,Fresh Limes + Sparkling Mineral Water,Organic Hass Avocados + Organic Tortilla Chips ➔ Fresh Limes + Sparkling Mineral Water,0.0793,0.4571,4.324,0.061,1.647,0.1735,0.1057
"['Artisanal Sourdough Bread', 'Grated Parmesan Cheese', 'Penne Rigate Pasta']",['Slow-Simmered Marinara'],Artisanal Sourdough Bread + Grated Parmesan Cheese + Penne Rigate Pasta,Slow-Simmered Marinara,Artisanal Sourdough Bread + Grated Parmesan Cheese + Penne Rigate Pasta ➔ Slow-Simmered Marinara,0.0736,0.87,4.322,0.0566,6.143,0.0846,0.2013
"['Organic Baby Spinach', 'Organic Hass Avocados', 'Roasted Salted Almonds']",['Oven Roasted Turkey Breast'],Organic Baby Spinach + Organic Hass Avocados + Roasted Salted Almonds,Oven Roasted Turkey Breast,Organic Baby Spinach + Organic Hass Avocados + Roasted Salted Almonds ➔ Oven Roasted Turkey Breast,0.0425,0.5247,4.322,0.0327,1.848,0.081,0.1214
['Slow-Simmered Marinara'],"['Artisanal Sourdough Bread', 'Grated Parmesan Cheese', 'Penne Rigate Pasta']",Slow-Simmered Marinara,Artisanal Sourdough Bread + Grated Parmesan Cheese + Penne Rigate Pasta,Slow-Simmered Marinara ➔ Artisanal Sourdough Bread + Grated Parmesan Cheese + Penne Rigate Pasta,0.0736,0.3656,4.322,0.0566,1.443,0.2013,0.0846
['Oven Roasted Turkey Breast'],"['Organic Baby Spinach', 'Organic Hass Avocados', 'Roasted Salted Almonds']",Oven Roasted Turkey Breast,Organic Baby Spinach + Organic Hass Avocados + Roasted Salted Almonds,Oven Roasted Turkey Breast ➔ Organic Baby Spinach + Organic Hass Avocados + Roasted Salted Almonds,0.0425,0.3501,4.322,0.0327,1.414,0.1214,0.081
"['Extra Virgin Olive Oil', 'Grated Parmesan Cheese', 'Penne Rigate Pasta']",['Slow-Simmered Marinara'],Extra Virgin Olive Oil + Grated Parmesan Cheese + Penne Rigate Pasta,Slow-Simmered Marinara,Extra Virgin Olive Oil + Grated Parmesan Cheese + Penne Rigate Pasta ➔ Slow-Simmered Marinara,0.0735,0.8698,4.321,0.0565,6.135,0.0845,0.2013
"['Organic Hass Avocados', 'Roasted Salted Almonds', 'Roma Tomatoes']",['Organic Baby Spinach'],Organic Hass Avocados + Roasted Salted Almonds + Roma Tomatoes,Organic Baby Spinach,Organic Hass Avocados + Roasted Salted Almonds + Roma Tomatoes ➔ Organic Baby Spinach,0.0706,0.8641,4.321,0.0543,5.888,0.0817,0.2
"['Barista Oat Milk', 'Madagascar Vanilla Syrup']","['Espresso Roast Coffee Beans', 'Grade A Large Pasture Eggs']",Barista Oat Milk + Madagascar Vanilla Syrup,Espresso Roast Coffee Beans + Grade A Large Pasture Eggs,Barista Oat Milk + Madagascar Vanilla Syrup ➔ Espresso Roast Coffee Beans + Grade A Large Pasture Eggs,0.0546,0.8089,4.321,0.042,4.253,0.0675,0.1872
['Slow-Simmered Marinara'],"['Extra Virgin Olive Oil', 'Grated Parmesan Cheese', 'Penne Rigate Pasta']",Slow-Simmered Marinara,Extra Virgin Olive Oil + Grated Parmesan Cheese + Penne Rigate Pasta,Slow-Simmered Marinara ➔ Extra Virgin Olive Oil + Grated Parmesan Cheese + Penne Rigate Pasta,0.0735,0.3651,4.321,0.0565,1.442,0.2013,0.0845
['Organic Baby Spinach'],"['Organic Hass Avocados', 'Roasted Salted Almonds', 'Roma Tomatoes']",Organic Baby Spinach,Organic Hass Avocados + Roasted Salted Almonds + Roma Tomatoes,Organic Baby Spinach ➔ Organic Hass Avocados + Roasted Salted Almonds + Roma Tomatoes,0.0706,0.353,4.321,0.0543,1.419,0.2,0.0817
"['Extra Virgin Olive Oil', 'Organic Hass Avocados', 'Sparkling Mineral Water']",['Organic Baby Spinach'],Extra Virgin Olive Oil + Organic Hass Avocados + Sparkling Mineral Water,Organic Baby Spinach,Extra Virgin Olive Oil + Organic Hass Avocados + Sparkling Mineral Water ➔ Organic Baby Spinach,0.0724,0.864,4.32,0.0556,5.881,0.0838,0.2
['Organic Baby Spinach'],"['Extra Virgin Olive Oil', 'Organic Hass Avocados', 'Sparkling Mineral Water']",Organic Baby Spinach,Extra Virgin Olive Oil + Organic Hass Avocados + Sparkling Mineral Water,Organic Baby Spinach ➔ Extra Virgin Olive Oil + Organic Hass Avocados + Sparkling Mineral Water,0.0724,0.362,4.32,0.0556,1.436,0.2,0.0838
"['Extra Virgin Olive Oil', 'Roma Tomatoes']",['Organic Baby Spinach'],Extra Virgin Olive Oil + Roma Tomatoes,Organic Baby Spinach,Extra Virgin Olive Oil + Roma Tomatoes ➔ Organic Baby Spinach,0.1304,0.863,4.315,0.1002,5.84,0.1511,0.2
['Organic Baby Spinach'],"['Extra Virgin Olive Oil', 'Roma Tomatoes']",Organic Baby Spinach,Extra Virgin Olive Oil + Roma Tomatoes,Organic Baby Spinach ➔ Extra Virgin Olive Oil + Roma Tomatoes,0.1304,0.652,4.315,0.1002,2.439,0.2,0.1511
"['Fresh Limes', 'Roma Tomatoes']","['Fresh Organic Cilantro', 'Organic Hass Avocados']",Fresh Limes + Roma Tomatoes,Fresh Organic Cilantro + Organic Hass Avocados,Fresh Limes + Roma Tomatoes ➔ Fresh Organic Cilantro + Organic Hass Avocados,0.0824,0.7498,4.314,0.0633,3.302,0.1099,0.1738
"['Fresh Organic Cilantro', 'Organic Hass Avocados']","['Fresh Limes', 'Roma Tomatoes']",Fresh Organic Cilantro + Organic Hass Avocados,Fresh Limes + Roma Tomatoes,Fresh Organic Cilantro + Organic Hass Avocados ➔ Fresh Limes + Roma Tomatoes,0.0824,0.4741,4.314,0.0633,1.693,0.1738,0.1099
"['Fresh Limes', 'Mild Chunky Salsa']","['Fresh Organic Cilantro', 'Roma Tomatoes']",Fresh Limes + Mild Chunky Salsa,Fresh Organic Cilantro + Roma Tomatoes,Fresh Limes + Mild Chunky Salsa ➔ Fresh Organic Cilantro + Roma Tomatoes,0.0475,0.4703,4.311,0.0365,1.682,0.101,0.1091
"['Fresh Organic Cilantro', 'Roma Tomatoes']","['Fresh Limes', 'Mild Chunky Salsa']",Fresh Organic Cilantro + Roma Tomatoes,Fresh Limes + Mild Chunky Salsa,Fresh Organic Cilantro + Roma Tomatoes ➔ Fresh Limes + Mild Chunky Salsa,0.0475,0.4354,4.311,0.0365,1.592,0.1091,0.101
"['Organic Baby Spinach', 'Roasted Salted Almonds']",['Oven Roasted Turkey Breast'],Organic Baby Spinach + Roasted Salted Almonds,Oven Roasted Turkey Breast,Organic Baby Spinach + Roasted Salted Almonds ➔ Oven Roasted Turkey Breast,0.0475,0.5231,4.309,0.0365,1.842,0.0908,0.1214
['Oven Roasted Turkey Breast'],"['Organic Baby Spinach', 'Roasted Salted Almonds']",Oven Roasted Turkey Breast,Organic Baby Spinach + Roasted Salted Almonds,Oven Roasted Turkey Breast ➔ Organic Baby Spinach + Roasted Salted Almonds,0.0475,0.3913,4.309,0.0365,1.494,0.1214,0.0908
"['Roasted Salted Almonds', 'Roma Tomatoes', 'Sparkling Mineral Water']",['Organic Baby Spinach'],Roasted Salted Almonds + Roma Tomatoes + Sparkling Mineral Water,Organic Baby Spinach,Roasted Salted Almonds + Roma Tomatoes + Sparkling Mineral Water ➔ Organic Baby Spinach,0.041,0.8613,4.307,0.0315,5.77,0.0476,0.2
"['Mild Chunky Salsa', 'Organic Hass Avocados']","['Fresh Limes', 'Organic Tortilla Chips']",Mild Chunky Salsa + Organic Hass Avocados,Fresh Limes + Organic Tortilla Chips,Mild Chunky Salsa + Organic Hass Avocados ➔ Fresh Limes + Organic Tortilla Chips,0.0779,0.7405,4.305,0.0598,3.191,0.1052,0.172
"['Artisanal Sourdough Bread', 'Creamy Peanut Butter', 'Organic Whole Milk']",['Sea Salt Kettle Chips'],Artisanal Sourdough Bread + Creamy Peanut Butter + Organic Whole Milk,Sea Salt Kettle Chips,Artisanal Sourdough Bread + Creamy Peanut Butter + Organic Whole Milk ➔ Sea Salt Kettle Chips,0.0371,0.5041,4.305,0.0285,1.78,0.0736,0.1171
"['Fresh Limes', 'Organic Tortilla Chips']","['Mild Chunky Salsa', 'Organic Hass Avocados']",Fresh Limes + Organic Tortilla Chips,Mild Chunky Salsa + Organic Hass Avocados,Fresh Limes + Organic Tortilla Chips ➔ Mild Chunky Salsa + Organic Hass Avocados,0.0779,0.4529,4.305,0.0598,1.636,0.172,0.1052
"['Extra Virgin Olive Oil', 'Roma Tomatoes', 'Sparkling Mineral Water']",['Oven Roasted Turkey Breast'],Extra Virgin Olive Oil + Roma Tomatoes + Sparkling Mineral Water,Oven Roasted Turkey Breast,Extra Virgin Olive Oil + Roma Tomatoes + Sparkling Mineral Water ➔ Oven Roasted Turkey Breast,0.0418,0.5225,4.304,0.0321,1.84,0.08,0.1214
"['Fresh Organic Cilantro', 'Sparkling Mineral Water']","['Mild Chunky Salsa', 'Organic Hass Avocados']",Fresh Organic Cilantro + Sparkling Mineral Water,Mild Chunky Salsa + Organic Hass Avocados,Fresh Organic Cilantro + Sparkling Mineral Water ➔ Mild Chunky Salsa + Organic Hass Avocados,0.0471,0.4524,4.301,0.0361,1.634,0.1041,0.1052
"['Mild Chunky Salsa', 'Organic Hass Avocados']","['Fresh Organic Cilantro', 'Sparkling Mineral Water']",Mild Chunky Salsa + Organic Hass Avocados,Fresh Organic Cilantro + Sparkling Mineral Water,Mild Chunky Salsa + Organic Hass Avocados ➔ Fresh Organic Cilantro + Sparkling Mineral Water,0.0471,0.4477,4.301,0.0361,1.622,0.1052,0.1041
"['Madagascar Vanilla Syrup', 'Salted Creamery Butter']","['Espresso Roast Coffee Beans', 'Grade A Large Pasture Eggs']",Madagascar Vanilla Syrup + Salted Creamery Butter,Espresso Roast Coffee Beans + Grade A Large Pasture Eggs,Madagascar Vanilla Syrup + Salted Creamery Butter ➔ Espresso Roast Coffee Beans + Grade A Large Pasture Eggs,0.0522,0.8043,4.297,0.0401,4.154,0.0649,0.1872
"['Oven Roasted Turkey Breast', 'Roma Tomatoes', 'Sparkling Mineral Water']",['Organic Baby Spinach'],Oven Roasted Turkey Breast + Roma Tomatoes + Sparkling Mineral Water,Organic Baby Spinach,Oven Roasted Turkey Breast + Roma Tomatoes + Sparkling Mineral Water ➔ Organic Baby Spinach,0.0427,0.8592,4.296,0.0328,5.68,0.0497,0.2
"['Organic Bananas', 'Organic Strawberry Jam']",['Sea Salt Kettle Chips'],Organic Bananas + Organic Strawberry Jam,Sea Salt Kettle Chips,Organic Bananas + Organic Strawberry Jam ➔ Sea Salt Kettle Chips,0.0406,0.5031,4.296,0.0312,1.777,0.0807,0.1171
"['72% Dark Chocolate Bar', 'Grated Parmesan Cheese', 'Penne Rigate Pasta']",['Slow-Simmered Marinara'],72% Dark Chocolate Bar + Grated Parmesan Cheese + Penne Rigate Pasta,Slow-Simmered Marinara,72% Dark Chocolate Bar + Grated Parmesan Cheese + Penne Rigate Pasta ➔ Slow-Simmered Marinara,0.074,0.8645,4.295,0.0568,5.894,0.0856,0.2013
"['Fresh Organic Cilantro', 'Roma Tomatoes']","['Organic Hass Avocados', 'Organic Tortilla Chips']",Fresh Organic Cilantro + Roma Tomatoes,Organic Hass Avocados + Organic Tortilla Chips,Fresh Organic Cilantro + Roma Tomatoes ➔ Organic Hass Avocados + Organic Tortilla Chips,0.0813,0.7452,4.295,0.0624,3.244,0.1091,0.1735
"['Organic Hass Avocados', 'Organic Tortilla Chips']","['Fresh Organic Cilantro', 'Roma Tomatoes']",Organic Hass Avocados + Organic Tortilla Chips,Fresh Organic Cilantro + Roma Tomatoes,Organic Hass Avocados + Organic Tortilla Chips ➔ Fresh Organic Cilantro + Roma Tomatoes,0.0813,0.4686,4.295,0.0624,1.676,0.1735,0.1091
['Slow-Simmered Marinara'],"['72% Dark Chocolate Bar', 'Grated Parmesan Cheese', 'Penne Rigate Pasta']",Slow-Simmered Marinara,72% Dark Chocolate Bar + Grated Parmesan Cheese + Penne Rigate Pasta,Slow-Simmered Marinara ➔ 72% Dark Chocolate Bar + Grated Parmesan Cheese + Penne Rigate Pasta,0.074,0.3676,4.295,0.0568,1.446,0.2013,0.0856
"['Extra Virgin Olive Oil', 'Grated Parmesan Cheese']","['Artisanal Sourdough Bread', 'Slow-Simmered Marinara']",Extra Virgin Olive Oil + Grated Parmesan Cheese,Artisanal Sourdough Bread + Slow-Simmered Marinara,Extra Virgin Olive Oil + Grated Parmesan Cheese ➔ Artisanal Sourdough Bread + Slow-Simmered Marinara,0.0455,0.4439,4.293,0.0349,1.612,0.1025,0.1034
"['Artisanal Sourdough Bread', 'Slow-Simmered Marinara']","['Extra Virgin Olive Oil', 'Grated Parmesan Cheese']",Artisanal Sourdough Bread + Slow-Simmered Marinara,Extra Virgin Olive Oil + Grated Parmesan Cheese,Artisanal Sourdough Bread + Slow-Simmered Marinara ➔ Extra Virgin Olive Oil + Grated Parmesan Cheese,0.0455,0.44,4.293,0.0349,1.603,0.1034,0.1025
"['Fresh Organic Cilantro', 'Mild Chunky Salsa']","['Organic Tortilla Chips', 'Roma Tomatoes']",Fresh Organic Cilantro + Mild Chunky Salsa,Organic Tortilla Chips + Roma Tomatoes,Fresh Organic Cilantro + Mild Chunky Salsa ➔ Organic Tortilla Chips + Roma Tomatoes,0.0479,0.4729,4.291,0.0367,1.688,0.1013,0.1102
"['Fresh Limes', 'Mild Chunky Salsa']","['Organic Tortilla Chips', 'Sparkling Mineral Water']",Fresh Limes + Mild Chunky Salsa,Organic Tortilla Chips + Sparkling Mineral Water,Fresh Limes + Mild Chunky Salsa ➔ Organic Tortilla Chips + Sparkling Mineral Water,0.0459,0.4545,4.291,0.0352,1.639,0.101,0.1059
"['Organic Tortilla Chips', 'Roma Tomatoes']","['Fresh Organic Cilantro', 'Mild Chunky Salsa']",Organic Tortilla Chips + Roma Tomatoes,Fresh Organic Cilantro + Mild Chunky Salsa,Organic Tortilla Chips + Roma Tomatoes ➔ Fresh Organic Cilantro + Mild Chunky Salsa,0.0479,0.4347,4.291,0.0367,1.59,0.1102,0.1013
"['Organic Tortilla Chips', 'Sparkling Mineral Water']","['Fresh Limes', 'Mild Chunky Salsa']",Organic Tortilla Chips + Sparkling Mineral Water,Fresh Limes + Mild Chunky Salsa,Organic Tortilla Chips + Sparkling Mineral Water ➔ Fresh Limes + Mild Chunky Salsa,0.0459,0.4334,4.291,0.0352,1.587,0.1059,0.101
['Sea Salt Kettle Chips'],"['Artisanal Sourdough Bread', 'Creamy Peanut Butter']",Sea Salt Kettle Chips,Artisanal Sourdough Bread + Creamy Peanut Butter,Sea Salt Kettle Chips ➔ Artisanal Sourdough Bread + Creamy Peanut Butter,0.0661,0.5645,4.289,0.0507,1.994,0.1171,0.1316
"['Extra Virgin Olive Oil', 'Roasted Salted Almonds']",['Oven Roasted Turkey Breast'],Extra Virgin Olive Oil + Roasted Salted Almonds,Oven Roasted Turkey Breast,Extra Virgin Olive Oil + Roasted Salted Almonds ➔ Oven Roasted Turkey Breast,0.0478,0.5207,4.289,0.0367,1.833,0.0918,0.1214
"['Artisanal Sourdough Bread', 'Creamy Peanut Butter']",['Sea Salt Kettle Chips'],Artisanal Sourdough Bread + Creamy Peanut Butter,Sea Salt Kettle Chips,Artisanal Sourdough Bread + Creamy Peanut Butter ➔ Sea Salt Kettle Chips,0.0661,0.5023,4.289,0.0507,1.774,0.1316,0.1171
['Oven Roasted Turkey Breast'],"['Extra Virgin Olive Oil', 'Roasted Salted Almonds']",Oven Roasted Turkey Breast,Extra Virgin Olive Oil + Roasted Salted Almonds,Oven Roasted Turkey Breast ➔ Extra Virgin Olive Oil + Roasted Salted Almonds,0.0478,0.3937,4.289,0.0367,1.498,0.1214,0.0918
"['Mild Chunky Salsa', 'Organic Hass Avocados']","['Fresh Organic Cilantro', 'Organic Tortilla Chips']",Mild Chunky Salsa + Organic Hass Avocados,Fresh Organic Cilantro + Organic Tortilla Chips,Mild Chunky Salsa + Organic Hass Avocados ➔ Fresh Organic Cilantro + Organic Tortilla Chips,0.0779,0.7405,4.288,0.0597,3.188,0.1052,0.1727
"['Fresh Organic Cilantro', 'Organic Tortilla Chips']","['Mild Chunky Salsa', 'Organic Hass Avocados']",Fresh Organic Cilantro + Organic Tortilla Chips,Mild Chunky Salsa + Organic Hass Avocados,Fresh Organic Cilantro + Organic Tortilla Chips ➔ Mild Chunky Salsa + Organic Hass Avocados,0.0779,0.4511,4.288,0.0597,1.63,0.1727,0.1052
"['Fresh Limes', 'Mild Chunky Salsa', 'Roma Tomatoes']",['Fresh Organic Cilantro'],Fresh Limes + Mild Chunky Salsa + Roma Tomatoes,Fresh Organic Cilantro,Fresh Limes + Mild Chunky Salsa + Roma Tomatoes ➔ Fresh Organic Cilantro,0.0475,0.917,4.287,0.0364,9.47,0.0518,0.2139
"['Extra Virgin Olive Oil', 'Roasted Salted Almonds']",['Organic Baby Spinach'],Extra Virgin Olive Oil + Roasted Salted Almonds,Organic Baby Spinach,Extra Virgin Olive Oil + Roasted Salted Almonds ➔ Organic Baby Spinach,0.0787,0.8573,4.286,0.0603,5.606,0.0918,0.2
['Organic Baby Spinach'],"['Extra Virgin Olive Oil', 'Roasted Salted Almonds']",Organic Baby Spinach,Extra Virgin Olive Oil + Roasted Salted Almonds,Organic Baby Spinach ➔ Extra Virgin Olive Oil + Roasted Salted Almonds,0.0787,0.3935,4.286,0.0603,1.497,0.2,0.0918
"['Organic Tortilla Chips', 'Sparkling Mineral Water']","['Fresh Organic Cilantro', 'Organic Hass Avocados']",Organic Tortilla Chips + Sparkling Mineral Water,Fresh Organic Cilantro + Organic Hass Avocados,Organic Tortilla Chips + Sparkling Mineral Water ➔ Fresh Organic Cilantro + Organic Hass Avocados,0.0788,0.7441,4.281,0.0604,3.229,0.1059,0.1738
"['Fresh Organic Cilantro', 'Organic Hass Avocados']","['Organic Tortilla Chips', 'Sparkling Mineral Water']",Fresh Organic Cilantro + Organic Hass Avocados,Organic Tortilla Chips + Sparkling Mineral Water,Fresh Organic Cilantro + Organic Hass Avocados ➔ Organic Tortilla Chips + Sparkling Mineral Water,0.0788,0.4534,4.281,0.0604,1.636,0.1738,0.1059
"['Fresh Organic Cilantro', 'Roma Tomatoes']","['Fresh Limes', 'Organic Hass Avocados']",Fresh Organic Cilantro + Roma Tomatoes,Fresh Limes + Organic Hass Avocados,Fresh Organic Cilantro + Roma Tomatoes ➔ Fresh Limes + Organic Hass Avocados,0.0824,0.7553,4.279,0.0631,3.365,0.1091,0.1765
"['Fresh Limes', 'Organic Hass Avocados']","['Fresh Organic Cilantro', 'Roma Tomatoes']",Fresh Limes + Organic Hass Avocados,Fresh Organic Cilantro + Roma Tomatoes,Fresh Limes + Organic Hass Avocados ➔ Fresh Organic Cilantro + Roma Tomatoes,0.0824,0.4669,4.279,0.0631,1.671,0.1765,0.1091
"['Organic Baby Spinach', 'Organic Hass Avocados', 'Oven Roasted Turkey Breast']",['Roasted Salted Almonds'],Organic Baby Spinach + Organic Hass Avocados + Oven Roasted Turkey Breast,Roasted Salted Almonds,Organic Baby Spinach + Organic Hass Avocados + Oven Roasted Turkey Breast ➔ Roasted Salted Almonds,0.0425,0.5339,4.278,0.0326,1.878,0.0796,0.1248
"['Artisanal Sourdough Bread', 'Extra Virgin Olive Oil', 'Penne Rigate Pasta']",['Slow-Simmered Marinara'],Artisanal Sourdough Bread + Extra Virgin Olive Oil + Penne Rigate Pasta,Slow-Simmered Marinara,Artisanal Sourdough Bread + Extra Virgin Olive Oil + Penne Rigate Pasta ➔ Slow-Simmered Marinara,0.044,0.8611,4.277,0.0337,5.748,0.0511,0.2013
"['Roasted Salted Almonds', 'Roma Tomatoes']",['Organic Baby Spinach'],Roasted Salted Almonds + Roma Tomatoes,Organic Baby Spinach,Roasted Salted Almonds + Roma Tomatoes ➔ Organic Baby Spinach,0.0786,0.8553,4.276,0.0602,5.528,0.0919,0.2
['Organic Baby Spinach'],"['Roasted Salted Almonds', 'Roma Tomatoes']",Organic Baby Spinach,Roasted Salted Almonds + Roma Tomatoes,Organic Baby Spinach ➔ Roasted Salted Almonds + Roma Tomatoes,0.0786,0.393,4.276,0.0602,1.496,0.2,0.0919
"['Mild Chunky Salsa', 'Roma Tomatoes']","['Fresh Organic Cilantro', 'Organic Tortilla Chips']",Mild Chunky Salsa + Roma Tomatoes,Fresh Organic Cilantro + Organic Tortilla Chips,Mild Chunky Salsa + Roma Tomatoes ➔ Fresh Organic Cilantro + Organic Tortilla Chips,0.0479,0.7381,4.274,0.0367,3.158,0.0649,0.1727
"['Organic Strawberry Jam', 'Organic Whole Milk']",['Sea Salt Kettle Chips'],Organic Strawberry Jam + Organic Whole Milk,Sea Salt Kettle Chips,Organic Strawberry Jam + Organic Whole Milk ➔ Sea Salt Kettle Chips,0.0428,0.5,4.27,0.0328,1.766,0.0856,0.1171
['Sea Salt Kettle Chips'],"['Organic Strawberry Jam', 'Organic Whole Milk']",Sea Salt Kettle Chips,Organic Strawberry Jam + Organic Whole Milk,Sea Salt Kettle Chips ➔ Organic Strawberry Jam + Organic Whole Milk,0.0428,0.3655,4.27,0.0328,1.441,0.1171,0.0856
"['Fresh Organic Cilantro', 'Mild Chunky Salsa']","['Fresh Limes', 'Roma Tomatoes']",Fresh Organic Cilantro + Mild Chunky Salsa,Fresh Limes + Roma Tomatoes,Fresh Organic Cilantro + Mild Chunky Salsa ➔ Fresh Limes + Roma Tomatoes,0.0475,0.4689,4.267,0.0364,1.676,0.1013,0.1099
"['Fresh Limes', 'Roma Tomatoes']","['Fresh Organic Cilantro', 'Mild Chunky Salsa']",Fresh Limes + Roma Tomatoes,Fresh Organic Cilantro + Mild Chunky Salsa,Fresh Limes + Roma Tomatoes ➔ Fresh Organic Cilantro + Mild Chunky Salsa,0.0475,0.4322,4.267,0.0364,1.583,0.1099,0.1013
"['72% Dark Chocolate Bar', 'Artisanal Sourdough Bread']","['Grated Parmesan Cheese', 'Slow-Simmered Marinara']",72% Dark Chocolate Bar + Artisanal Sourdough Bread,Grated Parmesan Cheese + Slow-Simmered Marinara,72% Dark Chocolate Bar + Artisanal Sourdough Bread ➔ Grated Parmesan Cheese + Slow-Simmered Marinara,0.0463,0.671,4.266,0.0354,2.562,0.069,0.1573
['Oven Roasted Turkey Breast'],"['Extra Virgin Olive Oil', 'Organic Baby Spinach']",Oven Roasted Turkey Breast,Extra Virgin Olive Oil + Organic Baby Spinach,Oven Roasted Turkey Breast ➔ Extra Virgin Olive Oil + Organic Baby Spinach,0.0789,0.6499,4.265,0.0604,2.421,0.1214,0.1524
"['Extra Virgin Olive Oil', 'Organic Baby Spinach']",['Oven Roasted Turkey Breast'],Extra Virgin Olive Oil + Organic Baby Spinach,Oven Roasted Turkey Breast,Extra Virgin Olive Oil + Organic Baby Spinach ➔ Oven Roasted Turkey Breast,0.0789,0.5177,4.265,0.0604,1.822,0.1524,0.1214
"['72% Dark Chocolate Bar', 'Grated Parmesan Cheese']",['Slow-Simmered Marinara'],72% Dark Chocolate Bar + Grated Parmesan Cheese,Slow-Simmered Marinara,72% Dark Chocolate Bar + Grated Parmesan Cheese ➔ Slow-Simmered Marinara,0.0841,0.8582,4.263,0.0644,5.631,0.098,0.2013
"['Madagascar Vanilla Syrup', 'Salted Creamery Butter']","['Barista Oat Milk', 'Espresso Roast Coffee Beans']",Madagascar Vanilla Syrup + Salted Creamery Butter,Barista Oat Milk + Espresso Roast Coffee Beans,Madagascar Vanilla Syrup + Salted Creamery Butter ➔ Barista Oat Milk + Espresso Roast Coffee Beans,0.0311,0.4792,4.263,0.0238,1.704,0.0649,0.1124
['Slow-Simmered Marinara'],"['72% Dark Chocolate Bar', 'Grated Parmesan Cheese']",Slow-Simmered Marinara,72% Dark Chocolate Bar + Grated Parmesan Cheese,Slow-Simmered Marinara ➔ 72% Dark Chocolate Bar + Grated Parmesan Cheese,0.0841,0.4178,4.263,0.0644,1.549,0.2013,0.098
"['Organic Tortilla Chips', 'Sparkling Mineral Water']","['Fresh Limes', 'Roma Tomatoes']",Organic Tortilla Chips + Sparkling Mineral Water,Fresh Limes + Roma Tomatoes,Organic Tortilla Chips + Sparkling Mineral Water ➔ Fresh Limes + Roma Tomatoes,0.0496,0.4684,4.262,0.038,1.674,0.1059,0.1099
"['Fresh Limes', 'Roma Tomatoes']","['Organic Tortilla Chips', 'Sparkling Mineral Water']",Fresh Limes + Roma Tomatoes,Organic Tortilla Chips + Sparkling Mineral Water,Fresh Limes + Roma Tomatoes ➔ Organic Tortilla Chips + Sparkling Mineral Water,0.0496,0.4513,4.262,0.038,1.63,0.1099,0.1059
"['Mild Chunky Salsa', 'Sparkling Mineral Water']","['Fresh Organic Cilantro', 'Organic Hass Avocados']",Mild Chunky Salsa + Sparkling Mineral Water,Fresh Organic Cilantro + Organic Hass Avocados,Mild Chunky Salsa + Sparkling Mineral Water ➔ Fresh Organic Cilantro + Organic Hass Avocados,0.0471,0.7406,4.261,0.036,3.185,0.0636,0.1738
"['Mild Chunky Salsa', 'Sparkling Mineral Water']","['Fresh Organic Cilantro', 'Organic Tortilla Chips']",Mild Chunky Salsa + Sparkling Mineral Water,Fresh Organic Cilantro + Organic Tortilla Chips,Mild Chunky Salsa + Sparkling Mineral Water ➔ Fresh Organic Cilantro + Organic Tortilla Chips,0.0468,0.7358,4.261,0.0358,3.132,0.0636,0.1727
"['Fresh Limes', 'Roma Tomatoes']","['Organic Hass Avocados', 'Organic Tortilla Chips']",Fresh Limes + Roma Tomatoes,Organic Hass Avocados + Organic Tortilla Chips,Fresh Limes + Roma Tomatoes ➔ Organic Hass Avocados + Organic Tortilla Chips,0.0812,0.7389,4.259,0.0621,3.165,0.1099,0.1735
"['Organic Hass Avocados', 'Organic Tortilla Chips']","['Fresh Limes', 'Roma Tomatoes']",Organic Hass Avocados + Organic Tortilla Chips,Fresh Limes + Roma Tomatoes,Organic Hass Avocados + Organic Tortilla Chips ➔ Fresh Limes + Roma Tomatoes,0.0812,0.468,4.259,0.0621,1.673,0.1735,0.1099
"['Fresh Limes', 'Sparkling Mineral Water']","['Organic Tortilla Chips', 'Roma Tomatoes']",Fresh Limes + Sparkling Mineral Water,Organic Tortilla Chips + Roma Tomatoes,Fresh Limes + Sparkling Mineral Water ➔ Organic Tortilla Chips + Roma Tomatoes,0.0496,0.4693,4.258,0.038,1.677,0.1057,0.1102
"['Barista Oat Milk', 'Madagascar Vanilla Syrup']","['Espresso Roast Coffee Beans', 'Salted Creamery Butter']",Barista Oat Milk + Madagascar Vanilla Syrup,Espresso Roast Coffee Beans + Salted Creamery Butter,Barista Oat Milk + Madagascar Vanilla Syrup ➔ Espresso Roast Coffee Beans + Salted Creamery Butter,0.0311,0.4607,4.258,0.0238,1.654,0.0675,0.1082
"['Organic Tortilla Chips', 'Roma Tomatoes']","['Fresh Limes', 'Sparkling Mineral Water']",Organic Tortilla Chips + Roma Tomatoes,Fresh Limes + Sparkling Mineral Water,Organic Tortilla Chips + Roma Tomatoes ➔ Fresh Limes + Sparkling Mineral Water,0.0496,0.4501,4.258,0.038,1.626,0.1102,0.1057
"['Extra Virgin Olive Oil', 'Oven Roasted Turkey Breast']",['Roasted Salted Almonds'],Extra Virgin Olive Oil + Oven Roasted Turkey Breast,Roasted Salted Almonds,Extra Virgin Olive Oil + Oven Roasted Turkey Breast ➔ Roasted Salted Almonds,0.0478,0.5311,4.256,0.0366,1.867,0.09,0.1248
['Roasted Salted Almonds'],"['Extra Virgin Olive Oil', 'Oven Roasted Turkey Breast']",Roasted Salted Almonds,Extra Virgin Olive Oil + Oven Roasted Turkey Breast,Roasted Salted Almonds ➔ Extra Virgin Olive Oil + Oven Roasted Turkey Breast,0.0478,0.383,4.256,0.0366,1.475,0.1248,0.09
['Roasted Salted Almonds'],"['Extra Virgin Olive Oil', 'Organic Baby Spinach', 'Organic Hass Avocados']",Roasted Salted Almonds,Extra Virgin Olive Oil + Organic Baby Spinach + Organic Hass Avocados,Roasted Salted Almonds ➔ Extra Virgin Olive Oil + Organic Baby Spinach + Organic Hass Avocados,0.071,0.5689,4.255,0.0543,2.01,0.1248,0.1337
"['Extra Virgin Olive Oil', 'Organic Baby Spinach', 'Organic Hass Avocados']",['Roasted Salted Almonds'],Extra Virgin Olive Oil + Organic Baby Spinach + Organic Hass Avocados,Roasted Salted Almonds,Extra Virgin Olive Oil + Organic Baby Spinach + Organic Hass Avocados ➔ Roasted Salted Almonds,0.071,0.531,4.255,0.0543,1.866,0.1337,0.1248
['Oven Roasted Turkey Breast'],"['Extra Virgin Olive Oil', 'Organic Hass Avocados', 'Roma Tomatoes']",Oven Roasted Turkey Breast,Extra Virgin Olive Oil + Organic Hass Avocados + Roma Tomatoes,Oven Roasted Turkey Breast ➔ Extra Virgin Olive Oil + Organic Hass Avocados + Roma Tomatoes,0.0682,0.5618,4.253,0.0522,1.981,0.1214,0.1321
"['Extra Virgin Olive Oil', 'Organic Hass Avocados', 'Roma Tomatoes']",['Oven Roasted Turkey Breast'],Extra Virgin Olive Oil + Organic Hass Avocados + Roma Tomatoes,Oven Roasted Turkey Breast,Extra Virgin Olive Oil + Organic Hass Avocados + Roma Tomatoes ➔ Oven Roasted Turkey Breast,0.0682,0.5163,4.253,0.0522,1.816,0.1321,0.1214
"['72% Dark Chocolate Bar', 'Penne Rigate Pasta']",['Slow-Simmered Marinara'],72% Dark Chocolate Bar + Penne Rigate Pasta,Slow-Simmered Marinara,72% Dark Chocolate Bar + Penne Rigate Pasta ➔ Slow-Simmered Marinara,0.0826,0.856,4.252,0.0632,5.545,0.0965,0.2013
['Slow-Simmered Marinara'],"['72% Dark Chocolate Bar', 'Penne Rigate Pasta']",Slow-Simmered Marinara,72% Dark Chocolate Bar + Penne Rigate Pasta,Slow-Simmered Marinara ➔ 72% Dark Chocolate Bar + Penne Rigate Pasta,0.0826,0.4103,4.252,0.0632,1.532,0.2013,0.0965
"['Mild Chunky Salsa', 'Sparkling Mineral Water']","['Fresh Limes', 'Fresh Organic Cilantro']",Mild Chunky Salsa + Sparkling Mineral Water,Fresh Limes + Fresh Organic Cilantro,Mild Chunky Salsa + Sparkling Mineral Water ➔ Fresh Limes + Fresh Organic Cilantro,0.047,0.739,4.25,0.0359,3.165,0.0636,0.1739
"['Mild Chunky Salsa', 'Organic Tortilla Chips', 'Roma Tomatoes']",['Fresh Organic Cilantro'],Mild Chunky Salsa + Organic Tortilla Chips + Roma Tomatoes,Fresh Organic Cilantro,Mild Chunky Salsa + Organic Tortilla Chips + Roma Tomatoes ➔ Fresh Organic Cilantro,0.0479,0.9089,4.249,0.0366,8.631,0.0527,0.2139
"['Organic Tortilla Chips', 'Roma Tomatoes']","['Fresh Organic Cilantro', 'Organic Hass Avocados']",Organic Tortilla Chips + Roma Tomatoes,Fresh Organic Cilantro + Organic Hass Avocados,Organic Tortilla Chips + Roma Tomatoes ➔ Fresh Organic Cilantro + Organic Hass Avocados,0.0813,0.7377,4.245,0.0621,3.15,0.1102,0.1738
"['Organic Hass Avocados', 'Roasted Salted Almonds', 'Roma Tomatoes']",['Oven Roasted Turkey Breast'],Organic Hass Avocados + Roasted Salted Almonds + Roma Tomatoes,Oven Roasted Turkey Breast,Organic Hass Avocados + Roasted Salted Almonds + Roma Tomatoes ➔ Oven Roasted Turkey Breast,0.0421,0.5153,4.245,0.0322,1.813,0.0817,0.1214
"['Fresh Organic Cilantro', 'Organic Hass Avocados']","['Organic Tortilla Chips', 'Roma Tomatoes']",Fresh Organic Cilantro + Organic Hass Avocados,Organic Tortilla Chips + Roma Tomatoes,Fresh Organic Cilantro + Organic Hass Avocados ➔ Organic Tortilla Chips + Roma Tomatoes,0.0813,0.4678,4.245,0.0621,1.672,0.1738,0.1102
"['72% Dark Chocolate Bar', 'Artisanal Sourdough Bread', 'Grated Parmesan Cheese']",['Slow-Simmered Marinara'],72% Dark Chocolate Bar + Artisanal Sourdough Bread + Grated Parmesan Cheese,Slow-Simmered Marinara,72% Dark Chocolate Bar + Artisanal Sourdough Bread + Grated Parmesan Cheese ➔ Slow-Simmered Marinara,0.0463,0.8542,4.244,0.0354,5.48,0.0542,0.2013
"['Organic Hass Avocados', 'Oven Roasted Turkey Breast']",['Organic Baby Spinach'],Organic Hass Avocados + Oven Roasted Turkey Breast,Organic Baby Spinach,Organic Hass Avocados + Oven Roasted Turkey Breast ➔ Organic Baby Spinach,0.0796,0.8486,4.243,0.0608,5.285,0.0938,0.2
"['Organic Tortilla Chips', 'Sparkling Mineral Water']","['Fresh Limes', 'Organic Hass Avocados']",Organic Tortilla Chips + Sparkling Mineral Water,Fresh Limes + Organic Hass Avocados,Organic Tortilla Chips + Sparkling Mineral Water ➔ Fresh Limes + Organic Hass Avocados,0.0793,0.7488,4.243,0.0606,3.279,0.1059,0.1765
"['Fresh Limes', 'Organic Hass Avocados']","['Organic Tortilla Chips', 'Sparkling Mineral Water']",Fresh Limes + Organic Hass Avocados,Organic Tortilla Chips + Sparkling Mineral Water,Fresh Limes + Organic Hass Avocados ➔ Organic Tortilla Chips + Sparkling Mineral Water,0.0793,0.4493,4.243,0.0606,1.624,0.1765,0.1059
['Organic Baby Spinach'],"['Organic Hass Avocados', 'Oven Roasted Turkey Breast']",Organic Baby Spinach,Organic Hass Avocados + Oven Roasted Turkey Breast,Organic Baby Spinach ➔ Organic Hass Avocados + Oven Roasted Turkey Breast,0.0796,0.398,4.243,0.0608,1.505,0.2,0.0938
"['Madagascar Vanilla Syrup', 'Organic Whole Milk']","['Espresso Roast Coffee Beans', 'Grade A Large Pasture Eggs']",Madagascar Vanilla Syrup + Organic Whole Milk,Espresso Roast Coffee Beans + Grade A Large Pasture Eggs,Madagascar Vanilla Syrup + Organic Whole Milk ➔ Espresso Roast Coffee Beans + Grade A Large Pasture Eggs,0.0937,0.7941,4.242,0.0716,3.947,0.118,0.1872
"['Espresso Roast Coffee Beans', 'Grade A Large Pasture Eggs']","['Madagascar Vanilla Syrup', 'Organic Whole Milk']",Espresso Roast Coffee Beans + Grade A Large Pasture Eggs,Madagascar Vanilla Syrup + Organic Whole Milk,Espresso Roast Coffee Beans + Grade A Large Pasture Eggs ➔ Madagascar Vanilla Syrup + Organic Whole Milk,0.0937,0.5005,4.242,0.0716,1.766,0.1872,0.118
"['Artisanal Sourdough Bread', 'Extra Virgin Olive Oil', 'Grated Parmesan Cheese']",['Slow-Simmered Marinara'],Artisanal Sourdough Bread + Extra Virgin Olive Oil + Grated Parmesan Cheese,Slow-Simmered Marinara,Artisanal Sourdough Bread + Extra Virgin Olive Oil + Grated Parmesan Cheese ➔ Slow-Simmered Marinara,0.0455,0.8537,4.241,0.0348,5.458,0.0533,0.2013
['Roasted Salted Almonds'],"['Extra Virgin Olive Oil', 'Organic Baby Spinach', 'Roma Tomatoes']",Roasted Salted Almonds,Extra Virgin Olive Oil + Organic Baby Spinach + Roma Tomatoes,Roasted Salted Almonds ➔ Extra Virgin Olive Oil + Organic Baby Spinach + Roma Tomatoes,0.069,0.5529,4.24,0.0527,1.945,0.1248,0.1304
"['Organic Baby Spinach', 'Oven Roasted Turkey Breast', 'Roma Tomatoes']",['Roasted Salted Almonds'],Organic Baby Spinach + Oven Roasted Turkey Breast + Roma Tomatoes,Roasted Salted Almonds,Organic Baby Spinach + Oven Roasted Turkey Breast + Roma Tomatoes ➔ Roasted Salted Almonds,0.0418,0.5291,4.24,0.0319,1.859,0.079,0.1248
"['Extra Virgin Olive Oil', 'Organic Baby Spinach', 'Roma Tomatoes']",['Roasted Salted Almonds'],Extra Virgin Olive Oil + Organic Baby Spinach + Roma Tomatoes,Roasted Salted Almonds,Extra Virgin Olive Oil + Organic Baby Spinach + Roma Tomatoes ➔ Roasted Salted Almonds,0.069,0.5291,4.24,0.0527,1.859,0.1304,0.1248
"['72% Dark Chocolate Bar', 'Extra Virgin Olive Oil', 'Penne Rigate Pasta']",['Slow-Simmered Marinara'],72% Dark Chocolate Bar + Extra Virgin Olive Oil + Penne Rigate Pasta,Slow-Simmered Marinara,72% Dark Chocolate Bar + Extra Virgin Olive Oil + Penne Rigate Pasta ➔ Slow-Simmered Marinara,0.0429,0.8529,4.237,0.0328,5.429,0.0503,0.2013
['Roasted Salted Almonds'],"['Extra Virgin Olive Oil', 'Organic Hass Avocados', 'Roma Tomatoes']",Roasted Salted Almonds,Extra Virgin Olive Oil + Organic Hass Avocados + Roma Tomatoes,Roasted Salted Almonds ➔ Extra Virgin Olive Oil + Organic Hass Avocados + Roma Tomatoes,0.0698,0.5593,4.234,0.0533,1.969,0.1248,0.1321
"['Extra Virgin Olive Oil', 'Organic Hass Avocados', 'Roma Tomatoes']",['Roasted Salted Almonds'],Extra Virgin Olive Oil + Organic Hass Avocados + Roma Tomatoes,Roasted Salted Almonds,Extra Virgin Olive Oil + Organic Hass Avocados + Roma Tomatoes ➔ Roasted Salted Almonds,0.0698,0.5284,4.234,0.0533,1.856,0.1321,0.1248
"['Organic Hass Avocados', 'Oven Roasted Turkey Breast', 'Roma Tomatoes']",['Roasted Salted Almonds'],Organic Hass Avocados + Oven Roasted Turkey Breast + Roma Tomatoes,Roasted Salted Almonds,Organic Hass Avocados + Oven Roasted Turkey Breast + Roma Tomatoes ➔ Roasted Salted Almonds,0.0421,0.5282,4.233,0.0322,1.855,0.0797,0.1248
"['72% Dark Chocolate Bar', 'Artisanal Sourdough Bread', 'Penne Rigate Pasta']",['Slow-Simmered Marinara'],72% Dark Chocolate Bar + Artisanal Sourdough Bread + Penne Rigate Pasta,Slow-Simmered Marinara,72% Dark Chocolate Bar + Artisanal Sourdough Bread + Penne Rigate Pasta ➔ Slow-Simmered Marinara,0.0447,0.8514,4.23,0.0341,5.376,0.0525,0.2013
"['Barista Oat Milk', 'Madagascar Vanilla Syrup']","['Espresso Roast Coffee Beans', 'Organic Whole Milk']",Barista Oat Milk + Madagascar Vanilla Syrup,Espresso Roast Coffee Beans + Organic Whole Milk,Barista Oat Milk + Madagascar Vanilla Syrup ➔ Espresso Roast Coffee Beans + Organic Whole Milk,0.0545,0.8074,4.229,0.0416,4.201,0.0675,0.1909
"['Mild Chunky Salsa', 'Organic Tortilla Chips']","['Fresh Limes', 'Roma Tomatoes']",Mild Chunky Salsa + Organic Tortilla Chips,Fresh Limes + Roma Tomatoes,Mild Chunky Salsa + Organic Tortilla Chips ➔ Fresh Limes + Roma Tomatoes,0.0462,0.4643,4.225,0.0353,1.662,0.0995,0.1099
"['Fresh Limes', 'Roma Tomatoes']","['Mild Chunky Salsa', 'Organic Tortilla Chips']",Fresh Limes + Roma Tomatoes,Mild Chunky Salsa + Organic Tortilla Chips,Fresh Limes + Roma Tomatoes ➔ Mild Chunky Salsa + Organic Tortilla Chips,0.0462,0.4204,4.225,0.0353,1.554,0.1099,0.0995
"['72% Dark Chocolate Bar', 'Extra Virgin Olive Oil', 'Grated Parmesan Cheese']",['Slow-Simmered Marinara'],72% Dark Chocolate Bar + Extra Virgin Olive Oil + Grated Parmesan Cheese,Slow-Simmered Marinara,72% Dark Chocolate Bar + Extra Virgin Olive Oil + Grated Parmesan Cheese ➔ Slow-Simmered Marinara,0.0442,0.85,4.223,0.0337,5.325,0.052,0.2013
"['Organic Hass Avocados', 'Oven Roasted Turkey Breast', 'Sparkling Mineral Water']",['Organic Baby Spinach'],Organic Hass Avocados + Oven Roasted Turkey Breast + Sparkling Mineral Water,Organic Baby Spinach,Organic Hass Avocados + Oven Roasted Turkey Breast + Sparkling Mineral Water ➔ Organic Baby Spinach,0.0427,0.8439,4.219,0.0326,5.124,0.0506,0.2
"['Grade A Large Pasture Eggs', 'Madagascar Vanilla Syrup']","['Espresso Roast Coffee Beans', 'Organic Whole Milk']",Grade A Large Pasture Eggs + Madagascar Vanilla Syrup,Espresso Roast Coffee Beans + Organic Whole Milk,Grade A Large Pasture Eggs + Madagascar Vanilla Syrup ➔ Espresso Roast Coffee Beans + Organic Whole Milk,0.0937,0.805,4.217,0.0715,4.149,0.1164,0.1909
"['Espresso Roast Coffee Beans', 'Organic Whole Milk']","['Grade A Large Pasture Eggs', 'Madagascar Vanilla Syrup']",Espresso Roast Coffee Beans + Organic Whole Milk,Grade A Large Pasture Eggs + Madagascar Vanilla Syrup,Espresso Roast Coffee Beans + Organic Whole Milk ➔ Grade A Large Pasture Eggs + Madagascar Vanilla Syrup,0.0937,0.4908,4.217,0.0715,1.735,0.1909,0.1164
"['Extra Virgin Olive Oil', 'Penne Rigate Pasta']","['Artisanal Sourdough Bread', 'Slow-Simmered Marinara']",Extra Virgin Olive Oil + Penne Rigate Pasta,Artisanal Sourdough Bread + Slow-Simmered Marinara,Extra Virgin Olive Oil + Penne Rigate Pasta ➔ Artisanal Sourdough Bread + Slow-Simmered Marinara,0.044,0.4361,4.217,0.0336,1.59,0.1009,0.1034
"['Artisanal Sourdough Bread', 'Slow-Simmered Marinara']","['Extra Virgin Olive Oil', 'Penne Rigate Pasta']",Artisanal Sourdough Bread + Slow-Simmered Marinara,Extra Virgin Olive Oil + Penne Rigate Pasta,Artisanal Sourdough Bread + Slow-Simmered Marinara ➔ Extra Virgin Olive Oil + Penne Rigate Pasta,0.044,0.4255,4.217,0.0336,1.565,0.1034,0.1009
"['Organic Baby Spinach', 'Oven Roasted Turkey Breast']",['Roasted Salted Almonds'],Organic Baby Spinach + Oven Roasted Turkey Breast,Roasted Salted Almonds,Organic Baby Spinach + Oven Roasted Turkey Breast ➔ Roasted Salted Almonds,0.0475,0.526,4.215,0.0362,1.847,0.0903,0.1248
['Roasted Salted Almonds'],"['Organic Baby Spinach', 'Oven Roasted Turkey Breast']",Roasted Salted Almonds,Organic Baby Spinach + Oven Roasted Turkey Breast,Roasted Salted Almonds ➔ Organic Baby Spinach + Oven Roasted Turkey Breast,0.0475,0.3806,4.215,0.0362,1.469,0.1248,0.0903
"['Madagascar Vanilla Syrup', 'Salted Creamery Butter']","['Barista Oat Milk', 'Grade A Large Pasture Eggs']",Madagascar Vanilla Syrup + Salted Creamery Butter,Barista Oat Milk + Grade A Large Pasture Eggs,Madagascar Vanilla Syrup + Salted Creamery Butter ➔ Barista Oat Milk + Grade A Large Pasture Eggs,0.0309,0.4761,4.213,0.0236,1.693,0.0649,0.113
"['Fresh Limes', 'Mild Chunky Salsa', 'Organic Tortilla Chips']",['Fresh Organic Cilantro'],Fresh Limes + Mild Chunky Salsa + Organic Tortilla Chips,Fresh Organic Cilantro,Fresh Limes + Mild Chunky Salsa + Organic Tortilla Chips ➔ Fresh Organic Cilantro,0.0791,0.9009,4.212,0.0603,7.933,0.0878,0.2139
"['Extra Virgin Olive Oil', 'Organic Hass Avocados']",['Organic Baby Spinach'],Extra Virgin Olive Oil + Organic Hass Avocados,Organic Baby Spinach,Extra Virgin Olive Oil + Organic Hass Avocados ➔ Organic Baby Spinach,0.1337,0.8425,4.212,0.102,5.078,0.1587,0.2
['Organic Baby Spinach'],"['Extra Virgin Olive Oil', 'Organic Hass Avocados']",Organic Baby Spinach,Extra Virgin Olive Oil + Organic Hass Avocados,Organic Baby Spinach ➔ Extra Virgin Olive Oil + Organic Hass Avocados,0.1337,0.6685,4.212,0.102,2.538,0.2,0.1587
['Oven Roasted Turkey Breast'],"['Organic Baby Spinach', 'Roma Tomatoes']",Oven Roasted Turkey Breast,Organic Baby Spinach + Roma Tomatoes,Oven Roasted Turkey Breast ➔ Organic Baby Spinach + Roma Tomatoes,0.079,0.6507,4.212,0.0602,2.421,0.1214,0.1545
"['Organic Baby Spinach', 'Roma Tomatoes', 'Sparkling Mineral Water']",['Oven Roasted Turkey Breast'],Organic Baby Spinach + Roma Tomatoes + Sparkling Mineral Water,Oven Roasted Turkey Breast,Organic Baby Spinach + Roma Tomatoes + Sparkling Mineral Water ➔ Oven Roasted Turkey Breast,0.0427,0.5114,4.212,0.0326,1.798,0.0835,0.1214
"['Organic Baby Spinach', 'Roma Tomatoes']",['Oven Roasted Turkey Breast'],Organic Baby Spinach + Roma Tomatoes,Oven Roasted Turkey Breast,Organic Baby Spinach + Roma Tomatoes ➔ Oven Roasted Turkey Breast,0.079,0.5113,4.212,0.0602,1.798,0.1545,0.1214
['Fresh Organic Cilantro'],"['Fresh Limes', 'Mild Chunky Salsa', 'Organic Tortilla Chips']",Fresh Organic Cilantro,Fresh Limes + Mild Chunky Salsa + Organic Tortilla Chips,Fresh Organic Cilantro ➔ Fresh Limes + Mild Chunky Salsa + Organic Tortilla Chips,0.0791,0.3698,4.212,0.0603,1.447,0.2139,0.0878
['Oven Roasted Turkey Breast'],"['Organic Baby Spinach', 'Roma Tomatoes', 'Sparkling Mineral Water']",Oven Roasted Turkey Breast,Organic Baby Spinach + Roma Tomatoes + Sparkling Mineral Water,Oven Roasted Turkey Breast ➔ Organic Baby Spinach + Roma Tomatoes + Sparkling Mineral Water,0.0427,0.3517,4.212,0.0326,1.414,0.1214,0.0835
"['Mild Chunky Salsa', 'Roma Tomatoes']","['Fresh Organic Cilantro', 'Organic Hass Avocados']",Mild Chunky Salsa + Roma Tomatoes,Fresh Organic Cilantro + Organic Hass Avocados,Mild Chunky Salsa + Roma Tomatoes ➔ Fresh Organic Cilantro + Organic Hass Avocados,0.0475,0.7319,4.211,0.0362,3.082,0.0649,0.1738
"['72% Dark Chocolate Bar', 'Grated Parmesan Cheese', 'Slow-Simmered Marinara']",['Penne Rigate Pasta'],72% Dark Chocolate Bar + Grated Parmesan Cheese + Slow-Simmered Marinara,Penne Rigate Pasta,72% Dark Chocolate Bar + Grated Parmesan Cheese + Slow-Simmered Marinara ➔ Penne Rigate Pasta,0.074,0.8799,4.21,0.0564,6.586,0.0841,0.209
['Penne Rigate Pasta'],"['72% Dark Chocolate Bar', 'Grated Parmesan Cheese', 'Slow-Simmered Marinara']",Penne Rigate Pasta,72% Dark Chocolate Bar + Grated Parmesan Cheese + Slow-Simmered Marinara,Penne Rigate Pasta ➔ 72% Dark Chocolate Bar + Grated Parmesan Cheese + Slow-Simmered Marinara,0.074,0.3541,4.21,0.0564,1.418,0.209,0.0841
"['Mild Chunky Salsa', 'Roma Tomatoes']","['Fresh Limes', 'Fresh Organic Cilantro']",Mild Chunky Salsa + Roma Tomatoes,Fresh Limes + Fresh Organic Cilantro,Mild Chunky Salsa + Roma Tomatoes ➔ Fresh Limes + Fresh Organic Cilantro,0.0475,0.7319,4.209,0.0362,3.081,0.0649,0.1739
"['Artisanal Sourdough Bread', 'Grated Parmesan Cheese', 'Slow-Simmered Marinara']",['Penne Rigate Pasta'],Artisanal Sourdough Bread + Grated Parmesan Cheese + Slow-Simmered Marinara,Penne Rigate Pasta,Artisanal Sourdough Bread + Grated Parmesan Cheese + Slow-Simmered Marinara ➔ Penne Rigate Pasta,0.0736,0.8793,4.207,0.0561,6.555,0.0837,0.209
['Penne Rigate Pasta'],"['Artisanal Sourdough Bread', 'Grated Parmesan Cheese', 'Slow-Simmered Marinara']",Penne Rigate Pasta,Artisanal Sourdough Bread + Grated Parmesan Cheese + Slow-Simmered Marinara,Penne Rigate Pasta ➔ Artisanal Sourdough Bread + Grated Parmesan Cheese + Slow-Simmered Marinara,0.0736,0.3522,4.207,0.0561,1.414,0.209,0.0837
"['Roasted Salted Almonds', 'Roma Tomatoes']",['Oven Roasted Turkey Breast'],Roasted Salted Almonds + Roma Tomatoes,Oven Roasted Turkey Breast,Roasted Salted Almonds + Roma Tomatoes ➔ Oven Roasted Turkey Breast,0.0469,0.5103,4.204,0.0357,1.794,0.0919,0.1214
['Oven Roasted Turkey Breast'],"['Roasted Salted Almonds', 'Roma Tomatoes']",Oven Roasted Turkey Breast,Roasted Salted Almonds + Roma Tomatoes,Oven Roasted Turkey Breast ➔ Roasted Salted Almonds + Roma Tomatoes,0.0469,0.3863,4.204,0.0357,1.48,0.1214,0.0919
['Oven Roasted Turkey Breast'],"['Organic Baby Spinach', 'Organic Hass Avocados', 'Roma Tomatoes']",Oven Roasted Turkey Breast,Organic Baby Spinach + Organic Hass Avocados + Roma Tomatoes,Oven Roasted Turkey Breast ➔ Organic Baby Spinach + Organic Hass Avocados + Roma Tomatoes,0.07,0.5766,4.203,0.0533,2.038,0.1214,0.1372
"['Organic Baby Spinach', 'Organic Hass Avocados', 'Roma Tomatoes']",['Oven Roasted Turkey Breast'],Organic Baby Spinach + Organic Hass Avocados + Roma Tomatoes,Oven Roasted Turkey Breast,Organic Baby Spinach + Organic Hass Avocados + Roma Tomatoes ➔ Oven Roasted Turkey Breast,0.07,0.5102,4.203,0.0533,1.794,0.1372,0.1214
"['Artisanal Sourdough Bread', 'Grated Parmesan Cheese', 'Penne Rigate Pasta']",['72% Dark Chocolate Bar'],Artisanal Sourdough Bread + Grated Parmesan Cheese + Penne Rigate Pasta,72% Dark Chocolate Bar,Artisanal Sourdough Bread + Grated Parmesan Cheese + Penne Rigate Pasta ➔ 72% Dark Chocolate Bar,0.0471,0.5567,4.199,0.0359,1.957,0.0846,0.1326
['72% Dark Chocolate Bar'],"['Artisanal Sourdough Bread', 'Grated Parmesan Cheese', 'Penne Rigate Pasta']",72% Dark Chocolate Bar,Artisanal Sourdough Bread + Grated Parmesan Cheese + Penne Rigate Pasta,72% Dark Chocolate Bar ➔ Artisanal Sourdough Bread + Grated Parmesan Cheese + Penne Rigate Pasta,0.0471,0.3552,4.199,0.0359,1.42,0.1326,0.0846
"['Fresh Limes', 'Mild Chunky Salsa', 'Organic Hass Avocados']",['Fresh Organic Cilantro'],Fresh Limes + Mild Chunky Salsa + Organic Hass Avocados,Fresh Organic Cilantro,Fresh Limes + Mild Chunky Salsa + Organic Hass Avocados ➔ Fresh Organic Cilantro,0.0801,0.898,4.198,0.061,7.706,0.0892,0.2139
['Fresh Organic Cilantro'],"['Fresh Limes', 'Mild Chunky Salsa', 'Organic Hass Avocados']",Fresh Organic Cilantro,Fresh Limes + Mild Chunky Salsa + Organic Hass Avocados,Fresh Organic Cilantro ➔ Fresh Limes + Mild Chunky Salsa + Organic Hass Avocados,0.0801,0.3745,4.198,0.061,1.456,0.2139,0.0892
"['Mild Chunky Salsa', 'Sparkling Mineral Water']","['Fresh Limes', 'Organic Tortilla Chips']",Mild Chunky Salsa + Sparkling Mineral Water,Fresh Limes + Organic Tortilla Chips,Mild Chunky Salsa + Sparkling Mineral Water ➔ Fresh Limes + Organic Tortilla Chips,0.0459,0.7217,4.196,0.035,2.975,0.0636,0.172
"['Oven Roasted Turkey Breast', 'Sparkling Mineral Water']",['Organic Baby Spinach'],Oven Roasted Turkey Breast + Sparkling Mineral Water,Organic Baby Spinach,Oven Roasted Turkey Breast + Sparkling Mineral Water ➔ Organic Baby Spinach,0.0483,0.8385,4.193,0.0368,4.955,0.0576,0.2
"['Barista Oat Milk', 'Madagascar Vanilla Syrup']","['Grade A Large Pasture Eggs', 'Salted Creamery Butter']",Barista Oat Milk + Madagascar Vanilla Syrup,Grade A Large Pasture Eggs + Salted Creamery Butter,Barista Oat Milk + Madagascar Vanilla Syrup ➔ Grade A Large Pasture Eggs + Salted Creamery Butter,0.0309,0.4578,4.192,0.0235,1.643,0.0675,0.1092
"['Extra Virgin Olive Oil', 'Grated Parmesan Cheese', 'Slow-Simmered Marinara']",['Penne Rigate Pasta'],Extra Virgin Olive Oil + Grated Parmesan Cheese + Slow-Simmered Marinara,Penne Rigate Pasta,Extra Virgin Olive Oil + Grated Parmesan Cheese + Slow-Simmered Marinara ➔ Penne Rigate Pasta,0.0735,0.875,4.187,0.0559,6.328,0.084,0.209
"['Mild Chunky Salsa', 'Sparkling Mineral Water']","['Organic Hass Avocados', 'Organic Tortilla Chips']",Mild Chunky Salsa + Sparkling Mineral Water,Organic Hass Avocados + Organic Tortilla Chips,Mild Chunky Salsa + Sparkling Mineral Water ➔ Organic Hass Avocados + Organic Tortilla Chips,0.0462,0.7264,4.187,0.0352,3.021,0.0636,0.1735
"['Extra Virgin Olive Oil', 'Organic Hass Avocados', 'Sparkling Mineral Water']",['Oven Roasted Turkey Breast'],Extra Virgin Olive Oil + Organic Hass Avocados + Sparkling Mineral Water,Oven Roasted Turkey Breast,Extra Virgin Olive Oil + Organic Hass Avocados + Sparkling Mineral Water ➔ Oven Roasted Turkey Breast,0.0426,0.5084,4.187,0.0324,1.787,0.0838,0.1214
['Penne Rigate Pasta'],"['Extra Virgin Olive Oil', 'Grated Parmesan Cheese', 'Slow-Simmered Marinara']",Penne Rigate Pasta,Extra Virgin Olive Oil + Grated Parmesan Cheese + Slow-Simmered Marinara,Penne Rigate Pasta ➔ Extra Virgin Olive Oil + Grated Parmesan Cheese + Slow-Simmered Marinara,0.0735,0.3517,4.187,0.0559,1.413,0.209,0.084
['Oven Roasted Turkey Breast'],"['Extra Virgin Olive Oil', 'Organic Hass Avocados', 'Sparkling Mineral Water']",Oven Roasted Turkey Breast,Extra Virgin Olive Oil + Organic Hass Avocados + Sparkling Mineral Water,Oven Roasted Turkey Breast ➔ Extra Virgin Olive Oil + Organic Hass Avocados + Sparkling Mineral Water,0.0426,0.3509,4.187,0.0324,1.412,0.1214,0.0838
"['Mild Chunky Salsa', 'Organic Tortilla Chips', 'Sparkling Mineral Water']",['Fresh Organic Cilantro'],Mild Chunky Salsa + Organic Tortilla Chips + Sparkling Mineral Water,Fresh Organic Cilantro,Mild Chunky Salsa + Organic Tortilla Chips + Sparkling Mineral Water ➔ Fresh Organic Cilantro,0.0468,0.8948,4.183,0.0356,7.475,0.0523,0.2139
"['Grated Parmesan Cheese', 'Slow-Simmered Marinara']",['Penne Rigate Pasta'],Grated Parmesan Cheese + Slow-Simmered Marinara,Penne Rigate Pasta,Grated Parmesan Cheese + Slow-Simmered Marinara ➔ Penne Rigate Pasta,0.1375,0.8741,4.182,0.1046,6.284,0.1573,0.209
['Penne Rigate Pasta'],"['Grated Parmesan Cheese', 'Slow-Simmered Marinara']",Penne Rigate Pasta,Grated Parmesan Cheese + Slow-Simmered Marinara,Penne Rigate Pasta ➔ Grated Parmesan Cheese + Slow-Simmered Marinara,0.1375,0.6579,4.182,0.1046,2.463,0.209,0.1573
"['72% Dark Chocolate Bar', 'Artisanal Sourdough Bread']","['Penne Rigate Pasta', 'Slow-Simmered Marinara']",72% Dark Chocolate Bar + Artisanal Sourdough Bread,Penne Rigate Pasta + Slow-Simmered Marinara,72% Dark Chocolate Bar + Artisanal Sourdough Bread ➔ Penne Rigate Pasta + Slow-Simmered Marinara,0.0447,0.6478,4.182,0.034,2.4,0.069,0.1549
"['Creamy Peanut Butter', 'Organic Whole Milk']",['Sea Salt Kettle Chips'],Creamy Peanut Butter + Organic Whole Milk,Sea Salt Kettle Chips,Creamy Peanut Butter + Organic Whole Milk ➔ Sea Salt Kettle Chips,0.0429,0.4897,4.182,0.0326,1.73,0.0876,0.1171
"['Mild Chunky Salsa', 'Organic Hass Avocados']","['Fresh Limes', 'Sparkling Mineral Water']",Mild Chunky Salsa + Organic Hass Avocados,Fresh Limes + Sparkling Mineral Water,Mild Chunky Salsa + Organic Hass Avocados ➔ Fresh Limes + Sparkling Mineral Water,0.0465,0.442,4.182,0.0354,1.603,0.1052,0.1057
"['Fresh Limes', 'Sparkling Mineral Water']","['Mild Chunky Salsa', 'Organic Hass Avocados']",Fresh Limes + Sparkling Mineral Water,Mild Chunky Salsa + Organic Hass Avocados,Fresh Limes + Sparkling Mineral Water ➔ Mild Chunky Salsa + Organic Hass Avocados,0.0465,0.4399,4.182,0.0354,1.598,0.1057,0.1052
['Sea Salt Kettle Chips'],"['Creamy Peanut Butter', 'Organic Whole Milk']",Sea Salt Kettle Chips,Creamy Peanut Butter + Organic Whole Milk,Sea Salt Kettle Chips ➔ Creamy Peanut Butter + Organic Whole Milk,0.0429,0.3664,4.182,0.0326,1.44,0.1171,0.0876
"['Fresh Limes', 'Organic Tortilla Chips', 'Roma Tomatoes']",['Fresh Organic Cilantro'],Fresh Limes + Organic Tortilla Chips + Roma Tomatoes,Fresh Organic Cilantro,Fresh Limes + Organic Tortilla Chips + Roma Tomatoes ➔ Fresh Organic Cilantro,0.083,0.8944,4.181,0.0632,7.444,0.0928,0.2139
['Fresh Organic Cilantro'],"['Fresh Limes', 'Organic Tortilla Chips', 'Roma Tomatoes']",Fresh Organic Cilantro,Fresh Limes + Organic Tortilla Chips + Roma Tomatoes,Fresh Organic Cilantro ➔ Fresh Limes + Organic Tortilla Chips + Roma Tomatoes,0.083,0.388,4.181,0.0632,1.482,0.2139,0.0928
"['72% Dark Chocolate Bar', 'Grated Parmesan Cheese']",['Penne Rigate Pasta'],72% Dark Chocolate Bar + Grated Parmesan Cheese,Penne Rigate Pasta,72% Dark Chocolate Bar + Grated Parmesan Cheese ➔ Penne Rigate Pasta,0.0856,0.8735,4.179,0.0651,6.251,0.098,0.209
['Penne Rigate Pasta'],"['72% Dark Chocolate Bar', 'Grated Parmesan Cheese']",Penne Rigate Pasta,72% Dark Chocolate Bar + Grated Parmesan Cheese,Penne Rigate Pasta ➔ 72% Dark Chocolate Bar + Grated Parmesan Cheese,0.0856,0.4096,4.179,0.0651,1.528,0.209,0.098
"['Fresh Limes', 'Organic Hass Avocados', 'Organic Tortilla Chips']",['Fresh Organic Cilantro'],Fresh Limes + Organic Hass Avocados + Organic Tortilla Chips,Fresh Organic Cilantro,Fresh Limes + Organic Hass Avocados + Organic Tortilla Chips ➔ Fresh Organic Cilantro,0.1342,0.8935,4.177,0.1021,7.38,0.1502,0.2139
"['Fresh Limes', 'Mild Chunky Salsa', 'Sparkling Mineral Water']",['Fresh Organic Cilantro'],Fresh Limes + Mild Chunky Salsa + Sparkling Mineral Water,Fresh Organic Cilantro,Fresh Limes + Mild Chunky Salsa + Sparkling Mineral Water ➔ Fresh Organic Cilantro,0.047,0.8935,4.177,0.0357,7.384,0.0526,0.2139
['Fresh Organic Cilantro'],"['Fresh Limes', 'Organic Hass Avocados', 'Organic Tortilla Chips']",Fresh Organic Cilantro,Fresh Limes + Organic Hass Avocados + Organic Tortilla Chips,Fresh Organic Cilantro ➔ Fresh Limes + Organic Hass Avocados + Organic Tortilla Chips,0.1342,0.6274,4.177,0.1021,2.281,0.2139,0.1502
"['Organic Hass Avocados', 'Roasted Salted Almonds', 'Sparkling Mineral Water']",['Organic Baby Spinach'],Organic Hass Avocados + Roasted Salted Almonds + Sparkling Mineral Water,Organic Baby Spinach,Organic Hass Avocados + Roasted Salted Almonds + Sparkling Mineral Water ➔ Organic Baby Spinach,0.0431,0.8353,4.176,0.0328,4.856,0.0516,0.2
['Oven Roasted Turkey Breast'],"['Extra Virgin Olive Oil', 'Roma Tomatoes']",Oven Roasted Turkey Breast,Extra Virgin Olive Oil + Roma Tomatoes,Oven Roasted Turkey Breast ➔ Extra Virgin Olive Oil + Roma Tomatoes,0.0766,0.631,4.176,0.0583,2.3,0.1214,0.1511
"['Extra Virgin Olive Oil', 'Roma Tomatoes']",['Oven Roasted Turkey Breast'],Extra Virgin Olive Oil + Roma Tomatoes,Oven Roasted Turkey Breast,Extra Virgin Olive Oil + Roma Tomatoes ➔ Oven Roasted Turkey Breast,0.0766,0.5069,4.176,0.0583,1.782,0.1511,0.1214
"['Barista Oat Milk', 'Grade A Large Pasture Eggs']","['Espresso Roast Coffee Beans', 'Madagascar Vanilla Syrup']",Barista Oat Milk + Grade A Large Pasture Eggs,Espresso Roast Coffee Beans + Madagascar Vanilla Syrup,Barista Oat Milk + Grade A Large Pasture Eggs ➔ Espresso Roast Coffee Beans + Madagascar Vanilla Syrup,0.0546,0.4832,4.176,0.0415,1.711,0.113,0.1157
"['Espresso Roast Coffee Beans', 'Madagascar Vanilla Syrup']","['Barista Oat Milk', 'Grade A Large Pasture Eggs']",Espresso Roast Coffee Beans + Madagascar Vanilla Syrup,Barista Oat Milk + Grade A Large Pasture Eggs,Espresso Roast Coffee Beans + Madagascar Vanilla Syrup ➔ Barista Oat Milk + Grade A Large Pasture Eggs,0.0546,0.4719,4.176,0.0415,1.68,0.1157,0.113
"['Fresh Limes', 'Mild Chunky Salsa']",['Fresh Organic Cilantro'],Fresh Limes + Mild Chunky Salsa,Fresh Organic Cilantro,Fresh Limes + Mild Chunky Salsa ➔ Fresh Organic Cilantro,0.0902,0.8931,4.175,0.0686,7.351,0.101,0.2139
"['Organic Tortilla Chips', 'Roma Tomatoes']","['Fresh Limes', 'Organic Hass Avocados']",Organic Tortilla Chips + Roma Tomatoes,Fresh Limes + Organic Hass Avocados,Organic Tortilla Chips + Roma Tomatoes ➔ Fresh Limes + Organic Hass Avocados,0.0812,0.7368,4.175,0.0617,3.129,0.1102,0.1765
"['Fresh Limes', 'Organic Hass Avocados']","['Organic Tortilla Chips', 'Roma Tomatoes']",Fresh Limes + Organic Hass Avocados,Organic Tortilla Chips + Roma Tomatoes,Fresh Limes + Organic Hass Avocados ➔ Organic Tortilla Chips + Roma Tomatoes,0.0812,0.4601,4.175,0.0617,1.648,0.1765,0.1102
['Fresh Organic Cilantro'],"['Fresh Limes', 'Mild Chunky Salsa']",Fresh Organic Cilantro,Fresh Limes + Mild Chunky Salsa,Fresh Organic Cilantro ➔ Fresh Limes + Mild Chunky Salsa,0.0902,0.4217,4.175,0.0686,1.555,0.2139,0.101
"['Madagascar Vanilla Syrup', 'Salted Creamery Butter']","['Espresso Roast Coffee Beans', 'Organic Whole Milk']",Madagascar Vanilla Syrup + Salted Creamery Butter,Espresso Roast Coffee Beans + Organic Whole Milk,Madagascar Vanilla Syrup + Salted Creamery Butter ➔ Espresso Roast Coffee Beans + Organic Whole Milk,0.0517,0.7966,4.173,0.0393,3.978,0.0649,0.1909
"['Barista Oat Milk', 'Espresso Roast Coffee Beans']","['Grade A Large Pasture Eggs', 'Madagascar Vanilla Syrup']",Barista Oat Milk + Espresso Roast Coffee Beans,Grade A Large Pasture Eggs + Madagascar Vanilla Syrup,Barista Oat Milk + Espresso Roast Coffee Beans ➔ Grade A Large Pasture Eggs + Madagascar Vanilla Syrup,0.0546,0.4858,4.173,0.0415,1.718,0.1124,0.1164
"['Grade A Large Pasture Eggs', 'Madagascar Vanilla Syrup']","['Barista Oat Milk', 'Espresso Roast Coffee Beans']",Grade A Large Pasture Eggs + Madagascar Vanilla Syrup,Barista Oat Milk + Espresso Roast Coffee Beans,Grade A Large Pasture Eggs + Madagascar Vanilla Syrup ➔ Barista Oat Milk + Espresso Roast Coffee Beans,0.0546,0.4691,4.173,0.0415,1.672,0.1164,0.1124
"['Mild Chunky Salsa', 'Organic Hass Avocados', 'Organic Tortilla Chips']",['Fresh Organic Cilantro'],Mild Chunky Salsa + Organic Hass Avocados + Organic Tortilla Chips,Fresh Organic Cilantro,Mild Chunky Salsa + Organic Hass Avocados + Organic Tortilla Chips ➔ Fresh Organic Cilantro,0.0779,0.8923,4.172,0.0592,7.301,0.0873,0.2139
"['Artisanal Sourdough Bread', 'Grated Parmesan Cheese', 'Slow-Simmered Marinara']",['72% Dark Chocolate Bar'],Artisanal Sourdough Bread + Grated Parmesan Cheese + Slow-Simmered Marinara,72% Dark Chocolate Bar,Artisanal Sourdough Bread + Grated Parmesan Cheese + Slow-Simmered Marinara ➔ 72% Dark Chocolate Bar,0.0463,0.5532,4.172,0.0352,1.941,0.0837,0.1326
['Fresh Organic Cilantro'],"['Mild Chunky Salsa', 'Organic Hass Avocados', 'Organic Tortilla Chips']",Fresh Organic Cilantro,Mild Chunky Salsa + Organic Hass Avocados + Organic Tortilla Chips,Fresh Organic Cilantro ➔ Mild Chunky Salsa + Organic Hass Avocados + Organic Tortilla Chips,0.0779,0.3642,4.172,0.0592,1.435,0.2139,0.0873
"['Extra Virgin Olive Oil', 'Slow-Simmered Marinara']",['Grated Parmesan Cheese'],Extra Virgin Olive Oil + Slow-Simmered Marinara,Grated Parmesan Cheese,Extra Virgin Olive Oil + Slow-Simmered Marinara ➔ Grated Parmesan Cheese,0.084,0.8468,4.171,0.0639,5.201,0.0992,0.203
['Grated Parmesan Cheese'],"['Extra Virgin Olive Oil', 'Slow-Simmered Marinara']",Grated Parmesan Cheese,Extra Virgin Olive Oil + Slow-Simmered Marinara,Grated Parmesan Cheese ➔ Extra Virgin Olive Oil + Slow-Simmered Marinara,0.084,0.4138,4.171,0.0639,1.537,0.203,0.0992
"['Roasted Salted Almonds', 'Sparkling Mineral Water']",['Organic Baby Spinach'],Roasted Salted Almonds + Sparkling Mineral Water,Organic Baby Spinach,Roasted Salted Almonds + Sparkling Mineral Water ➔ Organic Baby Spinach,0.0472,0.8339,4.17,0.0359,4.817,0.0566,0.2
"['Fresh Limes', 'Organic Tortilla Chips', 'Sparkling Mineral Water']",['Fresh Organic Cilantro'],Fresh Limes + Organic Tortilla Chips + Sparkling Mineral Water,Fresh Organic Cilantro,Fresh Limes + Organic Tortilla Chips + Sparkling Mineral Water ➔ Fresh Organic Cilantro,0.0805,0.8915,4.168,0.0612,7.243,0.0903,0.2139
['Fresh Organic Cilantro'],"['Fresh Limes', 'Organic Tortilla Chips', 'Sparkling Mineral Water']",Fresh Organic Cilantro,Fresh Limes + Organic Tortilla Chips + Sparkling Mineral Water,Fresh Organic Cilantro ➔ Fresh Limes + Organic Tortilla Chips + Sparkling Mineral Water,0.0805,0.3763,4.168,0.0612,1.459,0.2139,0.0903
"['Extra Virgin Olive Oil', 'Grated Parmesan Cheese']","['Artisanal Sourdough Bread', 'Penne Rigate Pasta']",Extra Virgin Olive Oil + Grated Parmesan Cheese,Artisanal Sourdough Bread + Penne Rigate Pasta,Extra Virgin Olive Oil + Grated Parmesan Cheese ➔ Artisanal Sourdough Bread + Penne Rigate Pasta,0.046,0.4488,4.167,0.035,1.619,0.1025,0.1077
"['Artisanal Sourdough Bread', 'Penne Rigate Pasta']","['Extra Virgin Olive Oil', 'Grated Parmesan Cheese']",Artisanal Sourdough Bread + Penne Rigate Pasta,Extra Virgin Olive Oil + Grated Parmesan Cheese,Artisanal Sourdough Bread + Penne Rigate Pasta ➔ Extra Virgin Olive Oil + Grated Parmesan Cheese,0.046,0.4271,4.167,0.035,1.567,0.1077,0.1025
"['Espresso Roast Coffee Beans', 'Madagascar Vanilla Syrup']","['Grade A Large Pasture Eggs', 'Organic Whole Milk']",Espresso Roast Coffee Beans + Madagascar Vanilla Syrup,Grade A Large Pasture Eggs + Organic Whole Milk,Espresso Roast Coffee Beans + Madagascar Vanilla Syrup ➔ Grade A Large Pasture Eggs + Organic Whole Milk,0.0937,0.8099,4.166,0.0712,4.237,0.1157,0.1944
"['Grade A Large Pasture Eggs', 'Organic Whole Milk']","['Espresso Roast Coffee Beans', 'Madagascar Vanilla Syrup']",Grade A Large Pasture Eggs + Organic Whole Milk,Espresso Roast Coffee Beans + Madagascar Vanilla Syrup,Grade A Large Pasture Eggs + Organic Whole Milk ➔ Espresso Roast Coffee Beans + Madagascar Vanilla Syrup,0.0937,0.482,4.166,0.0712,1.707,0.1944,0.1157
"['Fresh Limes', 'Organic Tortilla Chips']",['Fresh Organic Cilantro'],Fresh Limes + Organic Tortilla Chips,Fresh Organic Cilantro,Fresh Limes + Organic Tortilla Chips ➔ Fresh Organic Cilantro,0.1532,0.8907,4.164,0.1164,7.192,0.172,0.2139
['Fresh Organic Cilantro'],"['Fresh Limes', 'Organic Tortilla Chips']",Fresh Organic Cilantro,Fresh Limes + Organic Tortilla Chips,Fresh Organic Cilantro ➔ Fresh Limes + Organic Tortilla Chips,0.1532,0.7162,4.164,0.1164,2.918,0.2139,0.172
"['Mild Chunky Salsa', 'Organic Tortilla Chips']",['Fresh Organic Cilantro'],Mild Chunky Salsa + Organic Tortilla Chips,Fresh Organic Cilantro,Mild Chunky Salsa + Organic Tortilla Chips ➔ Fresh Organic Cilantro,0.0886,0.8905,4.163,0.0673,7.176,0.0995,0.2139
['Fresh Organic Cilantro'],"['Mild Chunky Salsa', 'Organic Tortilla Chips']",Fresh Organic Cilantro,Mild Chunky Salsa + Organic Tortilla Chips,Fresh Organic Cilantro ➔ Mild Chunky Salsa + Organic Tortilla Chips,0.0886,0.4142,4.163,0.0673,1.537,0.2139,0.0995
"['Organic Hass Avocados', 'Roasted Salted Almonds']",['Organic Baby Spinach'],Organic Hass Avocados + Roasted Salted Almonds,Organic Baby Spinach,Organic Hass Avocados + Roasted Salted Almonds ➔ Organic Baby Spinach,0.081,0.8325,4.162,0.0615,4.775,0.0973,0.2
['Organic Baby Spinach'],"['Organic Hass Avocados', 'Roasted Salted Almonds']",Organic Baby Spinach,Organic Hass Avocados + Roasted Salted Almonds,Organic Baby Spinach ➔ Organic Hass Avocados + Roasted Salted Almonds,0.081,0.405,4.162,0.0615,1.517,0.2,0.0973
"['72% Dark Chocolate Bar', 'Extra Virgin Olive Oil', 'Grated Parmesan Cheese']",['Penne Rigate Pasta'],72% Dark Chocolate Bar + Extra Virgin Olive Oil + Grated Parmesan Cheese,Penne Rigate Pasta,72% Dark Chocolate Bar + Extra Virgin Olive Oil + Grated Parmesan Cheese ➔ Penne Rigate Pasta,0.0452,0.8692,4.159,0.0343,6.049,0.052,0.209
"['72% Dark Chocolate Bar', 'Artisanal Sourdough Bread', 'Grated Parmesan Cheese']",['Penne Rigate Pasta'],72% Dark Chocolate Bar + Artisanal Sourdough Bread + Grated Parmesan Cheese,Penne Rigate Pasta,72% Dark Chocolate Bar + Artisanal Sourdough Bread + Grated Parmesan Cheese ➔ Penne Rigate Pasta,0.0471,0.869,4.158,0.0358,6.038,0.0542,0.209
"['Extra Virgin Olive Oil', 'Organic Baby Spinach', 'Sparkling Mineral Water']",['Roasted Salted Almonds'],Extra Virgin Olive Oil + Organic Baby Spinach + Sparkling Mineral Water,Roasted Salted Almonds,Extra Virgin Olive Oil + Organic Baby Spinach + Sparkling Mineral Water ➔ Roasted Salted Almonds,0.0415,0.5181,4.151,0.0315,1.816,0.0801,0.1248
"['Fresh Limes', 'Mild Chunky Salsa']","['Organic Tortilla Chips', 'Roma Tomatoes']",Fresh Limes + Mild Chunky Salsa,Organic Tortilla Chips + Roma Tomatoes,Fresh Limes + Mild Chunky Salsa ➔ Organic Tortilla Chips + Roma Tomatoes,0.0462,0.4574,4.151,0.0351,1.64,0.101,0.1102
"['Organic Tortilla Chips', 'Roma Tomatoes']","['Fresh Limes', 'Mild Chunky Salsa']",Organic Tortilla Chips + Roma Tomatoes,Fresh Limes + Mild Chunky Salsa,Organic Tortilla Chips + Roma Tomatoes ➔ Fresh Limes + Mild Chunky Salsa,0.0462,0.4192,4.151,0.0351,1.548,0.1102,0.101
"['Barista Oat Milk', 'Organic Whole Milk']","['Espresso Roast Coffee Beans', 'Madagascar Vanilla Syrup']",Barista Oat Milk + Organic Whole Milk,Espresso Roast Coffee Beans + Madagascar Vanilla Syrup,Barista Oat Milk + Organic Whole Milk ➔ Espresso Roast Coffee Beans + Madagascar Vanilla Syrup,0.0545,0.4802,4.15,0.0414,1.701,0.1135,0.1157
"['Espresso Roast Coffee Beans', 'Madagascar Vanilla Syrup']","['Barista Oat Milk', 'Organic Whole Milk']",Espresso Roast Coffee Beans + Madagascar Vanilla Syrup,Barista Oat Milk + Organic Whole Milk,Espresso Roast Coffee Beans + Madagascar Vanilla Syrup ➔ Barista Oat Milk + Organic Whole Milk,0.0545,0.471,4.15,0.0414,1.676,0.1157,0.1135
"['Oven Roasted Turkey Breast', 'Roma Tomatoes']",['Roasted Salted Almonds'],Oven Roasted Turkey Breast + Roma Tomatoes,Roasted Salted Almonds,Oven Roasted Turkey Breast + Roma Tomatoes ➔ Roasted Salted Almonds,0.0469,0.5177,4.148,0.0356,1.814,0.0906,0.1248
['Roasted Salted Almonds'],"['Oven Roasted Turkey Breast', 'Roma Tomatoes']",Roasted Salted Almonds,Oven Roasted Turkey Breast + Roma Tomatoes,Roasted Salted Almonds ➔ Oven Roasted Turkey Breast + Roma Tomatoes,0.0469,0.3758,4.148,0.0356,1.457,0.1248,0.0906
"['Mild Chunky Salsa', 'Organic Hass Avocados']","['Organic Tortilla Chips', 'Sparkling Mineral Water']",Mild Chunky Salsa + Organic Hass Avocados,Organic Tortilla Chips + Sparkling Mineral Water,Mild Chunky Salsa + Organic Hass Avocados ➔ Organic Tortilla Chips + Sparkling Mineral Water,0.0462,0.4392,4.147,0.0351,1.594,0.1052,0.1059
"['Organic Tortilla Chips', 'Sparkling Mineral Water']","['Mild Chunky Salsa', 'Organic Hass Avocados']",Organic Tortilla Chips + Sparkling Mineral Water,Mild Chunky Salsa + Organic Hass Avocados,Organic Tortilla Chips + Sparkling Mineral Water ➔ Mild Chunky Salsa + Organic Hass Avocados,0.0462,0.4363,4.147,0.0351,1.587,0.1059,0.1052
"['Extra Virgin Olive Oil', 'Sparkling Mineral Water']",['Organic Baby Spinach'],Extra Virgin Olive Oil + Sparkling Mineral Water,Organic Baby Spinach,Extra Virgin Olive Oil + Sparkling Mineral Water ➔ Organic Baby Spinach,0.0801,0.8292,4.146,0.0608,4.684,0.0966,0.2
['Organic Baby Spinach'],"['Extra Virgin Olive Oil', 'Sparkling Mineral Water']",Organic Baby Spinach,Extra Virgin Olive Oil + Sparkling Mineral Water,Organic Baby Spinach ➔ Extra Virgin Olive Oil + Sparkling Mineral Water,0.0801,0.4005,4.146,0.0608,1.507,0.2,0.0966
"['Espresso Roast Coffee Beans', 'Salted Creamery Butter']","['Grade A Large Pasture Eggs', 'Madagascar Vanilla Syrup']",Espresso Roast Coffee Beans + Salted Creamery Butter,Grade A Large Pasture Eggs + Madagascar Vanilla Syrup,Espresso Roast Coffee Beans + Salted Creamery Butter ➔ Grade A Large Pasture Eggs + Madagascar Vanilla Syrup,0.0522,0.4824,4.145,0.0396,1.707,0.1082,0.1164
"['Grade A Large Pasture Eggs', 'Madagascar Vanilla Syrup']","['Espresso Roast Coffee Beans', 'Salted Creamery Butter']",Grade A Large Pasture Eggs + Madagascar Vanilla Syrup,Espresso Roast Coffee Beans + Salted Creamery Butter,Grade A Large Pasture Eggs + Madagascar Vanilla Syrup ➔ Espresso Roast Coffee Beans + Salted Creamery Butter,0.0522,0.4485,4.145,0.0396,1.617,0.1164,0.1082
"['Mild Chunky Salsa', 'Sparkling Mineral Water']","['Fresh Limes', 'Organic Hass Avocados']",Mild Chunky Salsa + Sparkling Mineral Water,Fresh Limes + Organic Hass Avocados,Mild Chunky Salsa + Sparkling Mineral Water ➔ Fresh Limes + Organic Hass Avocados,0.0465,0.7311,4.142,0.0353,3.063,0.0636,0.1765
"['Mild Chunky Salsa', 'Roma Tomatoes']","['Fresh Limes', 'Organic Tortilla Chips']",Mild Chunky Salsa + Roma Tomatoes,Fresh Limes + Organic Tortilla Chips,Mild Chunky Salsa + Roma Tomatoes ➔ Fresh Limes + Organic Tortilla Chips,0.0462,0.7119,4.139,0.035,2.874,0.0649,0.172
"['Mild Chunky Salsa', 'Organic Hass Avocados']","['Fresh Organic Cilantro', 'Roma Tomatoes']",Mild Chunky Salsa + Organic Hass Avocados,Fresh Organic Cilantro + Roma Tomatoes,Mild Chunky Salsa + Organic Hass Avocados ➔ Fresh Organic Cilantro + Roma Tomatoes,0.0475,0.4515,4.139,0.036,1.624,0.1052,0.1091
"['Fresh Organic Cilantro', 'Roma Tomatoes']","['Mild Chunky Salsa', 'Organic Hass Avocados']",Fresh Organic Cilantro + Roma Tomatoes,Mild Chunky Salsa + Organic Hass Avocados,Fresh Organic Cilantro + Roma Tomatoes ➔ Mild Chunky Salsa + Organic Hass Avocados,0.0475,0.4354,4.139,0.036,1.585,0.1091,0.1052
['Roasted Salted Almonds'],"['Extra Virgin Olive Oil', 'Organic Baby Spinach']",Roasted Salted Almonds,Extra Virgin Olive Oil + Organic Baby Spinach,Roasted Salted Almonds ➔ Extra Virgin Olive Oil + Organic Baby Spinach,0.0787,0.6306,4.138,0.0597,2.295,0.1248,0.1524
"['Extra Virgin Olive Oil', 'Organic Baby Spinach']",['Roasted Salted Almonds'],Extra Virgin Olive Oil + Organic Baby Spinach,Roasted Salted Almonds,Extra Virgin Olive Oil + Organic Baby Spinach ➔ Roasted Salted Almonds,0.0787,0.5164,4.138,0.0597,1.81,0.1524,0.1248
"['Grade A Large Pasture Eggs', 'Salted Creamery Butter']","['Espresso Roast Coffee Beans', 'Madagascar Vanilla Syrup']",Grade A Large Pasture Eggs + Salted Creamery Butter,Espresso Roast Coffee Beans + Madagascar Vanilla Syrup,Grade A Large Pasture Eggs + Salted Creamery Butter ➔ Espresso Roast Coffee Beans + Madagascar Vanilla Syrup,0.0522,0.478,4.132,0.0396,1.694,0.1092,0.1157
"['Espresso Roast Coffee Beans', 'Madagascar Vanilla Syrup']","['Grade A Large Pasture Eggs', 'Salted Creamery Butter']",Espresso Roast Coffee Beans + Madagascar Vanilla Syrup,Grade A Large Pasture Eggs + Salted Creamery Butter,Espresso Roast Coffee Beans + Madagascar Vanilla Syrup ➔ Grade A Large Pasture Eggs + Salted Creamery Butter,0.0522,0.4512,4.132,0.0396,1.623,0.1157,0.1092
"['Extra Virgin Olive Oil', 'Organic Hass Avocados', 'Sparkling Mineral Water']",['Roasted Salted Almonds'],Extra Virgin Olive Oil + Organic Hass Avocados + Sparkling Mineral Water,Roasted Salted Almonds,Extra Virgin Olive Oil + Organic Hass Avocados + Sparkling Mineral Water ➔ Roasted Salted Almonds,0.0432,0.5155,4.131,0.0327,1.806,0.0838,0.1248
"['72% Dark Chocolate Bar', 'Slow-Simmered Marinara']",['Penne Rigate Pasta'],72% Dark Chocolate Bar + Slow-Simmered Marinara,Penne Rigate Pasta,72% Dark Chocolate Bar + Slow-Simmered Marinara ➔ Penne Rigate Pasta,0.0826,0.8631,4.13,0.0626,5.779,0.0957,0.209
"['Espresso Roast Coffee Beans', 'Salted Creamery Butter']","['Barista Oat Milk', 'Grade A Large Pasture Eggs']",Espresso Roast Coffee Beans + Salted Creamery Butter,Barista Oat Milk + Grade A Large Pasture Eggs,Espresso Roast Coffee Beans + Salted Creamery Butter ➔ Barista Oat Milk + Grade A Large Pasture Eggs,0.0505,0.4667,4.13,0.0383,1.663,0.1082,0.113
"['Barista Oat Milk', 'Grade A Large Pasture Eggs']","['Espresso Roast Coffee Beans', 'Salted Creamery Butter']",Barista Oat Milk + Grade A Large Pasture Eggs,Espresso Roast Coffee Beans + Salted Creamery Butter,Barista Oat Milk + Grade A Large Pasture Eggs ➔ Espresso Roast Coffee Beans + Salted Creamery Butter,0.0505,0.4469,4.13,0.0383,1.612,0.113,0.1082
['Penne Rigate Pasta'],"['72% Dark Chocolate Bar', 'Slow-Simmered Marinara']",Penne Rigate Pasta,72% Dark Chocolate Bar + Slow-Simmered Marinara,Penne Rigate Pasta ➔ 72% Dark Chocolate Bar + Slow-Simmered Marinara,0.0826,0.3952,4.13,0.0626,1.495,0.209,0.0957
"['Artisanal Sourdough Bread', 'Extra Virgin Olive Oil', 'Grated Parmesan Cheese']",['Penne Rigate Pasta'],Artisanal Sourdough Bread + Extra Virgin Olive Oil + Grated Parmesan Cheese,Penne Rigate Pasta,Artisanal Sourdough Bread + Extra Virgin Olive Oil + Grated Parmesan Cheese ➔ Penne Rigate Pasta,0.046,0.863,4.129,0.0349,5.775,0.0533,0.209
"['Extra Virgin Olive Oil', 'Penne Rigate Pasta']",['Grated Parmesan Cheese'],Extra Virgin Olive Oil + Penne Rigate Pasta,Grated Parmesan Cheese,Extra Virgin Olive Oil + Penne Rigate Pasta ➔ Grated Parmesan Cheese,0.0845,0.8375,4.125,0.064,4.903,0.1009,0.203
"['Barista Oat Milk', 'Salted Creamery Butter']","['Espresso Roast Coffee Beans', 'Grade A Large Pasture Eggs']",Barista Oat Milk + Salted Creamery Butter,Espresso Roast Coffee Beans + Grade A Large Pasture Eggs,Barista Oat Milk + Salted Creamery Butter ➔ Espresso Roast Coffee Beans + Grade A Large Pasture Eggs,0.0505,0.7722,4.125,0.0383,3.568,0.0654,0.1872
['Grated Parmesan Cheese'],"['Extra Virgin Olive Oil', 'Penne Rigate Pasta']",Grated Parmesan Cheese,Extra Virgin Olive Oil + Penne Rigate Pasta,Grated Parmesan Cheese ➔ Extra Virgin Olive Oil + Penne Rigate Pasta,0.0845,0.4163,4.125,0.064,1.54,0.203,0.1009
['Roasted Salted Almonds'],"['Organic Baby Spinach', 'Organic Hass Avocados', 'Roma Tomatoes']",Roasted Salted Almonds,Organic Baby Spinach + Organic Hass Avocados + Roma Tomatoes,Roasted Salted Almonds ➔ Organic Baby Spinach + Organic Hass Avocados + Roma Tomatoes,0.0706,0.5657,4.123,0.0535,1.987,0.1248,0.1372
"['Organic Baby Spinach', 'Organic Hass Avocados', 'Roma Tomatoes']",['Roasted Salted Almonds'],Organic Baby Spinach + Organic Hass Avocados + Roma Tomatoes,Roasted Salted Almonds,Organic Baby Spinach + Organic Hass Avocados + Roma Tomatoes ➔ Roasted Salted Almonds,0.0706,0.5146,4.123,0.0535,1.803,0.1372,0.1248
"['Barista Oat Milk', 'Organic Whole Milk']","['Espresso Roast Coffee Beans', 'Grade A Large Pasture Eggs']",Barista Oat Milk + Organic Whole Milk,Espresso Roast Coffee Beans + Grade A Large Pasture Eggs,Barista Oat Milk + Organic Whole Milk ➔ Espresso Roast Coffee Beans + Grade A Large Pasture Eggs,0.0875,0.7709,4.118,0.0663,3.548,0.1135,0.1872
"['Espresso Roast Coffee Beans', 'Grade A Large Pasture Eggs']","['Barista Oat Milk', 'Organic Whole Milk']",Espresso Roast Coffee Beans + Grade A Large Pasture Eggs,Barista Oat Milk + Organic Whole Milk,Espresso Roast Coffee Beans + Grade A Large Pasture Eggs ➔ Barista Oat Milk + Organic Whole Milk,0.0875,0.4674,4.118,0.0663,1.665,0.1872,0.1135
"['Extra Virgin Olive Oil', 'Slow-Simmered Marinara']","['Artisanal Sourdough Bread', 'Penne Rigate Pasta']",Extra Virgin Olive Oil + Slow-Simmered Marinara,Artisanal Sourdough Bread + Penne Rigate Pasta,Extra Virgin Olive Oil + Slow-Simmered Marinara ➔ Artisanal Sourdough Bread + Penne Rigate Pasta,0.044,0.4435,4.118,0.0333,1.604,0.0992,0.1077
"['Artisanal Sourdough Bread', 'Penne Rigate Pasta']","['Extra Virgin Olive Oil', 'Slow-Simmered Marinara']",Artisanal Sourdough Bread + Penne Rigate Pasta,Extra Virgin Olive Oil + Slow-Simmered Marinara,Artisanal Sourdough Bread + Penne Rigate Pasta ➔ Extra Virgin Olive Oil + Slow-Simmered Marinara,0.044,0.4085,4.118,0.0333,1.523,0.1077,0.0992
"['Organic Baby Spinach', 'Sparkling Mineral Water']",['Oven Roasted Turkey Breast'],Organic Baby Spinach + Sparkling Mineral Water,Oven Roasted Turkey Breast,Organic Baby Spinach + Sparkling Mineral Water ➔ Oven Roasted Turkey Breast,0.0483,0.4995,4.114,0.0366,1.755,0.0967,0.1214
"['Grade A Large Pasture Eggs', 'Salted Creamery Butter']","['Barista Oat Milk', 'Espresso Roast Coffee Beans']",Grade A Large Pasture Eggs + Salted Creamery Butter,Barista Oat Milk + Espresso Roast Coffee Beans,Grade A Large Pasture Eggs + Salted Creamery Butter ➔ Barista Oat Milk + Espresso Roast Coffee Beans,0.0505,0.4625,4.114,0.0382,1.651,0.1092,0.1124
"['Barista Oat Milk', 'Espresso Roast Coffee Beans']","['Grade A Large Pasture Eggs', 'Salted Creamery Butter']",Barista Oat Milk + Espresso Roast Coffee Beans,Grade A Large Pasture Eggs + Salted Creamery Butter,Barista Oat Milk + Espresso Roast Coffee Beans ➔ Grade A Large Pasture Eggs + Salted Creamery Butter,0.0505,0.4493,4.114,0.0382,1.618,0.1124,0.1092
['Oven Roasted Turkey Breast'],"['Organic Baby Spinach', 'Sparkling Mineral Water']",Oven Roasted Turkey Breast,Organic Baby Spinach + Sparkling Mineral Water,Oven Roasted Turkey Breast ➔ Organic Baby Spinach + Sparkling Mineral Water,0.0483,0.3979,4.114,0.0366,1.5,0.1214,0.0967
['Roasted Salted Almonds'],"['Extra Virgin Olive Oil', 'Roma Tomatoes']",Roasted Salted Almonds,Extra Virgin Olive Oil + Roma Tomatoes,Roasted Salted Almonds ➔ Extra Virgin Olive Oil + Roma Tomatoes,0.0775,0.621,4.11,0.0586,2.24,0.1248,0.1511
"['Extra Virgin Olive Oil', 'Roma Tomatoes']",['Roasted Salted Almonds'],Extra Virgin Olive Oil + Roma Tomatoes,Roasted Salted Almonds,Extra Virgin Olive Oil + Roma Tomatoes ➔ Roasted Salted Almonds,0.0775,0.5129,4.11,0.0586,1.797,0.1511,0.1248
"['Barista Oat Milk', 'Salted Creamery Butter']","['Espresso Roast Coffee Beans', 'Madagascar Vanilla Syrup']",Barista Oat Milk + Salted Creamery Butter,Espresso Roast Coffee Beans + Madagascar Vanilla Syrup,Barista Oat Milk + Salted Creamery Butter ➔ Espresso Roast Coffee Beans + Madagascar Vanilla Syrup,0.0311,0.4755,4.11,0.0235,1.686,0.0654,0.1157
"['Barista Oat Milk', 'Espresso Roast Coffee Beans']","['Madagascar Vanilla Syrup', 'Organic Whole Milk']",Barista Oat Milk + Espresso Roast Coffee Beans,Madagascar Vanilla Syrup + Organic Whole Milk,Barista Oat Milk + Espresso Roast Coffee Beans ➔ Madagascar Vanilla Syrup + Organic Whole Milk,0.0545,0.4849,4.109,0.0412,1.712,0.1124,0.118
"['Madagascar Vanilla Syrup', 'Organic Whole Milk']","['Barista Oat Milk', 'Espresso Roast Coffee Beans']",Madagascar Vanilla Syrup + Organic Whole Milk,Barista Oat Milk + Espresso Roast Coffee Beans,Madagascar Vanilla Syrup + Organic Whole Milk ➔ Barista Oat Milk + Espresso Roast Coffee Beans,0.0545,0.4619,4.109,0.0412,1.649,0.118,0.1124
['72% Dark Chocolate Bar'],"['Grated Parmesan Cheese', 'Penne Rigate Pasta']",72% Dark Chocolate Bar,Grated Parmesan Cheese + Penne Rigate Pasta,72% Dark Chocolate Bar ➔ Grated Parmesan Cheese + Penne Rigate Pasta,0.0856,0.6456,4.107,0.0648,2.378,0.1326,0.1572
"['Grated Parmesan Cheese', 'Penne Rigate Pasta']",['72% Dark Chocolate Bar'],Grated Parmesan Cheese + Penne Rigate Pasta,72% Dark Chocolate Bar,Grated Parmesan Cheese + Penne Rigate Pasta ➔ 72% Dark Chocolate Bar,0.0856,0.5445,4.107,0.0648,1.904,0.1572,0.1326
"['Madagascar Vanilla Syrup', 'Salted Creamery Butter']","['Grade A Large Pasture Eggs', 'Organic Whole Milk']",Madagascar Vanilla Syrup + Salted Creamery Butter,Grade A Large Pasture Eggs + Organic Whole Milk,Madagascar Vanilla Syrup + Salted Creamery Butter ➔ Grade A Large Pasture Eggs + Organic Whole Milk,0.0518,0.7982,4.106,0.0392,3.991,0.0649,0.1944
"['72% Dark Chocolate Bar', 'Extra Virgin Olive Oil', 'Slow-Simmered Marinara']",['Penne Rigate Pasta'],72% Dark Chocolate Bar + Extra Virgin Olive Oil + Slow-Simmered Marinara,Penne Rigate Pasta,72% Dark Chocolate Bar + Extra Virgin Olive Oil + Slow-Simmered Marinara ➔ Penne Rigate Pasta,0.0429,0.858,4.105,0.0324,5.57,0.05,0.209
"['Artisanal Sourdough Bread', 'Extra Virgin Olive Oil', 'Slow-Simmered Marinara']",['Penne Rigate Pasta'],Artisanal Sourdough Bread + Extra Virgin Olive Oil + Slow-Simmered Marinara,Penne Rigate Pasta,Artisanal Sourdough Bread + Extra Virgin Olive Oil + Slow-Simmered Marinara ➔ Penne Rigate Pasta,0.044,0.8577,4.104,0.0333,5.559,0.0513,0.209
"['Organic Hass Avocados', 'Oven Roasted Turkey Breast']",['Roasted Salted Almonds'],Organic Hass Avocados + Oven Roasted Turkey Breast,Roasted Salted Almonds,Organic Hass Avocados + Oven Roasted Turkey Breast ➔ Roasted Salted Almonds,0.048,0.5117,4.1,0.0363,1.792,0.0938,0.1248
['Roasted Salted Almonds'],"['Organic Hass Avocados', 'Oven Roasted Turkey Breast']",Roasted Salted Almonds,Organic Hass Avocados + Oven Roasted Turkey Breast,Roasted Salted Almonds ➔ Organic Hass Avocados + Oven Roasted Turkey Breast,0.048,0.3846,4.1,0.0363,1.473,0.1248,0.0938
"['72% Dark Chocolate Bar', 'Artisanal Sourdough Bread', 'Slow-Simmered Marinara']",['Penne Rigate Pasta'],72% Dark Chocolate Bar + Artisanal Sourdough Bread + Slow-Simmered Marinara,Penne Rigate Pasta,72% Dark Chocolate Bar + Artisanal Sourdough Bread + Slow-Simmered Marinara ➔ Penne Rigate Pasta,0.0447,0.8563,4.097,0.0338,5.505,0.0522,0.209
"['Mild Chunky Salsa', 'Roma Tomatoes']","['Organic Hass Avocados', 'Organic Tortilla Chips']",Mild Chunky Salsa + Roma Tomatoes,Organic Hass Avocados + Organic Tortilla Chips,Mild Chunky Salsa + Roma Tomatoes ➔ Organic Hass Avocados + Organic Tortilla Chips,0.0461,0.7103,4.094,0.0348,2.853,0.0649,0.1735
['Oven Roasted Turkey Breast'],"['Organic Baby Spinach', 'Organic Hass Avocados']",Oven Roasted Turkey Breast,Organic Baby Spinach + Organic Hass Avocados,Oven Roasted Turkey Breast ➔ Organic Baby Spinach + Organic Hass Avocados,0.0796,0.6557,4.088,0.0601,2.438,0.1214,0.1604
"['Organic Baby Spinach', 'Organic Hass Avocados']",['Oven Roasted Turkey Breast'],Organic Baby Spinach + Organic Hass Avocados,Oven Roasted Turkey Breast,Organic Baby Spinach + Organic Hass Avocados ➔ Oven Roasted Turkey Breast,0.0796,0.4963,4.088,0.0601,1.744,0.1604,0.1214
"['Extra Virgin Olive Oil', 'Sparkling Mineral Water']",['Oven Roasted Turkey Breast'],Extra Virgin Olive Oil + Sparkling Mineral Water,Oven Roasted Turkey Breast,Extra Virgin Olive Oil + Sparkling Mineral Water ➔ Oven Roasted Turkey Breast,0.0479,0.4959,4.085,0.0362,1.743,0.0966,0.1214
['Oven Roasted Turkey Breast'],"['Extra Virgin Olive Oil', 'Sparkling Mineral Water']",Oven Roasted Turkey Breast,Extra Virgin Olive Oil + Sparkling Mineral Water,Oven Roasted Turkey Breast ➔ Extra Virgin Olive Oil + Sparkling Mineral Water,0.0479,0.3946,4.085,0.0362,1.492,0.1214,0.0966
"['Fresh Organic Cilantro', 'Mild Chunky Salsa', 'Organic Hass Avocados']",['Fresh Limes'],Fresh Organic Cilantro + Mild Chunky Salsa + Organic Hass Avocados,Fresh Limes,Fresh Organic Cilantro + Mild Chunky Salsa + Organic Hass Avocados ➔ Fresh Limes,0.0801,0.898,4.076,0.0604,7.643,0.0892,0.2203
['Roasted Salted Almonds'],"['Organic Baby Spinach', 'Roma Tomatoes']",Roasted Salted Almonds,Organic Baby Spinach + Roma Tomatoes,Roasted Salted Almonds ➔ Organic Baby Spinach + Roma Tomatoes,0.0786,0.6298,4.076,0.0593,2.284,0.1248,0.1545
"['Artisanal Sourdough Bread', 'Penne Rigate Pasta', 'Slow-Simmered Marinara']",['72% Dark Chocolate Bar'],Artisanal Sourdough Bread + Penne Rigate Pasta + Slow-Simmered Marinara,72% Dark Chocolate Bar,Artisanal Sourdough Bread + Penne Rigate Pasta + Slow-Simmered Marinara ➔ 72% Dark Chocolate Bar,0.0447,0.5405,4.076,0.0337,1.888,0.0827,0.1326
"['Organic Baby Spinach', 'Roma Tomatoes']",['Roasted Salted Almonds'],Organic Baby Spinach + Roma Tomatoes,Roasted Salted Almonds,Organic Baby Spinach + Roma Tomatoes ➔ Roasted Salted Almonds,0.0786,0.5087,4.076,0.0593,1.782,0.1545,0.1248
['Fresh Limes'],"['Fresh Organic Cilantro', 'Mild Chunky Salsa', 'Organic Hass Avocados']",Fresh Limes,Fresh Organic Cilantro + Mild Chunky Salsa + Organic Hass Avocados,Fresh Limes ➔ Fresh Organic Cilantro + Mild Chunky Salsa + Organic Hass Avocados,0.0801,0.3636,4.076,0.0604,1.431,0.2203,0.0892
"['Fresh Organic Cilantro', 'Organic Hass Avocados', 'Organic Tortilla Chips']",['Fresh Limes'],Fresh Organic Cilantro + Organic Hass Avocados + Organic Tortilla Chips,Fresh Limes,Fresh Organic Cilantro + Organic Hass Avocados + Organic Tortilla Chips ➔ Fresh Limes,0.1342,0.8977,4.075,0.1013,7.619,0.1495,0.2203
['Fresh Limes'],"['Fresh Organic Cilantro', 'Organic Hass Avocados', 'Organic Tortilla Chips']",Fresh Limes,Fresh Organic Cilantro + Organic Hass Avocados + Organic Tortilla Chips,Fresh Limes ➔ Fresh Organic Cilantro + Organic Hass Avocados + Organic Tortilla Chips,0.1342,0.6092,4.075,0.1013,2.176,0.2203,0.1495
"['Extra Virgin Olive Oil', 'Grated Parmesan Cheese']",['Slow-Simmered Marinara'],Extra Virgin Olive Oil + Grated Parmesan Cheese,Slow-Simmered Marinara,Extra Virgin Olive Oil + Grated Parmesan Cheese ➔ Slow-Simmered Marinara,0.084,0.8195,4.071,0.0634,4.425,0.1025,0.2013
['Slow-Simmered Marinara'],"['Extra Virgin Olive Oil', 'Grated Parmesan Cheese']",Slow-Simmered Marinara,Extra Virgin Olive Oil + Grated Parmesan Cheese,Slow-Simmered Marinara ➔ Extra Virgin Olive Oil + Grated Parmesan Cheese,0.084,0.4173,4.071,0.0634,1.54,0.2013,0.1025
"['Extra Virgin Olive Oil', 'Roma Tomatoes', 'Sparkling Mineral Water']",['Roasted Salted Almonds'],Extra Virgin Olive Oil + Roma Tomatoes + Sparkling Mineral Water,Roasted Salted Almonds,Extra Virgin Olive Oil + Roma Tomatoes + Sparkling Mineral Water ➔ Roasted Salted Almonds,0.0406,0.5075,4.067,0.0306,1.777,0.08,0.1248
"['Organic Hass Avocados', 'Roasted Salted Almonds']",['Oven Roasted Turkey Breast'],Organic Hass Avocados + Roasted Salted Almonds,Oven Roasted Turkey Breast,Organic Hass Avocados + Roasted Salted Almonds ➔ Oven Roasted Turkey Breast,0.048,0.4933,4.064,0.0362,1.734,0.0973,0.1214
['Oven Roasted Turkey Breast'],"['Organic Hass Avocados', 'Roasted Salted Almonds']",Oven Roasted Turkey Breast,Organic Hass Avocados + Roasted Salted Almonds,Oven Roasted Turkey Breast ➔ Organic Hass Avocados + Roasted Salted Almonds,0.048,0.3954,4.064,0.0362,1.493,0.1214,0.0973
"['Fresh Organic Cilantro', 'Organic Tortilla Chips', 'Sparkling Mineral Water']",['Fresh Limes'],Fresh Organic Cilantro + Organic Tortilla Chips + Sparkling Mineral Water,Fresh Limes,Fresh Organic Cilantro + Organic Tortilla Chips + Sparkling Mineral Water ➔ Fresh Limes,0.0805,0.8944,4.06,0.0607,7.387,0.09,0.2203
['Fresh Limes'],"['Fresh Organic Cilantro', 'Organic Tortilla Chips', 'Sparkling Mineral Water']",Fresh Limes,Fresh Organic Cilantro + Organic Tortilla Chips + Sparkling Mineral Water,Fresh Limes ➔ Fresh Organic Cilantro + Organic Tortilla Chips + Sparkling Mineral Water,0.0805,0.3654,4.06,0.0607,1.434,0.2203,0.09
"['Artisanal Sourdough Bread', 'Extra Virgin Olive Oil']","['Grated Parmesan Cheese', 'Penne Rigate Pasta']",Artisanal Sourdough Bread + Extra Virgin Olive Oil,Grated Parmesan Cheese + Penne Rigate Pasta,Artisanal Sourdough Bread + Extra Virgin Olive Oil ➔ Grated Parmesan Cheese + Penne Rigate Pasta,0.046,0.638,4.059,0.0347,2.328,0.0721,0.1572
['72% Dark Chocolate Bar'],"['Grated Parmesan Cheese', 'Penne Rigate Pasta', 'Slow-Simmered Marinara']",72% Dark Chocolate Bar,Grated Parmesan Cheese + Penne Rigate Pasta + Slow-Simmered Marinara,72% Dark Chocolate Bar ➔ Grated Parmesan Cheese + Penne Rigate Pasta + Slow-Simmered Marinara,0.074,0.5581,4.059,0.0558,1.952,0.1326,0.1375
"['Grated Parmesan Cheese', 'Penne Rigate Pasta', 'Slow-Simmered Marinara']",['72% Dark Chocolate Bar'],Grated Parmesan Cheese + Penne Rigate Pasta + Slow-Simmered Marinara,72% Dark Chocolate Bar,Grated Parmesan Cheese + Penne Rigate Pasta + Slow-Simmered Marinara ➔ 72% Dark Chocolate Bar,0.074,0.5382,4.059,0.0558,1.878,0.1375,0.1326
"['Barista Oat Milk', 'Salted Creamery Butter']","['Grade A Large Pasture Eggs', 'Madagascar Vanilla Syrup']",Barista Oat Milk + Salted Creamery Butter,Grade A Large Pasture Eggs + Madagascar Vanilla Syrup,Barista Oat Milk + Salted Creamery Butter ➔ Grade A Large Pasture Eggs + Madagascar Vanilla Syrup,0.0309,0.4725,4.059,0.0233,1.675,0.0654,0.1164
"['Organic Baby Spinach', 'Organic Hass Avocados', 'Sparkling Mineral Water']",['Oven Roasted Turkey Breast'],Organic Baby Spinach + Organic Hass Avocados + Sparkling Mineral Water,Oven Roasted Turkey Breast,Organic Baby Spinach + Organic Hass Avocados + Sparkling Mineral Water ➔ Oven Roasted Turkey Breast,0.0427,0.4925,4.057,0.0322,1.731,0.0867,0.1214
['Oven Roasted Turkey Breast'],"['Organic Baby Spinach', 'Organic Hass Avocados', 'Sparkling Mineral Water']",Oven Roasted Turkey Breast,Organic Baby Spinach + Organic Hass Avocados + Sparkling Mineral Water,Oven Roasted Turkey Breast ➔ Organic Baby Spinach + Organic Hass Avocados + Sparkling Mineral Water,0.0427,0.3517,4.057,0.0322,1.409,0.1214,0.0867
"['Barista Oat Milk', 'Grade A Large Pasture Eggs']","['Espresso Roast Coffee Beans', 'Organic Whole Milk']",Barista Oat Milk + Grade A Large Pasture Eggs,Espresso Roast Coffee Beans + Organic Whole Milk,Barista Oat Milk + Grade A Large Pasture Eggs ➔ Espresso Roast Coffee Beans + Organic Whole Milk,0.0875,0.7743,4.056,0.0659,3.585,0.113,0.1909
"['Espresso Roast Coffee Beans', 'Organic Whole Milk']","['Barista Oat Milk', 'Grade A Large Pasture Eggs']",Espresso Roast Coffee Beans + Organic Whole Milk,Barista Oat Milk + Grade A Large Pasture Eggs,Espresso Roast Coffee Beans + Organic Whole Milk ➔ Barista Oat Milk + Grade A Large Pasture Eggs,0.0875,0.4584,4.056,0.0659,1.638,0.1909,0.113
"['Fresh Organic Cilantro', 'Mild Chunky Salsa', 'Organic Tortilla Chips']",['Fresh Limes'],Fresh Organic Cilantro + Mild Chunky Salsa + Organic Tortilla Chips,Fresh Limes,Fresh Organic Cilantro + Mild Chunky Salsa + Organic Tortilla Chips ➔ Fresh Limes,0.0791,0.8928,4.053,0.0596,7.272,0.0886,0.2203
['Fresh Limes'],"['Fresh Organic Cilantro', 'Mild Chunky Salsa', 'Organic Tortilla Chips']",Fresh Limes,Fresh Organic Cilantro + Mild Chunky Salsa + Organic Tortilla Chips,Fresh Limes ➔ Fresh Organic Cilantro + Mild Chunky Salsa + Organic Tortilla Chips,0.0791,0.3591,4.053,0.0596,1.422,0.2203,0.0886
"['Fresh Organic Cilantro', 'Organic Tortilla Chips', 'Roma Tomatoes']",['Fresh Limes'],Fresh Organic Cilantro + Organic Tortilla Chips + Roma Tomatoes,Fresh Limes,Fresh Organic Cilantro + Organic Tortilla Chips + Roma Tomatoes ➔ Fresh Limes,0.083,0.8925,4.051,0.0625,7.251,0.093,0.2203
"['Mild Chunky Salsa', 'Organic Hass Avocados', 'Organic Tortilla Chips']",['Fresh Limes'],Mild Chunky Salsa + Organic Hass Avocados + Organic Tortilla Chips,Fresh Limes,Mild Chunky Salsa + Organic Hass Avocados + Organic Tortilla Chips ➔ Fresh Limes,0.0779,0.8923,4.051,0.0587,7.241,0.0873,0.2203
['Fresh Limes'],"['Fresh Organic Cilantro', 'Organic Tortilla Chips', 'Roma Tomatoes']",Fresh Limes,Fresh Organic Cilantro + Organic Tortilla Chips + Roma Tomatoes,Fresh Limes ➔ Fresh Organic Cilantro + Organic Tortilla Chips + Roma Tomatoes,0.083,0.3768,4.051,0.0625,1.455,0.2203,0.093
['Fresh Limes'],"['Mild Chunky Salsa', 'Organic Hass Avocados', 'Organic Tortilla Chips']",Fresh Limes,Mild Chunky Salsa + Organic Hass Avocados + Organic Tortilla Chips,Fresh Limes ➔ Mild Chunky Salsa + Organic Hass Avocados + Organic Tortilla Chips,0.0779,0.3536,4.051,0.0587,1.412,0.2203,0.0873
"['Espresso Roast Coffee Beans', 'Salted Creamery Butter']","['Madagascar Vanilla Syrup', 'Organic Whole Milk']",Espresso Roast Coffee Beans + Salted Creamery Butter,Madagascar Vanilla Syrup + Organic Whole Milk,Espresso Roast Coffee Beans + Salted Creamery Butter ➔ Madagascar Vanilla Syrup + Organic Whole Milk,0.0517,0.4778,4.049,0.0389,1.689,0.1082,0.118
"['Madagascar Vanilla Syrup', 'Organic Whole Milk']","['Espresso Roast Coffee Beans', 'Salted Creamery Butter']",Madagascar Vanilla Syrup + Organic Whole Milk,Espresso Roast Coffee Beans + Salted Creamery Butter,Madagascar Vanilla Syrup + Organic Whole Milk ➔ Espresso Roast Coffee Beans + Salted Creamery Butter,0.0517,0.4381,4.049,0.0389,1.587,0.118,0.1082
"['Fresh Limes', 'Organic Hass Avocados', 'Sparkling Mineral Water']",['Fresh Organic Cilantro'],Fresh Limes + Organic Hass Avocados + Sparkling Mineral Water,Fresh Organic Cilantro,Fresh Limes + Organic Hass Avocados + Sparkling Mineral Water ➔ Fresh Organic Cilantro,0.08,0.8658,4.048,0.0602,5.858,0.0924,0.2139
['Fresh Organic Cilantro'],"['Fresh Limes', 'Organic Hass Avocados', 'Sparkling Mineral Water']",Fresh Organic Cilantro,Fresh Limes + Organic Hass Avocados + Sparkling Mineral Water,Fresh Organic Cilantro ➔ Fresh Limes + Organic Hass Avocados + Sparkling Mineral Water,0.08,0.374,4.048,0.0602,1.45,0.2139,0.0924
"['Barista Oat Milk', 'Madagascar Vanilla Syrup']","['Grade A Large Pasture Eggs', 'Organic Whole Milk']",Barista Oat Milk + Madagascar Vanilla Syrup,Grade A Large Pasture Eggs + Organic Whole Milk,Barista Oat Milk + Madagascar Vanilla Syrup ➔ Grade A Large Pasture Eggs + Organic Whole Milk,0.0531,0.7867,4.047,0.04,3.776,0.0675,0.1944
['Roasted Salted Almonds'],"['Organic Baby Spinach', 'Organic Hass Avocados']",Roasted Salted Almonds,Organic Baby Spinach + Organic Hass Avocados,Roasted Salted Almonds ➔ Organic Baby Spinach + Organic Hass Avocados,0.081,0.649,4.046,0.061,2.392,0.1248,0.1604
"['Organic Baby Spinach', 'Organic Hass Avocados']",['Roasted Salted Almonds'],Organic Baby Spinach + Organic Hass Avocados,Roasted Salted Almonds,Organic Baby Spinach + Organic Hass Avocados ➔ Roasted Salted Almonds,0.081,0.505,4.046,0.061,1.768,0.1604,0.1248
['Oven Roasted Turkey Breast'],"['Extra Virgin Olive Oil', 'Organic Hass Avocados']",Oven Roasted Turkey Breast,Extra Virgin Olive Oil + Organic Hass Avocados,Oven Roasted Turkey Breast ➔ Extra Virgin Olive Oil + Organic Hass Avocados,0.0779,0.6417,4.043,0.0586,2.348,0.1214,0.1587
"['Extra Virgin Olive Oil', 'Organic Hass Avocados']",['Oven Roasted Turkey Breast'],Extra Virgin Olive Oil + Organic Hass Avocados,Oven Roasted Turkey Breast,Extra Virgin Olive Oil + Organic Hass Avocados ➔ Oven Roasted Turkey Breast,0.0779,0.4909,4.043,0.0586,1.726,0.1587,0.1214
"['Fresh Organic Cilantro', 'Mild Chunky Salsa']",['Fresh Limes'],Fresh Organic Cilantro + Mild Chunky Salsa,Fresh Limes,Fresh Organic Cilantro + Mild Chunky Salsa ➔ Fresh Limes,0.0902,0.8904,4.042,0.0679,7.116,0.1013,0.2203
"['Extra Virgin Olive Oil', 'Penne Rigate Pasta']",['Slow-Simmered Marinara'],Extra Virgin Olive Oil + Penne Rigate Pasta,Slow-Simmered Marinara,Extra Virgin Olive Oil + Penne Rigate Pasta ➔ Slow-Simmered Marinara,0.0821,0.8137,4.042,0.0618,4.287,0.1009,0.2013
['Fresh Limes'],"['Fresh Organic Cilantro', 'Mild Chunky Salsa']",Fresh Limes,Fresh Organic Cilantro + Mild Chunky Salsa,Fresh Limes ➔ Fresh Organic Cilantro + Mild Chunky Salsa,0.0902,0.4094,4.042,0.0679,1.522,0.2203,0.1013
['Slow-Simmered Marinara'],"['Extra Virgin Olive Oil', 'Penne Rigate Pasta']",Slow-Simmered Marinara,Extra Virgin Olive Oil + Penne Rigate Pasta,Slow-Simmered Marinara ➔ Extra Virgin Olive Oil + Penne Rigate Pasta,0.0821,0.4078,4.042,0.0618,1.518,0.2013,0.1009
"['72% Dark Chocolate Bar', 'Extra Virgin Olive Oil']",['Grated Parmesan Cheese'],72% Dark Chocolate Bar + Extra Virgin Olive Oil,Grated Parmesan Cheese,72% Dark Chocolate Bar + Extra Virgin Olive Oil ➔ Grated Parmesan Cheese,0.052,0.8202,4.04,0.0391,4.432,0.0634,0.203
['Roasted Salted Almonds'],"['Extra Virgin Olive Oil', 'Organic Hass Avocados']",Roasted Salted Almonds,Extra Virgin Olive Oil + Organic Hass Avocados,Roasted Salted Almonds ➔ Extra Virgin Olive Oil + Organic Hass Avocados,0.0799,0.6402,4.034,0.0601,2.338,0.1248,0.1587
"['Extra Virgin Olive Oil', 'Grated Parmesan Cheese', 'Penne Rigate Pasta']",['72% Dark Chocolate Bar'],Extra Virgin Olive Oil + Grated Parmesan Cheese + Penne Rigate Pasta,72% Dark Chocolate Bar,Extra Virgin Olive Oil + Grated Parmesan Cheese + Penne Rigate Pasta ➔ 72% Dark Chocolate Bar,0.0452,0.5349,4.034,0.034,1.865,0.0845,0.1326
"['Extra Virgin Olive Oil', 'Organic Hass Avocados']",['Roasted Salted Almonds'],Extra Virgin Olive Oil + Organic Hass Avocados,Roasted Salted Almonds,Extra Virgin Olive Oil + Organic Hass Avocados ➔ Roasted Salted Almonds,0.0799,0.5035,4.034,0.0601,1.763,0.1587,0.1248
['72% Dark Chocolate Bar'],"['Grated Parmesan Cheese', 'Slow-Simmered Marinara']",72% Dark Chocolate Bar,Grated Parmesan Cheese + Slow-Simmered Marinara,72% Dark Chocolate Bar ➔ Grated Parmesan Cheese + Slow-Simmered Marinara,0.0841,0.6342,4.032,0.0632,2.304,0.1326,0.1573
"['Grated Parmesan Cheese', 'Slow-Simmered Marinara']",['72% Dark Chocolate Bar'],Grated Parmesan Cheese + Slow-Simmered Marinara,72% Dark Chocolate Bar,Grated Parmesan Cheese + Slow-Simmered Marinara ➔ 72% Dark Chocolate Bar,0.0841,0.5346,4.032,0.0632,1.864,0.1573,0.1326
"['Fresh Limes', 'Organic Hass Avocados']",['Fresh Organic Cilantro'],Fresh Limes + Organic Hass Avocados,Fresh Organic Cilantro,Fresh Limes + Organic Hass Avocados ➔ Fresh Organic Cilantro,0.1521,0.8618,4.029,0.1143,5.686,0.1765,0.2139
['Fresh Organic Cilantro'],"['Fresh Limes', 'Organic Hass Avocados']",Fresh Organic Cilantro,Fresh Limes + Organic Hass Avocados,Fresh Organic Cilantro ➔ Fresh Limes + Organic Hass Avocados,0.1521,0.7111,4.029,0.1143,2.85,0.2139,0.1765
"['Organic Hass Avocados', 'Organic Tortilla Chips']",['Fresh Organic Cilantro'],Organic Hass Avocados + Organic Tortilla Chips,Fresh Organic Cilantro,Organic Hass Avocados + Organic Tortilla Chips ➔ Fresh Organic Cilantro,0.1495,0.8617,4.028,0.1124,5.683,0.1735,0.2139
"['Organic Whole Milk', 'Salted Creamery Butter']","['Espresso Roast Coffee Beans', 'Grade A Large Pasture Eggs']",Organic Whole Milk + Salted Creamery Butter,Espresso Roast Coffee Beans + Grade A Large Pasture Eggs,Organic Whole Milk + Salted Creamery Butter ➔ Espresso Roast Coffee Beans + Grade A Large Pasture Eggs,0.0837,0.7541,4.028,0.0629,3.305,0.111,0.1872
['Fresh Organic Cilantro'],"['Organic Hass Avocados', 'Organic Tortilla Chips']",Fresh Organic Cilantro,Organic Hass Avocados + Organic Tortilla Chips,Fresh Organic Cilantro ➔ Organic Hass Avocados + Organic Tortilla Chips,0.1495,0.6989,4.028,0.1124,2.745,0.2139,0.1735
"['Espresso Roast Coffee Beans', 'Grade A Large Pasture Eggs']","['Organic Whole Milk', 'Salted Creamery Butter']",Espresso Roast Coffee Beans + Grade A Large Pasture Eggs,Organic Whole Milk + Salted Creamery Butter,Espresso Roast Coffee Beans + Grade A Large Pasture Eggs ➔ Organic Whole Milk + Salted Creamery Butter,0.0837,0.4471,4.028,0.0629,1.608,0.1872,0.111
"['Fresh Organic Cilantro', 'Organic Tortilla Chips']",['Fresh Limes'],Fresh Organic Cilantro + Organic Tortilla Chips,Fresh Limes,Fresh Organic Cilantro + Organic Tortilla Chips ➔ Fresh Limes,0.1532,0.8871,4.027,0.1152,6.905,0.1727,0.2203
['Fresh Limes'],"['Fresh Organic Cilantro', 'Organic Tortilla Chips']",Fresh Limes,Fresh Organic Cilantro + Organic Tortilla Chips,Fresh Limes ➔ Fresh Organic Cilantro + Organic Tortilla Chips,0.1532,0.6954,4.027,0.1152,2.716,0.2203,0.1727
"['Organic Whole Milk', 'Salted Creamery Butter']","['Espresso Roast Coffee Beans', 'Madagascar Vanilla Syrup']",Organic Whole Milk + Salted Creamery Butter,Espresso Roast Coffee Beans + Madagascar Vanilla Syrup,Organic Whole Milk + Salted Creamery Butter ➔ Espresso Roast Coffee Beans + Madagascar Vanilla Syrup,0.0517,0.4658,4.026,0.0389,1.655,0.111,0.1157
"['Espresso Roast Coffee Beans', 'Madagascar Vanilla Syrup']","['Organic Whole Milk', 'Salted Creamery Butter']",Espresso Roast Coffee Beans + Madagascar Vanilla Syrup,Organic Whole Milk + Salted Creamery Butter,Espresso Roast Coffee Beans + Madagascar Vanilla Syrup ➔ Organic Whole Milk + Salted Creamery Butter,0.0517,0.4468,4.026,0.0389,1.607,0.1157,0.111
"['Espresso Roast Coffee Beans', 'Salted Creamery Butter']","['Barista Oat Milk', 'Organic Whole Milk']",Espresso Roast Coffee Beans + Salted Creamery Butter,Barista Oat Milk + Organic Whole Milk,Espresso Roast Coffee Beans + Salted Creamery Butter ➔ Barista Oat Milk + Organic Whole Milk,0.0494,0.4566,4.023,0.0371,1.631,0.1082,0.1135
"['Barista Oat Milk', 'Organic Whole Milk']","['Espresso Roast Coffee Beans', 'Salted Creamery Butter']",Barista Oat Milk + Organic Whole Milk,Espresso Roast Coffee Beans + Salted Creamery Butter,Barista Oat Milk + Organic Whole Milk ➔ Espresso Roast Coffee Beans + Salted Creamery Butter,0.0494,0.4352,4.023,0.0371,1.579,0.1135,0.1082
['72% Dark Chocolate Bar'],"['Penne Rigate Pasta', 'Slow-Simmered Marinara']",72% Dark Chocolate Bar,Penne Rigate Pasta + Slow-Simmered Marinara,72% Dark Chocolate Bar ➔ Penne Rigate Pasta + Slow-Simmered Marinara,0.0826,0.6229,4.021,0.0621,2.241,0.1326,0.1549
"['Penne Rigate Pasta', 'Slow-Simmered Marinara']",['72% Dark Chocolate Bar'],Penne Rigate Pasta + Slow-Simmered Marinara,72% Dark Chocolate Bar,Penne Rigate Pasta + Slow-Simmered Marinara ➔ 72% Dark Chocolate Bar,0.0826,0.5332,4.021,0.0621,1.858,0.1549,0.1326
"['Fresh Limes', 'Sparkling Mineral Water']",['Fresh Organic Cilantro'],Fresh Limes + Sparkling Mineral Water,Fresh Organic Cilantro,Fresh Limes + Sparkling Mineral Water ➔ Fresh Organic Cilantro,0.0909,0.86,4.02,0.0683,5.614,0.1057,0.2139
"['Grade A Large Pasture Eggs', 'Salted Creamery Butter']","['Madagascar Vanilla Syrup', 'Organic Whole Milk']",Grade A Large Pasture Eggs + Salted Creamery Butter,Madagascar Vanilla Syrup + Organic Whole Milk,Grade A Large Pasture Eggs + Salted Creamery Butter ➔ Madagascar Vanilla Syrup + Organic Whole Milk,0.0518,0.4744,4.02,0.0389,1.678,0.1092,0.118
"['Madagascar Vanilla Syrup', 'Organic Whole Milk']","['Grade A Large Pasture Eggs', 'Salted Creamery Butter']",Madagascar Vanilla Syrup + Organic Whole Milk,Grade A Large Pasture Eggs + Salted Creamery Butter,Madagascar Vanilla Syrup + Organic Whole Milk ➔ Grade A Large Pasture Eggs + Salted Creamery Butter,0.0518,0.439,4.02,0.0389,1.588,0.118,0.1092
['Fresh Organic Cilantro'],"['Fresh Limes', 'Sparkling Mineral Water']",Fresh Organic Cilantro,Fresh Limes + Sparkling Mineral Water,Fresh Organic Cilantro ➔ Fresh Limes + Sparkling Mineral Water,0.0909,0.425,4.02,0.0683,1.555,0.2139,0.1057
"['Barista Oat Milk', 'Organic Whole Milk']","['Grade A Large Pasture Eggs', 'Madagascar Vanilla Syrup']",Barista Oat Milk + Organic Whole Milk,Grade A Large Pasture Eggs + Madagascar Vanilla Syrup,Barista Oat Milk + Organic Whole Milk ➔ Grade A Large Pasture Eggs + Madagascar Vanilla Syrup,0.0531,0.4678,4.019,0.0399,1.66,0.1135,0.1164
"['Grade A Large Pasture Eggs', 'Madagascar Vanilla Syrup']","['Barista Oat Milk', 'Organic Whole Milk']",Grade A Large Pasture Eggs + Madagascar Vanilla Syrup,Barista Oat Milk + Organic Whole Milk,Grade A Large Pasture Eggs + Madagascar Vanilla Syrup ➔ Barista Oat Milk + Organic Whole Milk,0.0531,0.4562,4.019,0.0399,1.63,0.1164,0.1135
"['Fresh Organic Cilantro', 'Mild Chunky Salsa', 'Sparkling Mineral Water']",['Fresh Limes'],Fresh Organic Cilantro + Mild Chunky Salsa + Sparkling Mineral Water,Fresh Limes,Fresh Organic Cilantro + Mild Chunky Salsa + Sparkling Mineral Water ➔ Fresh Limes,0.047,0.8851,4.018,0.0353,6.787,0.0531,0.2203
['Sea Salt Kettle Chips'],['Organic Strawberry Jam'],Sea Salt Kettle Chips,Organic Strawberry Jam,Sea Salt Kettle Chips ➔ Organic Strawberry Jam,0.0767,0.655,4.018,0.0576,2.426,0.1171,0.163
['Organic Strawberry Jam'],['Sea Salt Kettle Chips'],Organic Strawberry Jam,Sea Salt Kettle Chips,Organic Strawberry Jam ➔ Sea Salt Kettle Chips,0.0767,0.4706,4.018,0.0576,1.668,0.163,0.1171
"['Organic Hass Avocados', 'Organic Tortilla Chips', 'Sparkling Mineral Water']",['Fresh Organic Cilantro'],Organic Hass Avocados + Organic Tortilla Chips + Sparkling Mineral Water,Fresh Organic Cilantro,Organic Hass Avocados + Organic Tortilla Chips + Sparkling Mineral Water ➔ Fresh Organic Cilantro,0.0788,0.8593,4.017,0.0592,5.588,0.0917,0.2139
['Fresh Organic Cilantro'],"['Organic Hass Avocados', 'Organic Tortilla Chips', 'Sparkling Mineral Water']",Fresh Organic Cilantro,Organic Hass Avocados + Organic Tortilla Chips + Sparkling Mineral Water,Fresh Organic Cilantro ➔ Organic Hass Avocados + Organic Tortilla Chips + Sparkling Mineral Water,0.0788,0.3684,4.017,0.0592,1.438,0.2139,0.0917
"['Grade A Large Pasture Eggs', 'Salted Creamery Butter']","['Espresso Roast Coffee Beans', 'Organic Whole Milk']",Grade A Large Pasture Eggs + Salted Creamery Butter,Espresso Roast Coffee Beans + Organic Whole Milk,Grade A Large Pasture Eggs + Salted Creamery Butter ➔ Espresso Roast Coffee Beans + Organic Whole Milk,0.0837,0.7665,4.015,0.0629,3.465,0.1092,0.1909
"['Espresso Roast Coffee Beans', 'Organic Whole Milk']","['Grade A Large Pasture Eggs', 'Salted Creamery Butter']",Espresso Roast Coffee Beans + Organic Whole Milk,Grade A Large Pasture Eggs + Salted Creamery Butter,Espresso Roast Coffee Beans + Organic Whole Milk ➔ Grade A Large Pasture Eggs + Salted Creamery Butter,0.0837,0.4384,4.015,0.0629,1.586,0.1909,0.1092
"['Fresh Limes', 'Mild Chunky Salsa', 'Roma Tomatoes']",['Organic Tortilla Chips'],Fresh Limes + Mild Chunky Salsa + Roma Tomatoes,Organic Tortilla Chips,Fresh Limes + Mild Chunky Salsa + Roma Tomatoes ➔ Organic Tortilla Chips,0.0462,0.8919,4.012,0.0347,7.194,0.0518,0.2223
"['Artisanal Sourdough Bread', 'Extra Virgin Olive Oil']","['Grated Parmesan Cheese', 'Slow-Simmered Marinara']",Artisanal Sourdough Bread + Extra Virgin Olive Oil,Grated Parmesan Cheese + Slow-Simmered Marinara,Artisanal Sourdough Bread + Extra Virgin Olive Oil ➔ Grated Parmesan Cheese + Slow-Simmered Marinara,0.0455,0.6311,4.012,0.0342,2.284,0.0721,0.1573
"['Organic Whole Milk', 'Salted Creamery Butter']","['Grade A Large Pasture Eggs', 'Madagascar Vanilla Syrup']",Organic Whole Milk + Salted Creamery Butter,Grade A Large Pasture Eggs + Madagascar Vanilla Syrup,Organic Whole Milk + Salted Creamery Butter ➔ Grade A Large Pasture Eggs + Madagascar Vanilla Syrup,0.0518,0.4667,4.009,0.0389,1.657,0.111,0.1164
"['Grade A Large Pasture Eggs', 'Madagascar Vanilla Syrup']","['Organic Whole Milk', 'Salted Creamery Butter']",Grade A Large Pasture Eggs + Madagascar Vanilla Syrup,Organic Whole Milk + Salted Creamery Butter,Grade A Large Pasture Eggs + Madagascar Vanilla Syrup ➔ Organic Whole Milk + Salted Creamery Butter,0.0518,0.445,4.009,0.0389,1.602,0.1164,0.111
"['Fresh Organic Cilantro', 'Mild Chunky Salsa', 'Roma Tomatoes']",['Fresh Limes'],Fresh Organic Cilantro + Mild Chunky Salsa + Roma Tomatoes,Fresh Limes,Fresh Organic Cilantro + Mild Chunky Salsa + Roma Tomatoes ➔ Fresh Limes,0.0475,0.8829,4.008,0.0356,6.658,0.0538,0.2203
"['Mild Chunky Salsa', 'Organic Tortilla Chips']",['Fresh Limes'],Mild Chunky Salsa + Organic Tortilla Chips,Fresh Limes,Mild Chunky Salsa + Organic Tortilla Chips ➔ Fresh Limes,0.0878,0.8824,4.006,0.0659,6.631,0.0995,0.2203
['Fresh Limes'],"['Mild Chunky Salsa', 'Organic Tortilla Chips']",Fresh Limes,Mild Chunky Salsa + Organic Tortilla Chips,Fresh Limes ➔ Mild Chunky Salsa + Organic Tortilla Chips,0.0878,0.3985,4.006,0.0659,1.497,0.2203,0.0995
"['Fresh Organic Cilantro', 'Mild Chunky Salsa', 'Roma Tomatoes']",['Organic Tortilla Chips'],Fresh Organic Cilantro + Mild Chunky Salsa + Roma Tomatoes,Organic Tortilla Chips,Fresh Organic Cilantro + Mild Chunky Salsa + Roma Tomatoes ➔ Organic Tortilla Chips,0.0479,0.8903,4.005,0.0359,7.092,0.0538,0.2223
"['Fresh Limes', 'Roma Tomatoes', 'Sparkling Mineral Water']",['Fresh Organic Cilantro'],Fresh Limes + Roma Tomatoes + Sparkling Mineral Water,Fresh Organic Cilantro,Fresh Limes + Roma Tomatoes + Sparkling Mineral Water ➔ Fresh Organic Cilantro,0.0502,0.8567,4.005,0.0377,5.484,0.0586,0.2139
"['Barista Oat Milk', 'Espresso Roast Coffee Beans']","['Grade A Large Pasture Eggs', 'Organic Whole Milk']",Barista Oat Milk + Espresso Roast Coffee Beans,Grade A Large Pasture Eggs + Organic Whole Milk,Barista Oat Milk + Espresso Roast Coffee Beans ➔ Grade A Large Pasture Eggs + Organic Whole Milk,0.0875,0.7785,4.004,0.0656,3.637,0.1124,0.1944
"['Grade A Large Pasture Eggs', 'Organic Whole Milk']","['Barista Oat Milk', 'Espresso Roast Coffee Beans']",Grade A Large Pasture Eggs + Organic Whole Milk,Barista Oat Milk + Espresso Roast Coffee Beans,Grade A Large Pasture Eggs + Organic Whole Milk ➔ Barista Oat Milk + Espresso Roast Coffee Beans,0.0875,0.4501,4.004,0.0656,1.614,0.1944,0.1124
"['Mild Chunky Salsa', 'Organic Hass Avocados', 'Sparkling Mineral Water']",['Fresh Organic Cilantro'],Mild Chunky Salsa + Organic Hass Avocados + Sparkling Mineral Water,Fresh Organic Cilantro,Mild Chunky Salsa + Organic Hass Avocados + Sparkling Mineral Water ➔ Fresh Organic Cilantro,0.0471,0.8548,3.996,0.0353,5.414,0.0551,0.2139
"['Madagascar Vanilla Syrup', 'Salted Creamery Butter']","['Artisanal Sourdough Bread', 'Espresso Roast Coffee Beans']",Madagascar Vanilla Syrup + Salted Creamery Butter,Artisanal Sourdough Bread + Espresso Roast Coffee Beans,Madagascar Vanilla Syrup + Salted Creamery Butter ➔ Artisanal Sourdough Bread + Espresso Roast Coffee Beans,0.0327,0.5039,3.996,0.0245,1.761,0.0649,0.1261
"['Barista Oat Milk', 'Madagascar Vanilla Syrup']","['Artisanal Sourdough Bread', 'Espresso Roast Coffee Beans']",Barista Oat Milk + Madagascar Vanilla Syrup,Artisanal Sourdough Bread + Espresso Roast Coffee Beans,Barista Oat Milk + Madagascar Vanilla Syrup ➔ Artisanal Sourdough Bread + Espresso Roast Coffee Beans,0.034,0.5037,3.994,0.0255,1.761,0.0675,0.1261
"['Grade A Large Pasture Eggs', 'Salted Creamery Butter']","['Barista Oat Milk', 'Organic Whole Milk']",Grade A Large Pasture Eggs + Salted Creamery Butter,Barista Oat Milk + Organic Whole Milk,Grade A Large Pasture Eggs + Salted Creamery Butter ➔ Barista Oat Milk + Organic Whole Milk,0.0495,0.4533,3.994,0.0371,1.622,0.1092,0.1135
"['Barista Oat Milk', 'Organic Whole Milk']","['Grade A Large Pasture Eggs', 'Salted Creamery Butter']",Barista Oat Milk + Organic Whole Milk,Grade A Large Pasture Eggs + Salted Creamery Butter,Barista Oat Milk + Organic Whole Milk ➔ Grade A Large Pasture Eggs + Salted Creamery Butter,0.0495,0.4361,3.994,0.0371,1.58,0.1135,0.1092
"['Fresh Limes', 'Fresh Organic Cilantro', 'Roma Tomatoes']",['Organic Tortilla Chips'],Fresh Limes + Fresh Organic Cilantro + Roma Tomatoes,Organic Tortilla Chips,Fresh Limes + Fresh Organic Cilantro + Roma Tomatoes ➔ Organic Tortilla Chips,0.083,0.8877,3.993,0.0622,6.925,0.0935,0.2223
['Organic Tortilla Chips'],"['Fresh Limes', 'Fresh Organic Cilantro', 'Roma Tomatoes']",Organic Tortilla Chips,Fresh Limes + Fresh Organic Cilantro + Roma Tomatoes,Organic Tortilla Chips ➔ Fresh Limes + Fresh Organic Cilantro + Roma Tomatoes,0.083,0.3734,3.993,0.0622,1.447,0.2223,0.0935
"['Fresh Limes', 'Organic Hass Avocados', 'Roma Tomatoes']",['Fresh Organic Cilantro'],Fresh Limes + Organic Hass Avocados + Roma Tomatoes,Fresh Organic Cilantro,Fresh Limes + Organic Hass Avocados + Roma Tomatoes ➔ Fresh Organic Cilantro,0.0824,0.8539,3.992,0.0618,5.38,0.0965,0.2139
"['Organic Bananas', 'Organic Whole Milk']",['Organic Strawberry Jam'],Organic Bananas + Organic Whole Milk,Organic Strawberry Jam,Organic Bananas + Organic Whole Milk ➔ Organic Strawberry Jam,0.0447,0.6507,3.992,0.0335,2.396,0.0687,0.163
['Fresh Organic Cilantro'],"['Fresh Limes', 'Organic Hass Avocados', 'Roma Tomatoes']",Fresh Organic Cilantro,Fresh Limes + Organic Hass Avocados + Roma Tomatoes,Fresh Organic Cilantro ➔ Fresh Limes + Organic Hass Avocados + Roma Tomatoes,0.0824,0.3852,3.992,0.0618,1.47,0.2139,0.0965
"['Fresh Organic Cilantro', 'Organic Hass Avocados', 'Sparkling Mineral Water']",['Fresh Limes'],Fresh Organic Cilantro + Organic Hass Avocados + Sparkling Mineral Water,Fresh Limes,Fresh Organic Cilantro + Organic Hass Avocados + Sparkling Mineral Water ➔ Fresh Limes,0.08,0.8791,3.991,0.06,6.45,0.091,0.2203
['Fresh Limes'],"['Fresh Organic Cilantro', 'Organic Hass Avocados', 'Sparkling Mineral Water']",Fresh Limes,Fresh Organic Cilantro + Organic Hass Avocados + Sparkling Mineral Water,Fresh Limes ➔ Fresh Organic Cilantro + Organic Hass Avocados + Sparkling Mineral Water,0.08,0.3631,3.991,0.06,1.427,0.2203,0.091
"['Artisanal Sourdough Bread', 'Slow-Simmered Marinara']",['Grated Parmesan Cheese'],Artisanal Sourdough Bread + Slow-Simmered Marinara,Grated Parmesan Cheese,Artisanal Sourdough Bread + Slow-Simmered Marinara ➔ Grated Parmesan Cheese,0.0837,0.8095,3.988,0.0627,4.183,0.1034,0.203
['Grated Parmesan Cheese'],"['Artisanal Sourdough Bread', 'Slow-Simmered Marinara']",Grated Parmesan Cheese,Artisanal Sourdough Bread + Slow-Simmered Marinara,Grated Parmesan Cheese ➔ Artisanal Sourdough Bread + Slow-Simmered Marinara,0.0837,0.4123,3.988,0.0627,1.526,0.203,0.1034
"['Artisanal Sourdough Bread', 'Grated Parmesan Cheese']",['Slow-Simmered Marinara'],Artisanal Sourdough Bread + Grated Parmesan Cheese,Slow-Simmered Marinara,Artisanal Sourdough Bread + Grated Parmesan Cheese ➔ Slow-Simmered Marinara,0.0837,0.8025,3.987,0.0627,4.044,0.1043,0.2013
['Slow-Simmered Marinara'],"['Artisanal Sourdough Bread', 'Grated Parmesan Cheese']",Slow-Simmered Marinara,Artisanal Sourdough Bread + Grated Parmesan Cheese,Slow-Simmered Marinara ➔ Artisanal Sourdough Bread + Grated Parmesan Cheese,0.0837,0.4158,3.987,0.0627,1.533,0.2013,0.1043
"['Fresh Limes', 'Fresh Organic Cilantro', 'Sparkling Mineral Water']",['Organic Tortilla Chips'],Fresh Limes + Fresh Organic Cilantro + Sparkling Mineral Water,Organic Tortilla Chips,Fresh Limes + Fresh Organic Cilantro + Sparkling Mineral Water ➔ Organic Tortilla Chips,0.0805,0.8856,3.984,0.0603,6.797,0.0909,0.2223
"['Mild Chunky Salsa', 'Organic Tortilla Chips', 'Sparkling Mineral Water']",['Fresh Limes'],Mild Chunky Salsa + Organic Tortilla Chips + Sparkling Mineral Water,Fresh Limes,Mild Chunky Salsa + Organic Tortilla Chips + Sparkling Mineral Water ➔ Fresh Limes,0.0459,0.8776,3.984,0.0344,6.372,0.0523,0.2203
['Organic Tortilla Chips'],"['Fresh Limes', 'Fresh Organic Cilantro', 'Sparkling Mineral Water']",Organic Tortilla Chips,Fresh Limes + Fresh Organic Cilantro + Sparkling Mineral Water,Organic Tortilla Chips ➔ Fresh Limes + Fresh Organic Cilantro + Sparkling Mineral Water,0.0805,0.3621,3.984,0.0603,1.425,0.2223,0.0909
"['Organic Tortilla Chips', 'Roma Tomatoes', 'Sparkling Mineral Water']",['Fresh Organic Cilantro'],Organic Tortilla Chips + Roma Tomatoes + Sparkling Mineral Water,Fresh Organic Cilantro,Organic Tortilla Chips + Roma Tomatoes + Sparkling Mineral Water ➔ Fresh Organic Cilantro,0.0501,0.852,3.983,0.0375,5.313,0.0588,0.2139
"['Organic Bananas', 'Organic Whole Milk']",['Creamy Peanut Butter'],Organic Bananas + Organic Whole Milk,Creamy Peanut Butter,Organic Bananas + Organic Whole Milk ➔ Creamy Peanut Butter,0.0455,0.6623,3.983,0.0341,2.469,0.0687,0.1663
"['Organic Baby Spinach', 'Organic Hass Avocados', 'Sparkling Mineral Water']",['Roasted Salted Almonds'],Organic Baby Spinach + Organic Hass Avocados + Sparkling Mineral Water,Roasted Salted Almonds,Organic Baby Spinach + Organic Hass Avocados + Sparkling Mineral Water ➔ Roasted Salted Almonds,0.0431,0.4971,3.983,0.0323,1.74,0.0867,0.1248
"['Barista Oat Milk', 'Grade A Large Pasture Eggs']","['Madagascar Vanilla Syrup', 'Organic Whole Milk']",Barista Oat Milk + Grade A Large Pasture Eggs,Madagascar Vanilla Syrup + Organic Whole Milk,Barista Oat Milk + Grade A Large Pasture Eggs ➔ Madagascar Vanilla Syrup + Organic Whole Milk,0.0531,0.4699,3.982,0.0398,1.664,0.113,0.118
"['Madagascar Vanilla Syrup', 'Organic Whole Milk']","['Barista Oat Milk', 'Grade A Large Pasture Eggs']",Madagascar Vanilla Syrup + Organic Whole Milk,Barista Oat Milk + Grade A Large Pasture Eggs,Madagascar Vanilla Syrup + Organic Whole Milk ➔ Barista Oat Milk + Grade A Large Pasture Eggs,0.0531,0.45,3.982,0.0398,1.613,0.118,0.113
"['Mild Chunky Salsa', 'Roma Tomatoes']","['Fresh Limes', 'Organic Hass Avocados']",Mild Chunky Salsa + Roma Tomatoes,Fresh Limes + Organic Hass Avocados,Mild Chunky Salsa + Roma Tomatoes ➔ Fresh Limes + Organic Hass Avocados,0.0456,0.7026,3.981,0.0341,2.769,0.0649,0.1765
"['Organic Hass Avocados', 'Organic Tortilla Chips', 'Roma Tomatoes']",['Fresh Organic Cilantro'],Organic Hass Avocados + Organic Tortilla Chips + Roma Tomatoes,Fresh Organic Cilantro,Organic Hass Avocados + Organic Tortilla Chips + Roma Tomatoes ➔ Fresh Organic Cilantro,0.0813,0.8513,3.98,0.0609,5.287,0.0955,0.2139
['Fresh Organic Cilantro'],"['Organic Hass Avocados', 'Organic Tortilla Chips', 'Roma Tomatoes']",Fresh Organic Cilantro,Organic Hass Avocados + Organic Tortilla Chips + Roma Tomatoes,Fresh Organic Cilantro ➔ Organic Hass Avocados + Organic Tortilla Chips + Roma Tomatoes,0.0813,0.3801,3.98,0.0609,1.459,0.2139,0.0955
"['Mild Chunky Salsa', 'Organic Tortilla Chips', 'Roma Tomatoes']",['Fresh Limes'],Mild Chunky Salsa + Organic Tortilla Chips + Roma Tomatoes,Fresh Limes,Mild Chunky Salsa + Organic Tortilla Chips + Roma Tomatoes ➔ Fresh Limes,0.0462,0.8767,3.979,0.0346,6.322,0.0527,0.2203
"['Espresso Roast Coffee Beans', 'Salted Creamery Butter']","['Grade A Large Pasture Eggs', 'Organic Whole Milk']",Espresso Roast Coffee Beans + Salted Creamery Butter,Grade A Large Pasture Eggs + Organic Whole Milk,Espresso Roast Coffee Beans + Salted Creamery Butter ➔ Grade A Large Pasture Eggs + Organic Whole Milk,0.0837,0.7736,3.979,0.0627,3.558,0.1082,0.1944
"['Grade A Large Pasture Eggs', 'Organic Whole Milk']","['Espresso Roast Coffee Beans', 'Salted Creamery Butter']",Grade A Large Pasture Eggs + Organic Whole Milk,Espresso Roast Coffee Beans + Salted Creamery Butter,Grade A Large Pasture Eggs + Organic Whole Milk ➔ Espresso Roast Coffee Beans + Salted Creamery Butter,0.0837,0.4306,3.979,0.0627,1.566,0.1944,0.1082
"['Fresh Limes', 'Roma Tomatoes']",['Fresh Organic Cilantro'],Fresh Limes + Roma Tomatoes,Fresh Organic Cilantro,Fresh Limes + Roma Tomatoes ➔ Fresh Organic Cilantro,0.0935,0.8508,3.977,0.07,5.268,0.1099,0.2139
"['Mild Chunky Salsa', 'Organic Hass Avocados']","['Organic Tortilla Chips', 'Roma Tomatoes']",Mild Chunky Salsa + Organic Hass Avocados,Organic Tortilla Chips + Roma Tomatoes,Mild Chunky Salsa + Organic Hass Avocados ➔ Organic Tortilla Chips + Roma Tomatoes,0.0461,0.4382,3.977,0.0345,1.584,0.1052,0.1102
['Fresh Organic Cilantro'],"['Fresh Limes', 'Roma Tomatoes']",Fresh Organic Cilantro,Fresh Limes + Roma Tomatoes,Fresh Organic Cilantro ➔ Fresh Limes + Roma Tomatoes,0.0935,0.4371,3.977,0.07,1.581,0.2139,0.1099
"['Organic Tortilla Chips', 'Roma Tomatoes']","['Mild Chunky Salsa', 'Organic Hass Avocados']",Organic Tortilla Chips + Roma Tomatoes,Mild Chunky Salsa + Organic Hass Avocados,Organic Tortilla Chips + Roma Tomatoes ➔ Mild Chunky Salsa + Organic Hass Avocados,0.0461,0.4183,3.977,0.0345,1.538,0.1102,0.1052
"['Fresh Organic Cilantro', 'Organic Hass Avocados']",['Fresh Limes'],Fresh Organic Cilantro + Organic Hass Avocados,Fresh Limes,Fresh Organic Cilantro + Organic Hass Avocados ➔ Fresh Limes,0.1521,0.8751,3.973,0.1138,6.245,0.1738,0.2203
"['Organic Tortilla Chips', 'Sparkling Mineral Water']",['Fresh Organic Cilantro'],Organic Tortilla Chips + Sparkling Mineral Water,Fresh Organic Cilantro,Organic Tortilla Chips + Sparkling Mineral Water ➔ Fresh Organic Cilantro,0.09,0.8499,3.973,0.0673,5.236,0.1059,0.2139
['Fresh Limes'],"['Fresh Organic Cilantro', 'Organic Hass Avocados']",Fresh Limes,Fresh Organic Cilantro + Organic Hass Avocados,Fresh Limes ➔ Fresh Organic Cilantro + Organic Hass Avocados,0.1521,0.6904,3.973,0.1138,2.669,0.2203,0.1738
['Fresh Organic Cilantro'],"['Organic Tortilla Chips', 'Sparkling Mineral Water']",Fresh Organic Cilantro,Organic Tortilla Chips + Sparkling Mineral Water,Fresh Organic Cilantro ➔ Organic Tortilla Chips + Sparkling Mineral Water,0.09,0.4208,3.973,0.0673,1.544,0.2139,0.1059
"['Fresh Limes', 'Fresh Organic Cilantro', 'Organic Hass Avocados']",['Organic Tortilla Chips'],Fresh Limes + Fresh Organic Cilantro + Organic Hass Avocados,Organic Tortilla Chips,Fresh Limes + Fresh Organic Cilantro + Organic Hass Avocados ➔ Organic Tortilla Chips,0.1342,0.8823,3.969,0.1004,6.608,0.1521,0.2223
['Organic Tortilla Chips'],"['Fresh Limes', 'Fresh Organic Cilantro', 'Organic Hass Avocados']",Organic Tortilla Chips,Fresh Limes + Fresh Organic Cilantro + Organic Hass Avocados,Organic Tortilla Chips ➔ Fresh Limes + Fresh Organic Cilantro + Organic Hass Avocados,0.1342,0.6037,3.969,0.1004,2.139,0.2223,0.1521
"['Extra Virgin Olive Oil', 'Grated Parmesan Cheese', 'Slow-Simmered Marinara']",['72% Dark Chocolate Bar'],Extra Virgin Olive Oil + Grated Parmesan Cheese + Slow-Simmered Marinara,72% Dark Chocolate Bar,Extra Virgin Olive Oil + Grated Parmesan Cheese + Slow-Simmered Marinara ➔ 72% Dark Chocolate Bar,0.0442,0.5262,3.968,0.0331,1.831,0.084,0.1326
"['Fresh Organic Cilantro', 'Mild Chunky Salsa', 'Sparkling Mineral Water']",['Organic Tortilla Chips'],Fresh Organic Cilantro + Mild Chunky Salsa + Sparkling Mineral Water,Organic Tortilla Chips,Fresh Organic Cilantro + Mild Chunky Salsa + Sparkling Mineral Water ➔ Organic Tortilla Chips,0.0468,0.8814,3.965,0.035,6.555,0.0531,0.2223
"['Fresh Organic Cilantro', 'Sparkling Mineral Water']",['Fresh Limes'],Fresh Organic Cilantro + Sparkling Mineral Water,Fresh Limes,Fresh Organic Cilantro + Sparkling Mineral Water ➔ Fresh Limes,0.0909,0.8732,3.964,0.068,6.149,0.1041,0.2203
"['Mild Chunky Salsa', 'Organic Hass Avocados']",['Fresh Organic Cilantro'],Mild Chunky Salsa + Organic Hass Avocados,Fresh Organic Cilantro,Mild Chunky Salsa + Organic Hass Avocados ➔ Fresh Organic Cilantro,0.0892,0.8479,3.964,0.0667,5.169,0.1052,0.2139
['Fresh Organic Cilantro'],"['Mild Chunky Salsa', 'Organic Hass Avocados']",Fresh Organic Cilantro,Mild Chunky Salsa + Organic Hass Avocados,Fresh Organic Cilantro ➔ Mild Chunky Salsa + Organic Hass Avocados,0.0892,0.417,3.964,0.0667,1.535,0.2139,0.1052
['Fresh Limes'],"['Fresh Organic Cilantro', 'Sparkling Mineral Water']",Fresh Limes,Fresh Organic Cilantro + Sparkling Mineral Water,Fresh Limes ➔ Fresh Organic Cilantro + Sparkling Mineral Water,0.0909,0.4126,3.964,0.068,1.525,0.2203,0.1041
"['Fresh Limes', 'Fresh Organic Cilantro']",['Organic Tortilla Chips'],Fresh Limes + Fresh Organic Cilantro,Organic Tortilla Chips,Fresh Limes + Fresh Organic Cilantro ➔ Organic Tortilla Chips,0.1532,0.881,3.963,0.1145,6.533,0.1739,0.2223
['Organic Tortilla Chips'],"['Fresh Limes', 'Fresh Organic Cilantro']",Organic Tortilla Chips,Fresh Limes + Fresh Organic Cilantro,Organic Tortilla Chips ➔ Fresh Limes + Fresh Organic Cilantro,0.1532,0.6892,3.963,0.1145,2.658,0.2223,0.1739
"['Extra Virgin Olive Oil', 'Slow-Simmered Marinara']",['Penne Rigate Pasta'],Extra Virgin Olive Oil + Slow-Simmered Marinara,Penne Rigate Pasta,Extra Virgin Olive Oil + Slow-Simmered Marinara ➔ Penne Rigate Pasta,0.0821,0.8276,3.96,0.0614,4.589,0.0992,0.209
['Penne Rigate Pasta'],"['Extra Virgin Olive Oil', 'Slow-Simmered Marinara']",Penne Rigate Pasta,Extra Virgin Olive Oil + Slow-Simmered Marinara,Penne Rigate Pasta ➔ Extra Virgin Olive Oil + Slow-Simmered Marinara,0.0821,0.3928,3.96,0.0614,1.484,0.209,0.0992
"['Organic Whole Milk', 'Salted Creamery Butter']","['Barista Oat Milk', 'Espresso Roast Coffee Beans']",Organic Whole Milk + Salted Creamery Butter,Barista Oat Milk + Espresso Roast Coffee Beans,Organic Whole Milk + Salted Creamery Butter ➔ Barista Oat Milk + Espresso Roast Coffee Beans,0.0494,0.445,3.959,0.0369,1.599,0.111,0.1124
"['Barista Oat Milk', 'Espresso Roast Coffee Beans']","['Organic Whole Milk', 'Salted Creamery Butter']",Barista Oat Milk + Espresso Roast Coffee Beans,Organic Whole Milk + Salted Creamery Butter,Barista Oat Milk + Espresso Roast Coffee Beans ➔ Organic Whole Milk + Salted Creamery Butter,0.0494,0.4395,3.959,0.0369,1.586,0.1124,0.111
"['Barista Oat Milk', 'Salted Creamery Butter']","['Espresso Roast Coffee Beans', 'Organic Whole Milk']",Barista Oat Milk + Salted Creamery Butter,Espresso Roast Coffee Beans + Organic Whole Milk,Barista Oat Milk + Salted Creamery Butter ➔ Espresso Roast Coffee Beans + Organic Whole Milk,0.0494,0.7554,3.957,0.0369,3.307,0.0654,0.1909
"['Mild Chunky Salsa', 'Organic Hass Avocados', 'Roma Tomatoes']",['Fresh Organic Cilantro'],Mild Chunky Salsa + Organic Hass Avocados + Roma Tomatoes,Fresh Organic Cilantro,Mild Chunky Salsa + Organic Hass Avocados + Roma Tomatoes ➔ Fresh Organic Cilantro,0.0475,0.8452,3.951,0.0355,5.078,0.0562,0.2139
"['Organic Whole Milk', 'Salted Creamery Butter']","['Barista Oat Milk', 'Grade A Large Pasture Eggs']",Organic Whole Milk + Salted Creamery Butter,Barista Oat Milk + Grade A Large Pasture Eggs,Organic Whole Milk + Salted Creamery Butter ➔ Barista Oat Milk + Grade A Large Pasture Eggs,0.0495,0.4459,3.946,0.037,1.601,0.111,0.113
"['Barista Oat Milk', 'Grade A Large Pasture Eggs']","['Organic Whole Milk', 'Salted Creamery Butter']",Barista Oat Milk + Grade A Large Pasture Eggs,Organic Whole Milk + Salted Creamery Butter,Barista Oat Milk + Grade A Large Pasture Eggs ➔ Organic Whole Milk + Salted Creamery Butter,0.0495,0.4381,3.946,0.037,1.582,0.113,0.111
"['Fresh Limes', 'Fresh Organic Cilantro', 'Mild Chunky Salsa']",['Organic Tortilla Chips'],Fresh Limes + Fresh Organic Cilantro + Mild Chunky Salsa,Organic Tortilla Chips,Fresh Limes + Fresh Organic Cilantro + Mild Chunky Salsa ➔ Organic Tortilla Chips,0.0791,0.8769,3.945,0.059,6.32,0.0902,0.2223
"['Organic Tortilla Chips', 'Roma Tomatoes']",['Fresh Organic Cilantro'],Organic Tortilla Chips + Roma Tomatoes,Fresh Organic Cilantro,Organic Tortilla Chips + Roma Tomatoes ➔ Fresh Organic Cilantro,0.093,0.8439,3.945,0.0694,5.037,0.1102,0.2139
['Fresh Organic Cilantro'],"['Organic Tortilla Chips', 'Roma Tomatoes']",Fresh Organic Cilantro,Organic Tortilla Chips + Roma Tomatoes,Fresh Organic Cilantro ➔ Organic Tortilla Chips + Roma Tomatoes,0.093,0.4348,3.945,0.0694,1.574,0.2139,0.1102
['Organic Tortilla Chips'],"['Fresh Limes', 'Fresh Organic Cilantro', 'Mild Chunky Salsa']",Organic Tortilla Chips,Fresh Limes + Fresh Organic Cilantro + Mild Chunky Salsa,Organic Tortilla Chips ➔ Fresh Limes + Fresh Organic Cilantro + Mild Chunky Salsa,0.0791,0.3558,3.945,0.059,1.412,0.2223,0.0902
"['Extra Virgin Olive Oil', 'Grated Parmesan Cheese']",['Penne Rigate Pasta'],Extra Virgin Olive Oil + Grated Parmesan Cheese,Penne Rigate Pasta,Extra Virgin Olive Oil + Grated Parmesan Cheese ➔ Penne Rigate Pasta,0.0845,0.8244,3.944,0.0631,4.504,0.1025,0.209
"['Mild Chunky Salsa', 'Organic Hass Avocados']","['Fresh Limes', 'Roma Tomatoes']",Mild Chunky Salsa + Organic Hass Avocados,Fresh Limes + Roma Tomatoes,Mild Chunky Salsa + Organic Hass Avocados ➔ Fresh Limes + Roma Tomatoes,0.0456,0.4335,3.944,0.034,1.571,0.1052,0.1099
"['Fresh Limes', 'Roma Tomatoes']","['Mild Chunky Salsa', 'Organic Hass Avocados']",Fresh Limes + Roma Tomatoes,Mild Chunky Salsa + Organic Hass Avocados,Fresh Limes + Roma Tomatoes ➔ Mild Chunky Salsa + Organic Hass Avocados,0.0456,0.4149,3.944,0.034,1.529,0.1099,0.1052
['Penne Rigate Pasta'],"['Extra Virgin Olive Oil', 'Grated Parmesan Cheese']",Penne Rigate Pasta,Extra Virgin Olive Oil + Grated Parmesan Cheese,Penne Rigate Pasta ➔ Extra Virgin Olive Oil + Grated Parmesan Cheese,0.0845,0.4043,3.944,0.0631,1.507,0.209,0.1025
"['Extra Virgin Olive Oil', 'Penne Rigate Pasta', 'Slow-Simmered Marinara']",['72% Dark Chocolate Bar'],Extra Virgin Olive Oil + Penne Rigate Pasta + Slow-Simmered Marinara,72% Dark Chocolate Bar,Extra Virgin Olive Oil + Penne Rigate Pasta + Slow-Simmered Marinara ➔ 72% Dark Chocolate Bar,0.0429,0.5225,3.941,0.032,1.817,0.0821,0.1326
"['Artisanal Sourdough Bread', 'Extra Virgin Olive Oil']","['Penne Rigate Pasta', 'Slow-Simmered Marinara']",Artisanal Sourdough Bread + Extra Virgin Olive Oil,Penne Rigate Pasta + Slow-Simmered Marinara,Artisanal Sourdough Bread + Extra Virgin Olive Oil ➔ Penne Rigate Pasta + Slow-Simmered Marinara,0.044,0.6103,3.94,0.0328,2.168,0.0721,0.1549
['Madagascar Vanilla Syrup'],"['Espresso Roast Coffee Beans', 'Grade A Large Pasture Eggs', 'Organic Whole Milk']",Madagascar Vanilla Syrup,Espresso Roast Coffee Beans + Grade A Large Pasture Eggs + Organic Whole Milk,Madagascar Vanilla Syrup ➔ Espresso Roast Coffee Beans + Grade A Large Pasture Eggs + Organic Whole Milk,0.0937,0.6571,3.939,0.0699,2.43,0.1426,0.1668
"['Espresso Roast Coffee Beans', 'Grade A Large Pasture Eggs', 'Organic Whole Milk']",['Madagascar Vanilla Syrup'],Espresso Roast Coffee Beans + Grade A Large Pasture Eggs + Organic Whole Milk,Madagascar Vanilla Syrup,Espresso Roast Coffee Beans + Grade A Large Pasture Eggs + Organic Whole Milk ➔ Madagascar Vanilla Syrup,0.0937,0.5618,3.939,0.0699,1.956,0.1668,0.1426
"['Artisanal Sourdough Bread', 'Madagascar Vanilla Syrup']","['Espresso Roast Coffee Beans', 'Grade A Large Pasture Eggs']",Artisanal Sourdough Bread + Madagascar Vanilla Syrup,Espresso Roast Coffee Beans + Grade A Large Pasture Eggs,Artisanal Sourdough Bread + Madagascar Vanilla Syrup ➔ Espresso Roast Coffee Beans + Grade A Large Pasture Eggs,0.0574,0.7368,3.936,0.0428,3.089,0.0779,0.1872
"['Fresh Organic Cilantro', 'Mild Chunky Salsa']",['Organic Tortilla Chips'],Fresh Organic Cilantro + Mild Chunky Salsa,Organic Tortilla Chips,Fresh Organic Cilantro + Mild Chunky Salsa ➔ Organic Tortilla Chips,0.0886,0.8746,3.934,0.0661,6.203,0.1013,0.2223
"['Artisanal Sourdough Bread', 'Madagascar Vanilla Syrup']","['Espresso Roast Coffee Beans', 'Organic Whole Milk']",Artisanal Sourdough Bread + Madagascar Vanilla Syrup,Espresso Roast Coffee Beans + Organic Whole Milk,Artisanal Sourdough Bread + Madagascar Vanilla Syrup ➔ Espresso Roast Coffee Beans + Organic Whole Milk,0.0585,0.751,3.934,0.0436,3.249,0.0779,0.1909
"['Organic Baby Spinach', 'Roma Tomatoes', 'Sparkling Mineral Water']",['Roasted Salted Almonds'],Organic Baby Spinach + Roma Tomatoes + Sparkling Mineral Water,Roasted Salted Almonds,Organic Baby Spinach + Roma Tomatoes + Sparkling Mineral Water ➔ Roasted Salted Almonds,0.041,0.491,3.934,0.0306,1.72,0.0835,0.1248
['Organic Tortilla Chips'],"['Fresh Organic Cilantro', 'Mild Chunky Salsa']",Organic Tortilla Chips,Fresh Organic Cilantro + Mild Chunky Salsa,Organic Tortilla Chips ➔ Fresh Organic Cilantro + Mild Chunky Salsa,0.0886,0.3986,3.934,0.0661,1.494,0.2223,0.1013
"['Madagascar Vanilla Syrup', 'Organic Whole Milk']","['Artisanal Sourdough Bread', 'Espresso Roast Coffee Beans']",Madagascar Vanilla Syrup + Organic Whole Milk,Artisanal Sourdough Bread + Espresso Roast Coffee Beans,Madagascar Vanilla Syrup + Organic Whole Milk ➔ Artisanal Sourdough Bread + Espresso Roast Coffee Beans,0.0585,0.4958,3.932,0.0436,1.733,0.118,0.1261
"['Artisanal Sourdough Bread', 'Espresso Roast Coffee Beans']","['Madagascar Vanilla Syrup', 'Organic Whole Milk']",Artisanal Sourdough Bread + Espresso Roast Coffee Beans,Madagascar Vanilla Syrup + Organic Whole Milk,Artisanal Sourdough Bread + Espresso Roast Coffee Beans ➔ Madagascar Vanilla Syrup + Organic Whole Milk,0.0585,0.4639,3.932,0.0436,1.645,0.1261,0.118
"['Organic Hass Avocados', 'Organic Tortilla Chips']",['Fresh Limes'],Organic Hass Avocados + Organic Tortilla Chips,Fresh Limes,Organic Hass Avocados + Organic Tortilla Chips ➔ Fresh Limes,0.1502,0.8657,3.93,0.112,5.806,0.1735,0.2203
['Fresh Limes'],"['Organic Hass Avocados', 'Organic Tortilla Chips']",Fresh Limes,Organic Hass Avocados + Organic Tortilla Chips,Fresh Limes ➔ Organic Hass Avocados + Organic Tortilla Chips,0.1502,0.6818,3.93,0.112,2.597,0.2203,0.1735
"['Fresh Limes', 'Mild Chunky Salsa', 'Organic Hass Avocados']",['Organic Tortilla Chips'],Fresh Limes + Mild Chunky Salsa + Organic Hass Avocados,Organic Tortilla Chips,Fresh Limes + Mild Chunky Salsa + Organic Hass Avocados ➔ Organic Tortilla Chips,0.0779,0.8733,3.929,0.0581,6.139,0.0892,0.2223
"['Fresh Organic Cilantro', 'Mild Chunky Salsa', 'Organic Hass Avocados']",['Organic Tortilla Chips'],Fresh Organic Cilantro + Mild Chunky Salsa + Organic Hass Avocados,Organic Tortilla Chips,Fresh Organic Cilantro + Mild Chunky Salsa + Organic Hass Avocados ➔ Organic Tortilla Chips,0.0779,0.8733,3.929,0.0581,6.139,0.0892,0.2223
['Organic Tortilla Chips'],"['Fresh Limes', 'Mild Chunky Salsa', 'Organic Hass Avocados']",Organic Tortilla Chips,Fresh Limes + Mild Chunky Salsa + Organic Hass Avocados,Organic Tortilla Chips ➔ Fresh Limes + Mild Chunky Salsa + Organic Hass Avocados,0.0779,0.3504,3.929,0.0581,1.402,0.2223,0.0892
['Organic Tortilla Chips'],"['Fresh Organic Cilantro', 'Mild Chunky Salsa', 'Organic Hass Avocados']",Organic Tortilla Chips,Fresh Organic Cilantro + Mild Chunky Salsa + Organic Hass Avocados,Organic Tortilla Chips ➔ Fresh Organic Cilantro + Mild Chunky Salsa + Organic Hass Avocados,0.0779,0.3504,3.929,0.0581,1.402,0.2223,0.0892
"['Fresh Limes', 'Mild Chunky Salsa', 'Sparkling Mineral Water']",['Organic Tortilla Chips'],Fresh Limes + Mild Chunky Salsa + Sparkling Mineral Water,Organic Tortilla Chips,Fresh Limes + Mild Chunky Salsa + Sparkling Mineral Water ➔ Organic Tortilla Chips,0.0459,0.8726,3.925,0.0342,6.106,0.0526,0.2223
"['Organic Hass Avocados', 'Organic Tortilla Chips', 'Sparkling Mineral Water']",['Fresh Limes'],Organic Hass Avocados + Organic Tortilla Chips + Sparkling Mineral Water,Fresh Limes,Organic Hass Avocados + Organic Tortilla Chips + Sparkling Mineral Water ➔ Fresh Limes,0.0793,0.8648,3.925,0.0591,5.766,0.0917,0.2203
['Fresh Limes'],"['Organic Hass Avocados', 'Organic Tortilla Chips', 'Sparkling Mineral Water']",Fresh Limes,Organic Hass Avocados + Organic Tortilla Chips + Sparkling Mineral Water,Fresh Limes ➔ Organic Hass Avocados + Organic Tortilla Chips + Sparkling Mineral Water,0.0793,0.36,3.925,0.0591,1.419,0.2203,0.0917
"['Artisanal Sourdough Bread', 'Grated Parmesan Cheese']",['72% Dark Chocolate Bar'],Artisanal Sourdough Bread + Grated Parmesan Cheese,72% Dark Chocolate Bar,Artisanal Sourdough Bread + Grated Parmesan Cheese ➔ 72% Dark Chocolate Bar,0.0542,0.5197,3.919,0.0404,1.806,0.1043,0.1326
['72% Dark Chocolate Bar'],"['Artisanal Sourdough Bread', 'Grated Parmesan Cheese']",72% Dark Chocolate Bar,Artisanal Sourdough Bread + Grated Parmesan Cheese,72% Dark Chocolate Bar ➔ Artisanal Sourdough Bread + Grated Parmesan Cheese,0.0542,0.4087,3.919,0.0404,1.515,0.1326,0.1043
"['72% Dark Chocolate Bar', 'Extra Virgin Olive Oil']",['Slow-Simmered Marinara'],72% Dark Chocolate Bar + Extra Virgin Olive Oil,Slow-Simmered Marinara,72% Dark Chocolate Bar + Extra Virgin Olive Oil ➔ Slow-Simmered Marinara,0.05,0.7886,3.918,0.0372,3.779,0.0634,0.2013
['Sea Salt Kettle Chips'],['Creamy Peanut Butter'],Sea Salt Kettle Chips,Creamy Peanut Butter,Sea Salt Kettle Chips ➔ Creamy Peanut Butter,0.0762,0.6507,3.913,0.0567,2.387,0.1171,0.1663
['Creamy Peanut Butter'],['Sea Salt Kettle Chips'],Creamy Peanut Butter,Sea Salt Kettle Chips,Creamy Peanut Butter ➔ Sea Salt Kettle Chips,0.0762,0.4582,3.913,0.0567,1.63,0.1663,0.1171
"['Fresh Limes', 'Mild Chunky Salsa']",['Organic Tortilla Chips'],Fresh Limes + Mild Chunky Salsa,Organic Tortilla Chips,Fresh Limes + Mild Chunky Salsa ➔ Organic Tortilla Chips,0.0878,0.8693,3.911,0.0653,5.951,0.101,0.2223
"['Grade A Large Pasture Eggs', 'Madagascar Vanilla Syrup']","['Artisanal Sourdough Bread', 'Espresso Roast Coffee Beans']",Grade A Large Pasture Eggs + Madagascar Vanilla Syrup,Artisanal Sourdough Bread + Espresso Roast Coffee Beans,Grade A Large Pasture Eggs + Madagascar Vanilla Syrup ➔ Artisanal Sourdough Bread + Espresso Roast Coffee Beans,0.0574,0.4931,3.911,0.0427,1.724,0.1164,0.1261
"['Organic Baby Spinach', 'Sparkling Mineral Water']",['Roasted Salted Almonds'],Organic Baby Spinach + Sparkling Mineral Water,Roasted Salted Almonds,Organic Baby Spinach + Sparkling Mineral Water ➔ Roasted Salted Almonds,0.0472,0.4881,3.911,0.0351,1.71,0.0967,0.1248
"['Artisanal Sourdough Bread', 'Espresso Roast Coffee Beans']","['Grade A Large Pasture Eggs', 'Madagascar Vanilla Syrup']",Artisanal Sourdough Bread + Espresso Roast Coffee Beans,Grade A Large Pasture Eggs + Madagascar Vanilla Syrup,Artisanal Sourdough Bread + Espresso Roast Coffee Beans ➔ Grade A Large Pasture Eggs + Madagascar Vanilla Syrup,0.0574,0.4552,3.911,0.0427,1.622,0.1261,0.1164
['Organic Tortilla Chips'],"['Fresh Limes', 'Mild Chunky Salsa']",Organic Tortilla Chips,Fresh Limes + Mild Chunky Salsa,Organic Tortilla Chips ➔ Fresh Limes + Mild Chunky Salsa,0.0878,0.395,3.911,0.0653,1.486,0.2223,0.101
['Roasted Salted Almonds'],"['Organic Baby Spinach', 'Sparkling Mineral Water']",Roasted Salted Almonds,Organic Baby Spinach + Sparkling Mineral Water,Roasted Salted Almonds ➔ Organic Baby Spinach + Sparkling Mineral Water,0.0472,0.3782,3.911,0.0351,1.453,0.1248,0.0967
"['Fresh Organic Cilantro', 'Organic Hass Avocados', 'Roma Tomatoes']",['Fresh Limes'],Fresh Organic Cilantro + Organic Hass Avocados + Roma Tomatoes,Fresh Limes,Fresh Organic Cilantro + Organic Hass Avocados + Roma Tomatoes ➔ Fresh Limes,0.0824,0.8601,3.904,0.0613,5.574,0.0958,0.2203
['Fresh Limes'],"['Fresh Organic Cilantro', 'Organic Hass Avocados', 'Roma Tomatoes']",Fresh Limes,Fresh Organic Cilantro + Organic Hass Avocados + Roma Tomatoes,Fresh Limes ➔ Fresh Organic Cilantro + Organic Hass Avocados + Roma Tomatoes,0.0824,0.374,3.904,0.0613,1.444,0.2203,0.0958
"['Mild Chunky Salsa', 'Sparkling Mineral Water']",['Fresh Organic Cilantro'],Mild Chunky Salsa + Sparkling Mineral Water,Fresh Organic Cilantro,Mild Chunky Salsa + Sparkling Mineral Water ➔ Fresh Organic Cilantro,0.0531,0.8349,3.903,0.0395,4.762,0.0636,0.2139
"['Fresh Organic Cilantro', 'Roma Tomatoes', 'Sparkling Mineral Water']",['Fresh Limes'],Fresh Organic Cilantro + Roma Tomatoes + Sparkling Mineral Water,Fresh Limes,Fresh Organic Cilantro + Roma Tomatoes + Sparkling Mineral Water ➔ Fresh Limes,0.0502,0.8596,3.902,0.0373,5.553,0.0584,0.2203
"['Extra Virgin Olive Oil', 'Sparkling Mineral Water']",['Roasted Salted Almonds'],Extra Virgin Olive Oil + Sparkling Mineral Water,Roasted Salted Almonds,Extra Virgin Olive Oil + Sparkling Mineral Water ➔ Roasted Salted Almonds,0.047,0.4865,3.899,0.0349,1.705,0.0966,0.1248
['Roasted Salted Almonds'],"['Extra Virgin Olive Oil', 'Sparkling Mineral Water']",Roasted Salted Almonds,Extra Virgin Olive Oil + Sparkling Mineral Water,Roasted Salted Almonds ➔ Extra Virgin Olive Oil + Sparkling Mineral Water,0.047,0.3766,3.899,0.0349,1.449,0.1248,0.0966
"['Fresh Organic Cilantro', 'Organic Hass Avocados', 'Sparkling Mineral Water']",['Organic Tortilla Chips'],Fresh Organic Cilantro + Organic Hass Avocados + Sparkling Mineral Water,Organic Tortilla Chips,Fresh Organic Cilantro + Organic Hass Avocados + Sparkling Mineral Water ➔ Organic Tortilla Chips,0.0788,0.8659,3.895,0.0586,5.801,0.091,0.2223
['Organic Tortilla Chips'],"['Fresh Organic Cilantro', 'Organic Hass Avocados', 'Sparkling Mineral Water']",Organic Tortilla Chips,Fresh Organic Cilantro + Organic Hass Avocados + Sparkling Mineral Water,Organic Tortilla Chips ➔ Fresh Organic Cilantro + Organic Hass Avocados + Sparkling Mineral Water,0.0788,0.3545,3.895,0.0586,1.408,0.2223,0.091
"['Organic Whole Milk', 'Salted Creamery Butter']","['Artisanal Sourdough Bread', 'Espresso Roast Coffee Beans']",Organic Whole Milk + Salted Creamery Butter,Artisanal Sourdough Bread + Espresso Roast Coffee Beans,Organic Whole Milk + Salted Creamery Butter ➔ Artisanal Sourdough Bread + Espresso Roast Coffee Beans,0.0545,0.491,3.894,0.0405,1.717,0.111,0.1261
"['Artisanal Sourdough Bread', 'Espresso Roast Coffee Beans']","['Organic Whole Milk', 'Salted Creamery Butter']",Artisanal Sourdough Bread + Espresso Roast Coffee Beans,Organic Whole Milk + Salted Creamery Butter,Artisanal Sourdough Bread + Espresso Roast Coffee Beans ➔ Organic Whole Milk + Salted Creamery Butter,0.0545,0.4322,3.894,0.0405,1.566,0.1261,0.111
"['Barista Oat Milk', 'Salted Creamery Butter']","['Grade A Large Pasture Eggs', 'Organic Whole Milk']",Barista Oat Milk + Salted Creamery Butter,Grade A Large Pasture Eggs + Organic Whole Milk,Barista Oat Milk + Salted Creamery Butter ➔ Grade A Large Pasture Eggs + Organic Whole Milk,0.0495,0.7569,3.893,0.0368,3.314,0.0654,0.1944
"['Barista Oat Milk', 'Madagascar Vanilla Syrup', 'Salted Creamery Butter']",['Espresso Roast Coffee Beans'],Barista Oat Milk + Madagascar Vanilla Syrup + Salted Creamery Butter,Espresso Roast Coffee Beans,Barista Oat Milk + Madagascar Vanilla Syrup + Salted Creamery Butter ➔ Espresso Roast Coffee Beans,0.0311,0.9174,3.891,0.0231,9.252,0.0339,0.2358
"['Fresh Organic Cilantro', 'Roma Tomatoes']",['Fresh Limes'],Fresh Organic Cilantro + Roma Tomatoes,Fresh Limes,Fresh Organic Cilantro + Roma Tomatoes ➔ Fresh Limes,0.0935,0.857,3.89,0.0695,5.453,0.1091,0.2203
['Fresh Limes'],"['Fresh Organic Cilantro', 'Roma Tomatoes']",Fresh Limes,Fresh Organic Cilantro + Roma Tomatoes,Fresh Limes ➔ Fresh Organic Cilantro + Roma Tomatoes,0.0935,0.4244,3.89,0.0695,1.548,0.2203,0.1091
"['Fresh Organic Cilantro', 'Sparkling Mineral Water']",['Organic Tortilla Chips'],Fresh Organic Cilantro + Sparkling Mineral Water,Organic Tortilla Chips,Fresh Organic Cilantro + Sparkling Mineral Water ➔ Organic Tortilla Chips,0.09,0.8646,3.889,0.0669,5.742,0.1041,0.2223
['Organic Tortilla Chips'],"['Fresh Organic Cilantro', 'Sparkling Mineral Water']",Organic Tortilla Chips,Fresh Organic Cilantro + Sparkling Mineral Water,Organic Tortilla Chips ➔ Fresh Organic Cilantro + Sparkling Mineral Water,0.09,0.4049,3.889,0.0669,1.505,0.2223,0.1041
"['Barista Oat Milk', 'Grade A Large Pasture Eggs', 'Madagascar Vanilla Syrup']",['Espresso Roast Coffee Beans'],Barista Oat Milk + Grade A Large Pasture Eggs + Madagascar Vanilla Syrup,Espresso Roast Coffee Beans,Barista Oat Milk + Grade A Large Pasture Eggs + Madagascar Vanilla Syrup ➔ Espresso Roast Coffee Beans,0.0546,0.9161,3.885,0.0405,9.109,0.0596,0.2358
"['Barista Oat Milk', 'Madagascar Vanilla Syrup', 'Organic Whole Milk']",['Espresso Roast Coffee Beans'],Barista Oat Milk + Madagascar Vanilla Syrup + Organic Whole Milk,Espresso Roast Coffee Beans,Barista Oat Milk + Madagascar Vanilla Syrup + Organic Whole Milk ➔ Espresso Roast Coffee Beans,0.0545,0.916,3.885,0.0405,9.094,0.0595,0.2358
['Madagascar Vanilla Syrup'],"['Espresso Roast Coffee Beans', 'Grade A Large Pasture Eggs']",Madagascar Vanilla Syrup,Espresso Roast Coffee Beans + Grade A Large Pasture Eggs,Madagascar Vanilla Syrup ➔ Espresso Roast Coffee Beans + Grade A Large Pasture Eggs,0.1037,0.7272,3.885,0.077,2.98,0.1426,0.1872
"['Espresso Roast Coffee Beans', 'Grade A Large Pasture Eggs']",['Madagascar Vanilla Syrup'],Espresso Roast Coffee Beans + Grade A Large Pasture Eggs,Madagascar Vanilla Syrup,Espresso Roast Coffee Beans + Grade A Large Pasture Eggs ➔ Madagascar Vanilla Syrup,0.1037,0.554,3.885,0.077,1.922,0.1872,0.1426
"['Artisanal Sourdough Bread', 'Madagascar Vanilla Syrup']","['Barista Oat Milk', 'Espresso Roast Coffee Beans']",Artisanal Sourdough Bread + Madagascar Vanilla Syrup,Barista Oat Milk + Espresso Roast Coffee Beans,Artisanal Sourdough Bread + Madagascar Vanilla Syrup ➔ Barista Oat Milk + Espresso Roast Coffee Beans,0.034,0.4365,3.883,0.0252,1.575,0.0779,0.1124
"['Artisanal Sourdough Bread', 'Grated Parmesan Cheese']",['Penne Rigate Pasta'],Artisanal Sourdough Bread + Grated Parmesan Cheese,Penne Rigate Pasta,Artisanal Sourdough Bread + Grated Parmesan Cheese ➔ Penne Rigate Pasta,0.0846,0.8111,3.881,0.0628,4.188,0.1043,0.209
['Penne Rigate Pasta'],"['Artisanal Sourdough Bread', 'Grated Parmesan Cheese']",Penne Rigate Pasta,Artisanal Sourdough Bread + Grated Parmesan Cheese,Penne Rigate Pasta ➔ Artisanal Sourdough Bread + Grated Parmesan Cheese,0.0846,0.4048,3.881,0.0628,1.505,0.209,0.1043
"['Artisanal Sourdough Bread', 'Madagascar Vanilla Syrup']","['Espresso Roast Coffee Beans', 'Salted Creamery Butter']",Artisanal Sourdough Bread + Madagascar Vanilla Syrup,Espresso Roast Coffee Beans + Salted Creamery Butter,Artisanal Sourdough Bread + Madagascar Vanilla Syrup ➔ Espresso Roast Coffee Beans + Salted Creamery Butter,0.0327,0.4198,3.88,0.0243,1.537,0.0779,0.1082
"['Barista Oat Milk', 'Espresso Roast Coffee Beans', 'Organic Whole Milk']",['Madagascar Vanilla Syrup'],Barista Oat Milk + Espresso Roast Coffee Beans + Organic Whole Milk,Madagascar Vanilla Syrup,Barista Oat Milk + Espresso Roast Coffee Beans + Organic Whole Milk ➔ Madagascar Vanilla Syrup,0.0545,0.5527,3.876,0.0404,1.917,0.0986,0.1426
['Madagascar Vanilla Syrup'],"['Barista Oat Milk', 'Espresso Roast Coffee Beans', 'Organic Whole Milk']",Madagascar Vanilla Syrup,Barista Oat Milk + Espresso Roast Coffee Beans + Organic Whole Milk,Madagascar Vanilla Syrup ➔ Barista Oat Milk + Espresso Roast Coffee Beans + Organic Whole Milk,0.0545,0.3822,3.876,0.0404,1.459,0.1426,0.0986
"['Mild Chunky Salsa', 'Roma Tomatoes']",['Fresh Organic Cilantro'],Mild Chunky Salsa + Roma Tomatoes,Fresh Organic Cilantro,Mild Chunky Salsa + Roma Tomatoes ➔ Fresh Organic Cilantro,0.0538,0.829,3.875,0.0399,4.596,0.0649,0.2139
"['Barista Oat Milk', 'Espresso Roast Coffee Beans', 'Grade A Large Pasture Eggs']",['Madagascar Vanilla Syrup'],Barista Oat Milk + Espresso Roast Coffee Beans + Grade A Large Pasture Eggs,Madagascar Vanilla Syrup,Barista Oat Milk + Espresso Roast Coffee Beans + Grade A Large Pasture Eggs ➔ Madagascar Vanilla Syrup,0.0546,0.5526,3.875,0.0405,1.917,0.0988,0.1426
['Madagascar Vanilla Syrup'],"['Barista Oat Milk', 'Espresso Roast Coffee Beans', 'Grade A Large Pasture Eggs']",Madagascar Vanilla Syrup,Barista Oat Milk + Espresso Roast Coffee Beans + Grade A Large Pasture Eggs,Madagascar Vanilla Syrup ➔ Barista Oat Milk + Espresso Roast Coffee Beans + Grade A Large Pasture Eggs,0.0546,0.3829,3.875,0.0405,1.46,0.1426,0.0988
"['Artisanal Sourdough Bread', 'Espresso Roast Coffee Beans', 'Grade A Large Pasture Eggs']",['Madagascar Vanilla Syrup'],Artisanal Sourdough Bread + Espresso Roast Coffee Beans + Grade A Large Pasture Eggs,Madagascar Vanilla Syrup,Artisanal Sourdough Bread + Espresso Roast Coffee Beans + Grade A Large Pasture Eggs ➔ Madagascar Vanilla Syrup,0.0574,0.5525,3.874,0.0426,1.916,0.1039,0.1426
['Madagascar Vanilla Syrup'],"['Artisanal Sourdough Bread', 'Espresso Roast Coffee Beans', 'Grade A Large Pasture Eggs']",Madagascar Vanilla Syrup,Artisanal Sourdough Bread + Espresso Roast Coffee Beans + Grade A Large Pasture Eggs,Madagascar Vanilla Syrup ➔ Artisanal Sourdough Bread + Espresso Roast Coffee Beans + Grade A Large Pasture Eggs,0.0574,0.4025,3.874,0.0426,1.5,0.1426,0.1039
"['Organic Tortilla Chips', 'Sparkling Mineral Water']",['Fresh Limes'],Organic Tortilla Chips + Sparkling Mineral Water,Fresh Limes,Organic Tortilla Chips + Sparkling Mineral Water ➔ Fresh Limes,0.0903,0.8527,3.871,0.067,5.293,0.1059,0.2203
['Fresh Limes'],"['Organic Tortilla Chips', 'Sparkling Mineral Water']",Fresh Limes,Organic Tortilla Chips + Sparkling Mineral Water,Fresh Limes ➔ Organic Tortilla Chips + Sparkling Mineral Water,0.0903,0.4099,3.871,0.067,1.515,0.2203,0.1059
"['Artisanal Sourdough Bread', 'Penne Rigate Pasta']",['Grated Parmesan Cheese'],Artisanal Sourdough Bread + Penne Rigate Pasta,Grated Parmesan Cheese,Artisanal Sourdough Bread + Penne Rigate Pasta ➔ Grated Parmesan Cheese,0.0846,0.7855,3.87,0.0627,3.716,0.1077,0.203
"['Espresso Roast Coffee Beans', 'Grade A Large Pasture Eggs', 'Salted Creamery Butter']",['Madagascar Vanilla Syrup'],Espresso Roast Coffee Beans + Grade A Large Pasture Eggs + Salted Creamery Butter,Madagascar Vanilla Syrup,Espresso Roast Coffee Beans + Grade A Large Pasture Eggs + Salted Creamery Butter ➔ Madagascar Vanilla Syrup,0.0522,0.5518,3.87,0.0387,1.913,0.0946,0.1426
['Grated Parmesan Cheese'],"['Artisanal Sourdough Bread', 'Penne Rigate Pasta']",Grated Parmesan Cheese,Artisanal Sourdough Bread + Penne Rigate Pasta,Grated Parmesan Cheese ➔ Artisanal Sourdough Bread + Penne Rigate Pasta,0.0846,0.4167,3.87,0.0627,1.53,0.203,0.1077
['Madagascar Vanilla Syrup'],"['Espresso Roast Coffee Beans', 'Grade A Large Pasture Eggs', 'Salted Creamery Butter']",Madagascar Vanilla Syrup,Espresso Roast Coffee Beans + Grade A Large Pasture Eggs + Salted Creamery Butter,Madagascar Vanilla Syrup ➔ Espresso Roast Coffee Beans + Grade A Large Pasture Eggs + Salted Creamery Butter,0.0522,0.3661,3.87,0.0387,1.428,0.1426,0.0946
"['Fresh Organic Cilantro', 'Organic Hass Avocados']",['Organic Tortilla Chips'],Fresh Organic Cilantro + Organic Hass Avocados,Organic Tortilla Chips,Fresh Organic Cilantro + Organic Hass Avocados ➔ Organic Tortilla Chips,0.1495,0.8602,3.869,0.1109,5.562,0.1738,0.2223
"['72% Dark Chocolate Bar', 'Artisanal Sourdough Bread']",['Grated Parmesan Cheese'],72% Dark Chocolate Bar + Artisanal Sourdough Bread,Grated Parmesan Cheese,72% Dark Chocolate Bar + Artisanal Sourdough Bread ➔ Grated Parmesan Cheese,0.0542,0.7855,3.869,0.0402,3.716,0.069,0.203
['Organic Tortilla Chips'],"['Fresh Organic Cilantro', 'Organic Hass Avocados']",Organic Tortilla Chips,Fresh Organic Cilantro + Organic Hass Avocados,Organic Tortilla Chips ➔ Fresh Organic Cilantro + Organic Hass Avocados,0.1495,0.6725,3.869,0.1109,2.523,0.2223,0.1738
"['Grade A Large Pasture Eggs', 'Salted Creamery Butter']","['Artisanal Sourdough Bread', 'Espresso Roast Coffee Beans']",Grade A Large Pasture Eggs + Salted Creamery Butter,Artisanal Sourdough Bread + Espresso Roast Coffee Beans,Grade A Large Pasture Eggs + Salted Creamery Butter ➔ Artisanal Sourdough Bread + Espresso Roast Coffee Beans,0.0532,0.4872,3.863,0.0394,1.704,0.1092,0.1261
"['Artisanal Sourdough Bread', 'Espresso Roast Coffee Beans']","['Grade A Large Pasture Eggs', 'Salted Creamery Butter']",Artisanal Sourdough Bread + Espresso Roast Coffee Beans,Grade A Large Pasture Eggs + Salted Creamery Butter,Artisanal Sourdough Bread + Espresso Roast Coffee Beans ➔ Grade A Large Pasture Eggs + Salted Creamery Butter,0.0532,0.4219,3.863,0.0394,1.541,0.1261,0.1092
"['Fresh Limes', 'Organic Hass Avocados', 'Sparkling Mineral Water']",['Organic Tortilla Chips'],Fresh Limes + Organic Hass Avocados + Sparkling Mineral Water,Organic Tortilla Chips,Fresh Limes + Organic Hass Avocados + Sparkling Mineral Water ➔ Organic Tortilla Chips,0.0793,0.8582,3.861,0.0588,5.485,0.0924,0.2223
['Organic Tortilla Chips'],"['Fresh Limes', 'Organic Hass Avocados', 'Sparkling Mineral Water']",Organic Tortilla Chips,Fresh Limes + Organic Hass Avocados + Sparkling Mineral Water,Organic Tortilla Chips ➔ Fresh Limes + Organic Hass Avocados + Sparkling Mineral Water,0.0793,0.3567,3.861,0.0588,1.411,0.2223,0.0924
"['Organic Hass Avocados', 'Organic Tortilla Chips', 'Roma Tomatoes']",['Fresh Limes'],Organic Hass Avocados + Organic Tortilla Chips + Roma Tomatoes,Fresh Limes,Organic Hass Avocados + Organic Tortilla Chips + Roma Tomatoes ➔ Fresh Limes,0.0812,0.8503,3.86,0.0602,5.207,0.0955,0.2203
['Fresh Limes'],"['Organic Hass Avocados', 'Organic Tortilla Chips', 'Roma Tomatoes']",Fresh Limes,Organic Hass Avocados + Organic Tortilla Chips + Roma Tomatoes,Fresh Limes ➔ Organic Hass Avocados + Organic Tortilla Chips + Roma Tomatoes,0.0812,0.3686,3.86,0.0602,1.433,0.2203,0.0955
"['Fresh Organic Cilantro', 'Roma Tomatoes', 'Sparkling Mineral Water']",['Organic Tortilla Chips'],Fresh Organic Cilantro + Roma Tomatoes + Sparkling Mineral Water,Organic Tortilla Chips,Fresh Organic Cilantro + Roma Tomatoes + Sparkling Mineral Water ➔ Organic Tortilla Chips,0.0501,0.8579,3.859,0.0371,5.472,0.0584,0.2223
"['Barista Oat Milk', 'Salted Creamery Butter']","['Artisanal Sourdough Bread', 'Espresso Roast Coffee Beans']",Barista Oat Milk + Salted Creamery Butter,Artisanal Sourdough Bread + Espresso Roast Coffee Beans,Barista Oat Milk + Salted Creamery Butter ➔ Artisanal Sourdough Bread + Espresso Roast Coffee Beans,0.0318,0.4862,3.856,0.0236,1.701,0.0654,0.1261
"['Artisanal Sourdough Bread', 'Barista Oat Milk', 'Madagascar Vanilla Syrup']",['Espresso Roast Coffee Beans'],Artisanal Sourdough Bread + Barista Oat Milk + Madagascar Vanilla Syrup,Espresso Roast Coffee Beans,Artisanal Sourdough Bread + Barista Oat Milk + Madagascar Vanilla Syrup ➔ Espresso Roast Coffee Beans,0.034,0.9091,3.855,0.0252,8.406,0.0374,0.2358
"['Mild Chunky Salsa', 'Organic Hass Avocados']",['Fresh Limes'],Mild Chunky Salsa + Organic Hass Avocados,Fresh Limes,Mild Chunky Salsa + Organic Hass Avocados ➔ Fresh Limes,0.0892,0.8479,3.849,0.066,5.127,0.1052,0.2203
['Slow-Simmered Marinara'],['Grated Parmesan Cheese'],Slow-Simmered Marinara,Grated Parmesan Cheese,Slow-Simmered Marinara ➔ Grated Parmesan Cheese,0.1573,0.7814,3.849,0.1164,3.646,0.2013,0.203
['Grated Parmesan Cheese'],['Slow-Simmered Marinara'],Grated Parmesan Cheese,Slow-Simmered Marinara,Grated Parmesan Cheese ➔ Slow-Simmered Marinara,0.1573,0.7749,3.849,0.1164,3.548,0.203,0.2013
['Fresh Limes'],"['Mild Chunky Salsa', 'Organic Hass Avocados']",Fresh Limes,Mild Chunky Salsa + Organic Hass Avocados,Fresh Limes ➔ Mild Chunky Salsa + Organic Hass Avocados,0.0892,0.4049,3.849,0.066,1.504,0.2203,0.1052
['Mild Chunky Salsa'],"['Fresh Limes', 'Fresh Organic Cilantro', 'Organic Hass Avocados']",Mild Chunky Salsa,Fresh Limes + Fresh Organic Cilantro + Organic Hass Avocados,Mild Chunky Salsa ➔ Fresh Limes + Fresh Organic Cilantro + Organic Hass Avocados,0.0801,0.5851,3.847,0.0593,2.044,0.1369,0.1521
"['Fresh Limes', 'Fresh Organic Cilantro', 'Organic Hass Avocados']",['Mild Chunky Salsa'],Fresh Limes + Fresh Organic Cilantro + Organic Hass Avocados,Mild Chunky Salsa,Fresh Limes + Fresh Organic Cilantro + Organic Hass Avocados ➔ Mild Chunky Salsa,0.0801,0.5266,3.847,0.0593,1.823,0.1521,0.1369
"['Fresh Limes', 'Sparkling Mineral Water']",['Organic Tortilla Chips'],Fresh Limes + Sparkling Mineral Water,Organic Tortilla Chips,Fresh Limes + Sparkling Mineral Water ➔ Organic Tortilla Chips,0.0903,0.8543,3.843,0.0668,5.338,0.1057,0.2223
"['Artisanal Sourdough Bread', 'Madagascar Vanilla Syrup']","['Grade A Large Pasture Eggs', 'Organic Whole Milk']",Artisanal Sourdough Bread + Madagascar Vanilla Syrup,Grade A Large Pasture Eggs + Organic Whole Milk,Artisanal Sourdough Bread + Madagascar Vanilla Syrup ➔ Grade A Large Pasture Eggs + Organic Whole Milk,0.0582,0.7471,3.843,0.0431,3.186,0.0779,0.1944
"['Artisanal Sourdough Bread', 'Creamy Peanut Butter', 'Organic Strawberry Jam']",['Organic Bananas'],Artisanal Sourdough Bread + Creamy Peanut Butter + Organic Strawberry Jam,Organic Bananas,Artisanal Sourdough Bread + Creamy Peanut Butter + Organic Strawberry Jam ➔ Organic Bananas,0.0615,0.571,3.843,0.0455,1.985,0.1077,0.1486
['Organic Bananas'],"['Artisanal Sourdough Bread', 'Creamy Peanut Butter', 'Organic Strawberry Jam']",Organic Bananas,Artisanal Sourdough Bread + Creamy Peanut Butter + Organic Strawberry Jam,Organic Bananas ➔ Artisanal Sourdough Bread + Creamy Peanut Butter + Organic Strawberry Jam,0.0615,0.4139,3.843,0.0455,1.522,0.1486,0.1077
['Organic Tortilla Chips'],"['Fresh Limes', 'Sparkling Mineral Water']",Organic Tortilla Chips,Fresh Limes + Sparkling Mineral Water,Organic Tortilla Chips ➔ Fresh Limes + Sparkling Mineral Water,0.0903,0.4062,3.843,0.0668,1.506,0.2223,0.1057
"['Barista Oat Milk', 'Madagascar Vanilla Syrup']",['Espresso Roast Coffee Beans'],Barista Oat Milk + Madagascar Vanilla Syrup,Espresso Roast Coffee Beans,Barista Oat Milk + Madagascar Vanilla Syrup ➔ Espresso Roast Coffee Beans,0.0611,0.9052,3.839,0.0452,8.06,0.0675,0.2358
"['Grade A Large Pasture Eggs', 'Organic Whole Milk', 'Salted Creamery Butter']",['Madagascar Vanilla Syrup'],Grade A Large Pasture Eggs + Organic Whole Milk + Salted Creamery Butter,Madagascar Vanilla Syrup,Grade A Large Pasture Eggs + Organic Whole Milk + Salted Creamery Butter ➔ Madagascar Vanilla Syrup,0.0518,0.547,3.836,0.0383,1.893,0.0947,0.1426
['Madagascar Vanilla Syrup'],"['Grade A Large Pasture Eggs', 'Organic Whole Milk', 'Salted Creamery Butter']",Madagascar Vanilla Syrup,Grade A Large Pasture Eggs + Organic Whole Milk + Salted Creamery Butter,Madagascar Vanilla Syrup ➔ Grade A Large Pasture Eggs + Organic Whole Milk + Salted Creamery Butter,0.0518,0.3633,3.836,0.0383,1.422,0.1426,0.0947
"['Fresh Organic Cilantro', 'Roma Tomatoes']",['Organic Tortilla Chips'],Fresh Organic Cilantro + Roma Tomatoes,Organic Tortilla Chips,Fresh Organic Cilantro + Roma Tomatoes ➔ Organic Tortilla Chips,0.093,0.8524,3.835,0.0687,5.27,0.1091,0.2223
['Organic Tortilla Chips'],"['Fresh Organic Cilantro', 'Roma Tomatoes']",Organic Tortilla Chips,Fresh Organic Cilantro + Roma Tomatoes,Organic Tortilla Chips ➔ Fresh Organic Cilantro + Roma Tomatoes,0.093,0.4184,3.835,0.0687,1.532,0.2223,0.1091
"['Artisanal Sourdough Bread', 'Barista Oat Milk', 'Espresso Roast Coffee Beans']",['Madagascar Vanilla Syrup'],Artisanal Sourdough Bread + Barista Oat Milk + Espresso Roast Coffee Beans,Madagascar Vanilla Syrup,Artisanal Sourdough Bread + Barista Oat Milk + Espresso Roast Coffee Beans ➔ Madagascar Vanilla Syrup,0.034,0.5466,3.833,0.0251,1.891,0.0622,0.1426
"['Barista Oat Milk', 'Espresso Roast Coffee Beans', 'Salted Creamery Butter']",['Madagascar Vanilla Syrup'],Barista Oat Milk + Espresso Roast Coffee Beans + Salted Creamery Butter,Madagascar Vanilla Syrup,Barista Oat Milk + Espresso Roast Coffee Beans + Salted Creamery Butter ➔ Madagascar Vanilla Syrup,0.0311,0.5466,3.833,0.023,1.891,0.0569,0.1426
"['Espresso Roast Coffee Beans', 'Organic Whole Milk', 'Salted Creamery Butter']",['Madagascar Vanilla Syrup'],Espresso Roast Coffee Beans + Organic Whole Milk + Salted Creamery Butter,Madagascar Vanilla Syrup,Espresso Roast Coffee Beans + Organic Whole Milk + Salted Creamery Butter ➔ Madagascar Vanilla Syrup,0.0517,0.5465,3.832,0.0382,1.891,0.0946,0.1426
['Madagascar Vanilla Syrup'],"['Espresso Roast Coffee Beans', 'Organic Whole Milk', 'Salted Creamery Butter']",Madagascar Vanilla Syrup,Espresso Roast Coffee Beans + Organic Whole Milk + Salted Creamery Butter,Madagascar Vanilla Syrup ➔ Espresso Roast Coffee Beans + Organic Whole Milk + Salted Creamery Butter,0.0517,0.3626,3.832,0.0382,1.42,0.1426,0.0946
"['Artisanal Sourdough Bread', 'Madagascar Vanilla Syrup', 'Salted Creamery Butter']",['Espresso Roast Coffee Beans'],Artisanal Sourdough Bread + Madagascar Vanilla Syrup + Salted Creamery Butter,Espresso Roast Coffee Beans,Artisanal Sourdough Bread + Madagascar Vanilla Syrup + Salted Creamery Butter ➔ Espresso Roast Coffee Beans,0.0327,0.9033,3.831,0.0242,7.904,0.0362,0.2358
"['Mild Chunky Salsa', 'Organic Hass Avocados', 'Sparkling Mineral Water']",['Fresh Limes'],Mild Chunky Salsa + Organic Hass Avocados + Sparkling Mineral Water,Fresh Limes,Mild Chunky Salsa + Organic Hass Avocados + Sparkling Mineral Water ➔ Fresh Limes,0.0465,0.8439,3.831,0.0344,4.996,0.0551,0.2203
"['Organic Tortilla Chips', 'Roma Tomatoes', 'Sparkling Mineral Water']",['Fresh Limes'],Organic Tortilla Chips + Roma Tomatoes + Sparkling Mineral Water,Fresh Limes,Organic Tortilla Chips + Roma Tomatoes + Sparkling Mineral Water ➔ Fresh Limes,0.0496,0.8435,3.829,0.0366,4.983,0.0588,0.2203
"['Barista Oat Milk', 'Organic Whole Milk']","['Artisanal Sourdough Bread', 'Espresso Roast Coffee Beans']",Barista Oat Milk + Organic Whole Milk,Artisanal Sourdough Bread + Espresso Roast Coffee Beans,Barista Oat Milk + Organic Whole Milk ➔ Artisanal Sourdough Bread + Espresso Roast Coffee Beans,0.0548,0.4828,3.829,0.0405,1.69,0.1135,0.1261
"['Artisanal Sourdough Bread', 'Espresso Roast Coffee Beans']","['Barista Oat Milk', 'Organic Whole Milk']",Artisanal Sourdough Bread + Espresso Roast Coffee Beans,Barista Oat Milk + Organic Whole Milk,Artisanal Sourdough Bread + Espresso Roast Coffee Beans ➔ Barista Oat Milk + Organic Whole Milk,0.0548,0.4346,3.829,0.0405,1.568,0.1261,0.1135
"['Fresh Limes', 'Organic Hass Avocados']",['Organic Tortilla Chips'],Fresh Limes + Organic Hass Avocados,Organic Tortilla Chips,Fresh Limes + Organic Hass Avocados ➔ Organic Tortilla Chips,0.1502,0.851,3.828,0.111,5.219,0.1765,0.2223
['Organic Tortilla Chips'],"['Fresh Limes', 'Organic Hass Avocados']",Organic Tortilla Chips,Fresh Limes + Organic Hass Avocados,Organic Tortilla Chips ➔ Fresh Limes + Organic Hass Avocados,0.1502,0.6757,3.828,0.111,2.539,0.2223,0.1765
"['Artisanal Sourdough Bread', 'Slow-Simmered Marinara']",['Penne Rigate Pasta'],Artisanal Sourdough Bread + Slow-Simmered Marinara,Penne Rigate Pasta,Artisanal Sourdough Bread + Slow-Simmered Marinara ➔ Penne Rigate Pasta,0.0827,0.7998,3.827,0.0611,3.951,0.1034,0.209
"['Artisanal Sourdough Bread', 'Barista Oat Milk']","['Espresso Roast Coffee Beans', 'Salted Creamery Butter']",Artisanal Sourdough Bread + Barista Oat Milk,Espresso Roast Coffee Beans + Salted Creamery Butter,Artisanal Sourdough Bread + Barista Oat Milk ➔ Espresso Roast Coffee Beans + Salted Creamery Butter,0.0318,0.4141,3.827,0.0235,1.522,0.0768,0.1082
['Penne Rigate Pasta'],"['Artisanal Sourdough Bread', 'Slow-Simmered Marinara']",Penne Rigate Pasta,Artisanal Sourdough Bread + Slow-Simmered Marinara,Penne Rigate Pasta ➔ Artisanal Sourdough Bread + Slow-Simmered Marinara,0.0827,0.3957,3.827,0.0611,1.484,0.209,0.1034
"['Madagascar Vanilla Syrup', 'Organic Whole Milk', 'Salted Creamery Butter']",['Espresso Roast Coffee Beans'],Madagascar Vanilla Syrup + Organic Whole Milk + Salted Creamery Butter,Espresso Roast Coffee Beans,Madagascar Vanilla Syrup + Organic Whole Milk + Salted Creamery Butter ➔ Espresso Roast Coffee Beans,0.0517,0.9023,3.826,0.0382,7.819,0.0573,0.2358
"['Extra Virgin Olive Oil', 'Grated Parmesan Cheese']",['72% Dark Chocolate Bar'],Extra Virgin Olive Oil + Grated Parmesan Cheese,72% Dark Chocolate Bar,Extra Virgin Olive Oil + Grated Parmesan Cheese ➔ 72% Dark Chocolate Bar,0.052,0.5073,3.826,0.0384,1.761,0.1025,0.1326
"['Artisanal Sourdough Bread', 'Barista Oat Milk']","['Espresso Roast Coffee Beans', 'Madagascar Vanilla Syrup']",Artisanal Sourdough Bread + Barista Oat Milk,Espresso Roast Coffee Beans + Madagascar Vanilla Syrup,Artisanal Sourdough Bread + Barista Oat Milk ➔ Espresso Roast Coffee Beans + Madagascar Vanilla Syrup,0.034,0.4427,3.826,0.0251,1.587,0.0768,0.1157
['72% Dark Chocolate Bar'],"['Extra Virgin Olive Oil', 'Grated Parmesan Cheese']",72% Dark Chocolate Bar,Extra Virgin Olive Oil + Grated Parmesan Cheese,72% Dark Chocolate Bar ➔ Extra Virgin Olive Oil + Grated Parmesan Cheese,0.052,0.3922,3.826,0.0384,1.477,0.1326,0.1025
"['Creamy Peanut Butter', 'Organic Strawberry Jam', 'Organic Whole Milk']",['Organic Bananas'],Creamy Peanut Butter + Organic Strawberry Jam + Organic Whole Milk,Organic Bananas,Creamy Peanut Butter + Organic Strawberry Jam + Organic Whole Milk ➔ Organic Bananas,0.0399,0.5684,3.825,0.0295,1.973,0.0702,0.1486
"['Organic Tortilla Chips', 'Roma Tomatoes']",['Fresh Limes'],Organic Tortilla Chips + Roma Tomatoes,Fresh Limes,Organic Tortilla Chips + Roma Tomatoes ➔ Fresh Limes,0.0928,0.8421,3.823,0.0685,4.938,0.1102,0.2203
['Fresh Limes'],"['Organic Tortilla Chips', 'Roma Tomatoes']",Fresh Limes,Organic Tortilla Chips + Roma Tomatoes,Fresh Limes ➔ Organic Tortilla Chips + Roma Tomatoes,0.0928,0.4212,3.823,0.0685,1.537,0.2203,0.1102
['Madagascar Vanilla Syrup'],"['Espresso Roast Coffee Beans', 'Organic Whole Milk']",Madagascar Vanilla Syrup,Espresso Roast Coffee Beans + Organic Whole Milk,Madagascar Vanilla Syrup ➔ Espresso Roast Coffee Beans + Organic Whole Milk,0.104,0.7293,3.82,0.0768,2.989,0.1426,0.1909
"['Espresso Roast Coffee Beans', 'Organic Whole Milk']",['Madagascar Vanilla Syrup'],Espresso Roast Coffee Beans + Organic Whole Milk,Madagascar Vanilla Syrup,Espresso Roast Coffee Beans + Organic Whole Milk ➔ Madagascar Vanilla Syrup,0.104,0.5448,3.82,0.0768,1.884,0.1909,0.1426
"['Fresh Organic Cilantro', 'Organic Hass Avocados', 'Roma Tomatoes']",['Organic Tortilla Chips'],Fresh Organic Cilantro + Organic Hass Avocados + Roma Tomatoes,Organic Tortilla Chips,Fresh Organic Cilantro + Organic Hass Avocados + Roma Tomatoes ➔ Organic Tortilla Chips,0.0813,0.8486,3.818,0.06,5.138,0.0958,0.2223
['Organic Tortilla Chips'],"['Fresh Organic Cilantro', 'Organic Hass Avocados', 'Roma Tomatoes']",Organic Tortilla Chips,Fresh Organic Cilantro + Organic Hass Avocados + Roma Tomatoes,Organic Tortilla Chips ➔ Fresh Organic Cilantro + Organic Hass Avocados + Roma Tomatoes,0.0813,0.3657,3.818,0.06,1.426,0.2223,0.0958
"['Grade A Large Pasture Eggs', 'Madagascar Vanilla Syrup', 'Salted Creamery Butter']",['Espresso Roast Coffee Beans'],Grade A Large Pasture Eggs + Madagascar Vanilla Syrup + Salted Creamery Butter,Espresso Roast Coffee Beans,Grade A Large Pasture Eggs + Madagascar Vanilla Syrup + Salted Creamery Butter ➔ Espresso Roast Coffee Beans,0.0522,0.9,3.817,0.0385,7.642,0.058,0.2358
"['Artisanal Sourdough Bread', 'Barista Oat Milk']","['Grade A Large Pasture Eggs', 'Salted Creamery Butter']",Artisanal Sourdough Bread + Barista Oat Milk,Grade A Large Pasture Eggs + Salted Creamery Butter,Artisanal Sourdough Bread + Barista Oat Milk ➔ Grade A Large Pasture Eggs + Salted Creamery Butter,0.032,0.4167,3.816,0.0236,1.527,0.0768,0.1092
"['Artisanal Sourdough Bread', 'Penne Rigate Pasta']",['Slow-Simmered Marinara'],Artisanal Sourdough Bread + Penne Rigate Pasta,Slow-Simmered Marinara,Artisanal Sourdough Bread + Penne Rigate Pasta ➔ Slow-Simmered Marinara,0.0827,0.7679,3.815,0.061,3.441,0.1077,0.2013
['Slow-Simmered Marinara'],"['Artisanal Sourdough Bread', 'Penne Rigate Pasta']",Slow-Simmered Marinara,Artisanal Sourdough Bread + Penne Rigate Pasta,Slow-Simmered Marinara ➔ Artisanal Sourdough Bread + Penne Rigate Pasta,0.0827,0.4108,3.815,0.061,1.515,0.2013,0.1077
"['Barista Oat Milk', 'Espresso Roast Coffee Beans']",['Madagascar Vanilla Syrup'],Barista Oat Milk + Espresso Roast Coffee Beans,Madagascar Vanilla Syrup,Barista Oat Milk + Espresso Roast Coffee Beans ➔ Madagascar Vanilla Syrup,0.0611,0.5436,3.812,0.0451,1.879,0.1124,0.1426
['Madagascar Vanilla Syrup'],"['Barista Oat Milk', 'Espresso Roast Coffee Beans']",Madagascar Vanilla Syrup,Barista Oat Milk + Espresso Roast Coffee Beans,Madagascar Vanilla Syrup ➔ Barista Oat Milk + Espresso Roast Coffee Beans,0.0611,0.4285,3.812,0.0451,1.553,0.1426,0.1124
"['Creamy Peanut Butter', 'Organic Strawberry Jam']",['Organic Bananas'],Creamy Peanut Butter + Organic Strawberry Jam,Organic Bananas,Creamy Peanut Butter + Organic Strawberry Jam ➔ Organic Bananas,0.0699,0.566,3.809,0.0515,1.962,0.1235,0.1486
['Organic Bananas'],"['Creamy Peanut Butter', 'Organic Strawberry Jam']",Organic Bananas,Creamy Peanut Butter + Organic Strawberry Jam,Organic Bananas ➔ Creamy Peanut Butter + Organic Strawberry Jam,0.0699,0.4704,3.809,0.0515,1.655,0.1486,0.1235
"['Fresh Limes', 'Roma Tomatoes', 'Sparkling Mineral Water']",['Organic Tortilla Chips'],Fresh Limes + Roma Tomatoes + Sparkling Mineral Water,Organic Tortilla Chips,Fresh Limes + Roma Tomatoes + Sparkling Mineral Water ➔ Organic Tortilla Chips,0.0496,0.8464,3.808,0.0366,5.064,0.0586,0.2223
"['Artisanal Sourdough Bread', 'Slow-Simmered Marinara']",['72% Dark Chocolate Bar'],Artisanal Sourdough Bread + Slow-Simmered Marinara,72% Dark Chocolate Bar,Artisanal Sourdough Bread + Slow-Simmered Marinara ➔ 72% Dark Chocolate Bar,0.0522,0.5048,3.807,0.0385,1.752,0.1034,0.1326
['72% Dark Chocolate Bar'],"['Artisanal Sourdough Bread', 'Slow-Simmered Marinara']",72% Dark Chocolate Bar,Artisanal Sourdough Bread + Slow-Simmered Marinara,72% Dark Chocolate Bar ➔ Artisanal Sourdough Bread + Slow-Simmered Marinara,0.0522,0.3937,3.807,0.0385,1.479,0.1326,0.1034
['Mild Chunky Salsa'],"['Fresh Organic Cilantro', 'Organic Hass Avocados', 'Organic Tortilla Chips']",Mild Chunky Salsa,Fresh Organic Cilantro + Organic Hass Avocados + Organic Tortilla Chips,Mild Chunky Salsa ➔ Fresh Organic Cilantro + Organic Hass Avocados + Organic Tortilla Chips,0.0779,0.569,3.806,0.0574,1.973,0.1369,0.1495
"['Fresh Organic Cilantro', 'Organic Hass Avocados', 'Organic Tortilla Chips']",['Mild Chunky Salsa'],Fresh Organic Cilantro + Organic Hass Avocados + Organic Tortilla Chips,Mild Chunky Salsa,Fresh Organic Cilantro + Organic Hass Avocados + Organic Tortilla Chips ➔ Mild Chunky Salsa,0.0779,0.5211,3.806,0.0574,1.802,0.1495,0.1369
"['Grade A Large Pasture Eggs', 'Madagascar Vanilla Syrup', 'Organic Whole Milk']",['Espresso Roast Coffee Beans'],Grade A Large Pasture Eggs + Madagascar Vanilla Syrup + Organic Whole Milk,Espresso Roast Coffee Beans,Grade A Large Pasture Eggs + Madagascar Vanilla Syrup + Organic Whole Milk ➔ Espresso Roast Coffee Beans,0.0937,0.8967,3.803,0.0691,7.394,0.1045,0.2358
['Espresso Roast Coffee Beans'],"['Grade A Large Pasture Eggs', 'Madagascar Vanilla Syrup', 'Organic Whole Milk']",Espresso Roast Coffee Beans,Grade A Large Pasture Eggs + Madagascar Vanilla Syrup + Organic Whole Milk,Espresso Roast Coffee Beans ➔ Grade A Large Pasture Eggs + Madagascar Vanilla Syrup + Organic Whole Milk,0.0937,0.3974,3.803,0.0691,1.486,0.2358,0.1045
"['Artisanal Sourdough Bread', 'Espresso Roast Coffee Beans']","['Grade A Large Pasture Eggs', 'Organic Whole Milk']",Artisanal Sourdough Bread + Espresso Roast Coffee Beans,Grade A Large Pasture Eggs + Organic Whole Milk,Artisanal Sourdough Bread + Espresso Roast Coffee Beans ➔ Grade A Large Pasture Eggs + Organic Whole Milk,0.0932,0.7391,3.802,0.0687,3.088,0.1261,0.1944
"['Grade A Large Pasture Eggs', 'Organic Whole Milk']","['Artisanal Sourdough Bread', 'Espresso Roast Coffee Beans']",Grade A Large Pasture Eggs + Organic Whole Milk,Artisanal Sourdough Bread + Espresso Roast Coffee Beans,Grade A Large Pasture Eggs + Organic Whole Milk ➔ Artisanal Sourdough Bread + Espresso Roast Coffee Beans,0.0932,0.4794,3.802,0.0687,1.679,0.1944,0.1261
"['Extra Virgin Olive Oil', 'Slow-Simmered Marinara']",['72% Dark Chocolate Bar'],Extra Virgin Olive Oil + Slow-Simmered Marinara,72% Dark Chocolate Bar,Extra Virgin Olive Oil + Slow-Simmered Marinara ➔ 72% Dark Chocolate Bar,0.05,0.504,3.801,0.0368,1.749,0.0992,0.1326
['72% Dark Chocolate Bar'],"['Extra Virgin Olive Oil', 'Slow-Simmered Marinara']",72% Dark Chocolate Bar,Extra Virgin Olive Oil + Slow-Simmered Marinara,72% Dark Chocolate Bar ➔ Extra Virgin Olive Oil + Slow-Simmered Marinara,0.05,0.3771,3.801,0.0368,1.446,0.1326,0.0992
"['Fresh Limes', 'Roma Tomatoes']",['Organic Tortilla Chips'],Fresh Limes + Roma Tomatoes,Organic Tortilla Chips,Fresh Limes + Roma Tomatoes ➔ Organic Tortilla Chips,0.0928,0.8444,3.798,0.0684,4.998,0.1099,0.2223
"['Fresh Organic Cilantro', 'Organic Tortilla Chips', 'Sparkling Mineral Water']",['Mild Chunky Salsa'],Fresh Organic Cilantro + Organic Tortilla Chips + Sparkling Mineral Water,Mild Chunky Salsa,Fresh Organic Cilantro + Organic Tortilla Chips + Sparkling Mineral Water ➔ Mild Chunky Salsa,0.0468,0.52,3.798,0.0345,1.798,0.09,0.1369
['Organic Tortilla Chips'],"['Fresh Limes', 'Roma Tomatoes']",Organic Tortilla Chips,Fresh Limes + Roma Tomatoes,Organic Tortilla Chips ➔ Fresh Limes + Roma Tomatoes,0.0928,0.4175,3.798,0.0684,1.528,0.2223,0.1099
"['72% Dark Chocolate Bar', 'Extra Virgin Olive Oil']",['Penne Rigate Pasta'],72% Dark Chocolate Bar + Extra Virgin Olive Oil,Penne Rigate Pasta,72% Dark Chocolate Bar + Extra Virgin Olive Oil ➔ Penne Rigate Pasta,0.0503,0.7934,3.796,0.037,3.828,0.0634,0.209
"['Madagascar Vanilla Syrup', 'Salted Creamery Butter']",['Espresso Roast Coffee Beans'],Madagascar Vanilla Syrup + Salted Creamery Butter,Espresso Roast Coffee Beans,Madagascar Vanilla Syrup + Salted Creamery Butter ➔ Espresso Roast Coffee Beans,0.058,0.8937,3.79,0.0427,7.188,0.0649,0.2358
['Mild Chunky Salsa'],"['Fresh Limes', 'Fresh Organic Cilantro']",Mild Chunky Salsa,Fresh Limes + Fresh Organic Cilantro,Mild Chunky Salsa ➔ Fresh Limes + Fresh Organic Cilantro,0.0902,0.6589,3.789,0.0664,2.422,0.1369,0.1739
"['Fresh Limes', 'Fresh Organic Cilantro']",['Mild Chunky Salsa'],Fresh Limes + Fresh Organic Cilantro,Mild Chunky Salsa,Fresh Limes + Fresh Organic Cilantro ➔ Mild Chunky Salsa,0.0902,0.5187,3.789,0.0664,1.793,0.1739,0.1369
['Mild Chunky Salsa'],"['Fresh Limes', 'Organic Hass Avocados', 'Organic Tortilla Chips']",Mild Chunky Salsa,Fresh Limes + Organic Hass Avocados + Organic Tortilla Chips,Mild Chunky Salsa ➔ Fresh Limes + Organic Hass Avocados + Organic Tortilla Chips,0.0779,0.569,3.788,0.0573,1.972,0.1369,0.1502
"['Fresh Limes', 'Organic Hass Avocados', 'Organic Tortilla Chips']",['Mild Chunky Salsa'],Fresh Limes + Organic Hass Avocados + Organic Tortilla Chips,Mild Chunky Salsa,Fresh Limes + Organic Hass Avocados + Organic Tortilla Chips ➔ Mild Chunky Salsa,0.0779,0.5186,3.788,0.0573,1.793,0.1502,0.1369
"['Espresso Roast Coffee Beans', 'Madagascar Vanilla Syrup']","['Artisanal Sourdough Bread', 'Grade A Large Pasture Eggs']",Espresso Roast Coffee Beans + Madagascar Vanilla Syrup,Artisanal Sourdough Bread + Grade A Large Pasture Eggs,Espresso Roast Coffee Beans + Madagascar Vanilla Syrup ➔ Artisanal Sourdough Bread + Grade A Large Pasture Eggs,0.0574,0.4961,3.787,0.0422,1.725,0.1157,0.131
"['Artisanal Sourdough Bread', 'Grade A Large Pasture Eggs']","['Espresso Roast Coffee Beans', 'Madagascar Vanilla Syrup']",Artisanal Sourdough Bread + Grade A Large Pasture Eggs,Espresso Roast Coffee Beans + Madagascar Vanilla Syrup,Artisanal Sourdough Bread + Grade A Large Pasture Eggs ➔ Espresso Roast Coffee Beans + Madagascar Vanilla Syrup,0.0574,0.4382,3.787,0.0422,1.574,0.131,0.1157
"['Fresh Limes', 'Organic Hass Avocados', 'Roma Tomatoes']",['Organic Tortilla Chips'],Fresh Limes + Organic Hass Avocados + Roma Tomatoes,Organic Tortilla Chips,Fresh Limes + Organic Hass Avocados + Roma Tomatoes ➔ Organic Tortilla Chips,0.0812,0.8415,3.785,0.0597,4.905,0.0965,0.2223
['Organic Tortilla Chips'],"['Fresh Limes', 'Organic Hass Avocados', 'Roma Tomatoes']",Organic Tortilla Chips,Fresh Limes + Organic Hass Avocados + Roma Tomatoes,Organic Tortilla Chips ➔ Fresh Limes + Organic Hass Avocados + Roma Tomatoes,0.0812,0.3653,3.785,0.0597,1.423,0.2223,0.0965
"['Barista Oat Milk', 'Grade A Large Pasture Eggs']","['Artisanal Sourdough Bread', 'Espresso Roast Coffee Beans']",Barista Oat Milk + Grade A Large Pasture Eggs,Artisanal Sourdough Bread + Espresso Roast Coffee Beans,Barista Oat Milk + Grade A Large Pasture Eggs ➔ Artisanal Sourdough Bread + Espresso Roast Coffee Beans,0.0539,0.477,3.783,0.0397,1.671,0.113,0.1261
"['Artisanal Sourdough Bread', 'Espresso Roast Coffee Beans']","['Barista Oat Milk', 'Grade A Large Pasture Eggs']",Artisanal Sourdough Bread + Espresso Roast Coffee Beans,Barista Oat Milk + Grade A Large Pasture Eggs,Artisanal Sourdough Bread + Espresso Roast Coffee Beans ➔ Barista Oat Milk + Grade A Large Pasture Eggs,0.0539,0.4274,3.783,0.0397,1.549,0.1261,0.113
"['Fresh Organic Cilantro', 'Organic Hass Avocados', 'Sparkling Mineral Water']",['Mild Chunky Salsa'],Fresh Organic Cilantro + Organic Hass Avocados + Sparkling Mineral Water,Mild Chunky Salsa,Fresh Organic Cilantro + Organic Hass Avocados + Sparkling Mineral Water ➔ Mild Chunky Salsa,0.0471,0.5176,3.781,0.0346,1.789,0.091,0.1369
"['Grade A Large Pasture Eggs', 'Madagascar Vanilla Syrup']",['Espresso Roast Coffee Beans'],Grade A Large Pasture Eggs + Madagascar Vanilla Syrup,Espresso Roast Coffee Beans,Grade A Large Pasture Eggs + Madagascar Vanilla Syrup ➔ Espresso Roast Coffee Beans,0.1037,0.8909,3.778,0.0763,7.004,0.1164,0.2358
['Espresso Roast Coffee Beans'],"['Grade A Large Pasture Eggs', 'Madagascar Vanilla Syrup']",Espresso Roast Coffee Beans,Grade A Large Pasture Eggs + Madagascar Vanilla Syrup,Espresso Roast Coffee Beans ➔ Grade A Large Pasture Eggs + Madagascar Vanilla Syrup,0.1037,0.4398,3.778,0.0763,1.577,0.2358,0.1164
"['Fresh Limes', 'Fresh Organic Cilantro', 'Sparkling Mineral Water']",['Mild Chunky Salsa'],Fresh Limes + Fresh Organic Cilantro + Sparkling Mineral Water,Mild Chunky Salsa,Fresh Limes + Fresh Organic Cilantro + Sparkling Mineral Water ➔ Mild Chunky Salsa,0.047,0.5171,3.777,0.0346,1.787,0.0909,0.1369
"['Madagascar Vanilla Syrup', 'Salted Creamery Butter']","['Artisanal Sourdough Bread', 'Grade A Large Pasture Eggs']",Madagascar Vanilla Syrup + Salted Creamery Butter,Artisanal Sourdough Bread + Grade A Large Pasture Eggs,Madagascar Vanilla Syrup + Salted Creamery Butter ➔ Artisanal Sourdough Bread + Grade A Large Pasture Eggs,0.0321,0.4946,3.776,0.0236,1.719,0.0649,0.131
"['Artisanal Sourdough Bread', 'Grade A Large Pasture Eggs', 'Madagascar Vanilla Syrup']",['Espresso Roast Coffee Beans'],Artisanal Sourdough Bread + Grade A Large Pasture Eggs + Madagascar Vanilla Syrup,Espresso Roast Coffee Beans,Artisanal Sourdough Bread + Grade A Large Pasture Eggs + Madagascar Vanilla Syrup ➔ Espresso Roast Coffee Beans,0.0574,0.8899,3.774,0.0422,6.942,0.0645,0.2358
"['Artisanal Sourdough Bread', 'Barista Oat Milk', 'Grade A Large Pasture Eggs']",['Madagascar Vanilla Syrup'],Artisanal Sourdough Bread + Barista Oat Milk + Grade A Large Pasture Eggs,Madagascar Vanilla Syrup,Artisanal Sourdough Bread + Barista Oat Milk + Grade A Large Pasture Eggs ➔ Madagascar Vanilla Syrup,0.0331,0.5382,3.774,0.0243,1.857,0.0615,0.1426
"['Artisanal Sourdough Bread', 'Espresso Roast Coffee Beans', 'Organic Whole Milk']",['Madagascar Vanilla Syrup'],Artisanal Sourdough Bread + Espresso Roast Coffee Beans + Organic Whole Milk,Madagascar Vanilla Syrup,Artisanal Sourdough Bread + Espresso Roast Coffee Beans + Organic Whole Milk ➔ Madagascar Vanilla Syrup,0.0585,0.5382,3.774,0.043,1.857,0.1087,0.1426
"['Artisanal Sourdough Bread', 'Madagascar Vanilla Syrup']","['Grade A Large Pasture Eggs', 'Salted Creamery Butter']",Artisanal Sourdough Bread + Madagascar Vanilla Syrup,Grade A Large Pasture Eggs + Salted Creamery Butter,Artisanal Sourdough Bread + Madagascar Vanilla Syrup ➔ Grade A Large Pasture Eggs + Salted Creamery Butter,0.0321,0.4121,3.774,0.0236,1.515,0.0779,0.1092
['Madagascar Vanilla Syrup'],"['Artisanal Sourdough Bread', 'Espresso Roast Coffee Beans', 'Organic Whole Milk']",Madagascar Vanilla Syrup,Artisanal Sourdough Bread + Espresso Roast Coffee Beans + Organic Whole Milk,Madagascar Vanilla Syrup ➔ Artisanal Sourdough Bread + Espresso Roast Coffee Beans + Organic Whole Milk,0.0585,0.4102,3.774,0.043,1.511,0.1426,0.1087
"['Mild Chunky Salsa', 'Organic Hass Avocados', 'Sparkling Mineral Water']",['Organic Tortilla Chips'],Mild Chunky Salsa + Organic Hass Avocados + Sparkling Mineral Water,Organic Tortilla Chips,Mild Chunky Salsa + Organic Hass Avocados + Sparkling Mineral Water ➔ Organic Tortilla Chips,0.0462,0.8385,3.772,0.034,4.815,0.0551,0.2223
['Mild Chunky Salsa'],"['Fresh Limes', 'Fresh Organic Cilantro', 'Organic Tortilla Chips']",Mild Chunky Salsa,Fresh Limes + Fresh Organic Cilantro + Organic Tortilla Chips,Mild Chunky Salsa ➔ Fresh Limes + Fresh Organic Cilantro + Organic Tortilla Chips,0.0791,0.5778,3.772,0.0581,2.006,0.1369,0.1532
"['Fresh Limes', 'Fresh Organic Cilantro', 'Organic Tortilla Chips']",['Mild Chunky Salsa'],Fresh Limes + Fresh Organic Cilantro + Organic Tortilla Chips,Mild Chunky Salsa,Fresh Limes + Fresh Organic Cilantro + Organic Tortilla Chips ➔ Mild Chunky Salsa,0.0791,0.5163,3.772,0.0581,1.784,0.1532,0.1369
['Madagascar Vanilla Syrup'],"['Grade A Large Pasture Eggs', 'Organic Whole Milk']",Madagascar Vanilla Syrup,Grade A Large Pasture Eggs + Organic Whole Milk,Madagascar Vanilla Syrup ➔ Grade A Large Pasture Eggs + Organic Whole Milk,0.1045,0.7328,3.77,0.0768,3.015,0.1426,0.1944
"['Grade A Large Pasture Eggs', 'Organic Whole Milk']",['Madagascar Vanilla Syrup'],Grade A Large Pasture Eggs + Organic Whole Milk,Madagascar Vanilla Syrup,Grade A Large Pasture Eggs + Organic Whole Milk ➔ Madagascar Vanilla Syrup,0.1045,0.5376,3.77,0.0768,1.854,0.1944,0.1426
"['Barista Oat Milk', 'Grade A Large Pasture Eggs', 'Organic Whole Milk']",['Madagascar Vanilla Syrup'],Barista Oat Milk + Grade A Large Pasture Eggs + Organic Whole Milk,Madagascar Vanilla Syrup,Barista Oat Milk + Grade A Large Pasture Eggs + Organic Whole Milk ➔ Madagascar Vanilla Syrup,0.0531,0.5369,3.765,0.039,1.851,0.0989,0.1426
"['Madagascar Vanilla Syrup', 'Organic Whole Milk']","['Artisanal Sourdough Bread', 'Grade A Large Pasture Eggs']",Madagascar Vanilla Syrup + Organic Whole Milk,Artisanal Sourdough Bread + Grade A Large Pasture Eggs,Madagascar Vanilla Syrup + Organic Whole Milk ➔ Artisanal Sourdough Bread + Grade A Large Pasture Eggs,0.0582,0.4932,3.765,0.0427,1.715,0.118,0.131
"['Artisanal Sourdough Bread', 'Grade A Large Pasture Eggs']","['Madagascar Vanilla Syrup', 'Organic Whole Milk']",Artisanal Sourdough Bread + Grade A Large Pasture Eggs,Madagascar Vanilla Syrup + Organic Whole Milk,Artisanal Sourdough Bread + Grade A Large Pasture Eggs ➔ Madagascar Vanilla Syrup + Organic Whole Milk,0.0582,0.4443,3.765,0.0427,1.587,0.131,0.118
['Madagascar Vanilla Syrup'],"['Barista Oat Milk', 'Grade A Large Pasture Eggs', 'Organic Whole Milk']",Madagascar Vanilla Syrup,Barista Oat Milk + Grade A Large Pasture Eggs + Organic Whole Milk,Madagascar Vanilla Syrup ➔ Barista Oat Milk + Grade A Large Pasture Eggs + Organic Whole Milk,0.0531,0.3724,3.765,0.039,1.436,0.1426,0.0989
"['Barista Oat Milk', 'Grade A Large Pasture Eggs', 'Salted Creamery Butter']",['Madagascar Vanilla Syrup'],Barista Oat Milk + Grade A Large Pasture Eggs + Salted Creamery Butter,Madagascar Vanilla Syrup,Barista Oat Milk + Grade A Large Pasture Eggs + Salted Creamery Butter ➔ Madagascar Vanilla Syrup,0.0309,0.5365,3.762,0.0227,1.85,0.0576,0.1426
"['Fresh Organic Cilantro', 'Organic Tortilla Chips', 'Roma Tomatoes']",['Mild Chunky Salsa'],Fresh Organic Cilantro + Organic Tortilla Chips + Roma Tomatoes,Mild Chunky Salsa,Fresh Organic Cilantro + Organic Tortilla Chips + Roma Tomatoes ➔ Mild Chunky Salsa,0.0479,0.5151,3.762,0.0352,1.78,0.093,0.1369
"['Extra Virgin Olive Oil', 'Penne Rigate Pasta']",['72% Dark Chocolate Bar'],Extra Virgin Olive Oil + Penne Rigate Pasta,72% Dark Chocolate Bar,Extra Virgin Olive Oil + Penne Rigate Pasta ➔ 72% Dark Chocolate Bar,0.0503,0.4985,3.76,0.0369,1.73,0.1009,0.1326
"['Artisanal Sourdough Bread', 'Madagascar Vanilla Syrup']","['Barista Oat Milk', 'Grade A Large Pasture Eggs']",Artisanal Sourdough Bread + Madagascar Vanilla Syrup,Barista Oat Milk + Grade A Large Pasture Eggs,Artisanal Sourdough Bread + Madagascar Vanilla Syrup ➔ Barista Oat Milk + Grade A Large Pasture Eggs,0.0331,0.4249,3.76,0.0243,1.542,0.0779,0.113
['72% Dark Chocolate Bar'],"['Extra Virgin Olive Oil', 'Penne Rigate Pasta']",72% Dark Chocolate Bar,Extra Virgin Olive Oil + Penne Rigate Pasta,72% Dark Chocolate Bar ➔ Extra Virgin Olive Oil + Penne Rigate Pasta,0.0503,0.3793,3.76,0.0369,1.449,0.1326,0.1009
"['Espresso Roast Coffee Beans', 'Salted Creamery Butter']",['Madagascar Vanilla Syrup'],Espresso Roast Coffee Beans + Salted Creamery Butter,Madagascar Vanilla Syrup,Espresso Roast Coffee Beans + Salted Creamery Butter ➔ Madagascar Vanilla Syrup,0.058,0.536,3.759,0.0426,1.848,0.1082,0.1426
['Madagascar Vanilla Syrup'],"['Espresso Roast Coffee Beans', 'Salted Creamery Butter']",Madagascar Vanilla Syrup,Espresso Roast Coffee Beans + Salted Creamery Butter,Madagascar Vanilla Syrup ➔ Espresso Roast Coffee Beans + Salted Creamery Butter,0.058,0.4067,3.759,0.0426,1.503,0.1426,0.1082
"['72% Dark Chocolate Bar', 'Artisanal Sourdough Bread']",['Slow-Simmered Marinara'],72% Dark Chocolate Bar + Artisanal Sourdough Bread,Slow-Simmered Marinara,72% Dark Chocolate Bar + Artisanal Sourdough Bread ➔ Slow-Simmered Marinara,0.0522,0.7565,3.758,0.0383,3.28,0.069,0.2013
"['Artisanal Sourdough Bread', 'Madagascar Vanilla Syrup']","['Barista Oat Milk', 'Organic Whole Milk']",Artisanal Sourdough Bread + Madagascar Vanilla Syrup,Barista Oat Milk + Organic Whole Milk,Artisanal Sourdough Bread + Madagascar Vanilla Syrup ➔ Barista Oat Milk + Organic Whole Milk,0.0332,0.4262,3.755,0.0244,1.545,0.0779,0.1135
"['Mild Chunky Salsa', 'Sparkling Mineral Water']",['Fresh Limes'],Mild Chunky Salsa + Sparkling Mineral Water,Fresh Limes,Mild Chunky Salsa + Sparkling Mineral Water ➔ Fresh Limes,0.0526,0.827,3.754,0.0386,4.508,0.0636,0.2203
"['Espresso Roast Coffee Beans', 'Salted Creamery Butter']","['Artisanal Sourdough Bread', 'Grade A Large Pasture Eggs']",Espresso Roast Coffee Beans + Salted Creamery Butter,Artisanal Sourdough Bread + Grade A Large Pasture Eggs,Espresso Roast Coffee Beans + Salted Creamery Butter ➔ Artisanal Sourdough Bread + Grade A Large Pasture Eggs,0.0532,0.4917,3.753,0.039,1.71,0.1082,0.131
"['Artisanal Sourdough Bread', 'Grade A Large Pasture Eggs']","['Espresso Roast Coffee Beans', 'Salted Creamery Butter']",Artisanal Sourdough Bread + Grade A Large Pasture Eggs,Espresso Roast Coffee Beans + Salted Creamery Butter,Artisanal Sourdough Bread + Grade A Large Pasture Eggs ➔ Espresso Roast Coffee Beans + Salted Creamery Butter,0.0532,0.4061,3.753,0.039,1.502,0.131,0.1082
"['Barista Oat Milk', 'Grade A Large Pasture Eggs', 'Organic Whole Milk']",['Espresso Roast Coffee Beans'],Barista Oat Milk + Grade A Large Pasture Eggs + Organic Whole Milk,Espresso Roast Coffee Beans,Barista Oat Milk + Grade A Large Pasture Eggs + Organic Whole Milk ➔ Espresso Roast Coffee Beans,0.0875,0.8847,3.752,0.0642,6.63,0.0989,0.2358
['Espresso Roast Coffee Beans'],"['Barista Oat Milk', 'Grade A Large Pasture Eggs', 'Organic Whole Milk']",Espresso Roast Coffee Beans,Barista Oat Milk + Grade A Large Pasture Eggs + Organic Whole Milk,Espresso Roast Coffee Beans ➔ Barista Oat Milk + Grade A Large Pasture Eggs + Organic Whole Milk,0.0875,0.3711,3.752,0.0642,1.433,0.2358,0.0989
"['Artisanal Sourdough Bread', 'Barista Oat Milk']","['Espresso Roast Coffee Beans', 'Grade A Large Pasture Eggs']",Artisanal Sourdough Bread + Barista Oat Milk,Espresso Roast Coffee Beans + Grade A Large Pasture Eggs,Artisanal Sourdough Bread + Barista Oat Milk ➔ Espresso Roast Coffee Beans + Grade A Large Pasture Eggs,0.0539,0.7018,3.749,0.0395,2.726,0.0768,0.1872
['Mild Chunky Salsa'],"['Fresh Organic Cilantro', 'Organic Hass Avocados']",Mild Chunky Salsa,Fresh Organic Cilantro + Organic Hass Avocados,Mild Chunky Salsa ➔ Fresh Organic Cilantro + Organic Hass Avocados,0.0892,0.6516,3.749,0.0654,2.371,0.1369,0.1738
"['Fresh Organic Cilantro', 'Organic Hass Avocados']",['Mild Chunky Salsa'],Fresh Organic Cilantro + Organic Hass Avocados,Mild Chunky Salsa,Fresh Organic Cilantro + Organic Hass Avocados ➔ Mild Chunky Salsa,0.0892,0.5132,3.749,0.0654,1.773,0.1738,0.1369
"['Grade A Large Pasture Eggs', 'Organic Whole Milk', 'Salted Creamery Butter']",['Espresso Roast Coffee Beans'],Grade A Large Pasture Eggs + Organic Whole Milk + Salted Creamery Butter,Espresso Roast Coffee Beans,Grade A Large Pasture Eggs + Organic Whole Milk + Salted Creamery Butter ➔ Espresso Roast Coffee Beans,0.0837,0.8838,3.748,0.0614,6.579,0.0947,0.2358
['Espresso Roast Coffee Beans'],"['Grade A Large Pasture Eggs', 'Organic Whole Milk', 'Salted Creamery Butter']",Espresso Roast Coffee Beans,Grade A Large Pasture Eggs + Organic Whole Milk + Salted Creamery Butter,Espresso Roast Coffee Beans ➔ Grade A Large Pasture Eggs + Organic Whole Milk + Salted Creamery Butter,0.0837,0.355,3.748,0.0614,1.403,0.2358,0.0947
['Mild Chunky Salsa'],"['Fresh Organic Cilantro', 'Organic Tortilla Chips']",Mild Chunky Salsa,Fresh Organic Cilantro + Organic Tortilla Chips,Mild Chunky Salsa ➔ Fresh Organic Cilantro + Organic Tortilla Chips,0.0886,0.6472,3.747,0.065,2.345,0.1369,0.1727
"['Fresh Organic Cilantro', 'Organic Tortilla Chips']",['Mild Chunky Salsa'],Fresh Organic Cilantro + Organic Tortilla Chips,Mild Chunky Salsa,Fresh Organic Cilantro + Organic Tortilla Chips ➔ Mild Chunky Salsa,0.0886,0.513,3.747,0.065,1.772,0.1727,0.1369
"['Barista Oat Milk', 'Madagascar Vanilla Syrup']","['Artisanal Sourdough Bread', 'Grade A Large Pasture Eggs']",Barista Oat Milk + Madagascar Vanilla Syrup,Artisanal Sourdough Bread + Grade A Large Pasture Eggs,Barista Oat Milk + Madagascar Vanilla Syrup ➔ Artisanal Sourdough Bread + Grade A Large Pasture Eggs,0.0331,0.4904,3.743,0.0243,1.705,0.0675,0.131
"['Artisanal Sourdough Bread', 'Grade A Large Pasture Eggs', 'Salted Creamery Butter']",['Espresso Roast Coffee Beans'],Artisanal Sourdough Bread + Grade A Large Pasture Eggs + Salted Creamery Butter,Espresso Roast Coffee Beans,Artisanal Sourdough Bread + Grade A Large Pasture Eggs + Salted Creamery Butter ➔ Espresso Roast Coffee Beans,0.0532,0.8823,3.742,0.039,6.49,0.0603,0.2358
"['Barista Oat Milk', 'Organic Whole Milk', 'Salted Creamery Butter']",['Espresso Roast Coffee Beans'],Barista Oat Milk + Organic Whole Milk + Salted Creamery Butter,Espresso Roast Coffee Beans,Barista Oat Milk + Organic Whole Milk + Salted Creamery Butter ➔ Espresso Roast Coffee Beans,0.0494,0.8821,3.741,0.0362,6.484,0.056,0.2358
"['Madagascar Vanilla Syrup', 'Organic Whole Milk']",['Espresso Roast Coffee Beans'],Madagascar Vanilla Syrup + Organic Whole Milk,Espresso Roast Coffee Beans,Madagascar Vanilla Syrup + Organic Whole Milk ➔ Espresso Roast Coffee Beans,0.104,0.8814,3.738,0.0762,6.441,0.118,0.2358
"['Artisanal Sourdough Bread', 'Barista Oat Milk']","['Espresso Roast Coffee Beans', 'Organic Whole Milk']",Artisanal Sourdough Bread + Barista Oat Milk,Espresso Roast Coffee Beans + Organic Whole Milk,Artisanal Sourdough Bread + Barista Oat Milk ➔ Espresso Roast Coffee Beans + Organic Whole Milk,0.0548,0.7135,3.738,0.0401,2.824,0.0768,0.1909
['Espresso Roast Coffee Beans'],"['Madagascar Vanilla Syrup', 'Organic Whole Milk']",Espresso Roast Coffee Beans,Madagascar Vanilla Syrup + Organic Whole Milk,Espresso Roast Coffee Beans ➔ Madagascar Vanilla Syrup + Organic Whole Milk,0.104,0.4411,3.738,0.0762,1.578,0.2358,0.118
"['Artisanal Sourdough Bread', 'Barista Oat Milk', 'Salted Creamery Butter']",['Espresso Roast Coffee Beans'],Artisanal Sourdough Bread + Barista Oat Milk + Salted Creamery Butter,Espresso Roast Coffee Beans,Artisanal Sourdough Bread + Barista Oat Milk + Salted Creamery Butter ➔ Espresso Roast Coffee Beans,0.0318,0.8809,3.736,0.0233,6.416,0.0361,0.2358
"['Artisanal Sourdough Bread', 'Espresso Roast Coffee Beans', 'Salted Creamery Butter']",['Madagascar Vanilla Syrup'],Artisanal Sourdough Bread + Espresso Roast Coffee Beans + Salted Creamery Butter,Madagascar Vanilla Syrup,Artisanal Sourdough Bread + Espresso Roast Coffee Beans + Salted Creamery Butter ➔ Madagascar Vanilla Syrup,0.0327,0.5326,3.735,0.0239,1.834,0.0614,0.1426
"['Barista Oat Milk', 'Salted Creamery Butter']","['Artisanal Sourdough Bread', 'Grade A Large Pasture Eggs']",Barista Oat Milk + Salted Creamery Butter,Artisanal Sourdough Bread + Grade A Large Pasture Eggs,Barista Oat Milk + Salted Creamery Butter ➔ Artisanal Sourdough Bread + Grade A Large Pasture Eggs,0.032,0.4893,3.735,0.0234,1.702,0.0654,0.131
"['Mild Chunky Salsa', 'Organic Hass Avocados']",['Organic Tortilla Chips'],Mild Chunky Salsa + Organic Hass Avocados,Organic Tortilla Chips,Mild Chunky Salsa + Organic Hass Avocados ➔ Organic Tortilla Chips,0.0873,0.8298,3.733,0.0639,4.571,0.1052,0.2223
"['Artisanal Sourdough Bread', 'Grade A Large Pasture Eggs', 'Salted Creamery Butter']",['Madagascar Vanilla Syrup'],Artisanal Sourdough Bread + Grade A Large Pasture Eggs + Salted Creamery Butter,Madagascar Vanilla Syrup,Artisanal Sourdough Bread + Grade A Large Pasture Eggs + Salted Creamery Butter ➔ Madagascar Vanilla Syrup,0.0321,0.5323,3.733,0.0235,1.833,0.0603,0.1426
['Organic Tortilla Chips'],"['Mild Chunky Salsa', 'Organic Hass Avocados']",Organic Tortilla Chips,Mild Chunky Salsa + Organic Hass Avocados,Organic Tortilla Chips ➔ Mild Chunky Salsa + Organic Hass Avocados,0.0873,0.3927,3.733,0.0639,1.473,0.2223,0.1052
['Mild Chunky Salsa'],"['Fresh Limes', 'Organic Tortilla Chips']",Mild Chunky Salsa,Fresh Limes + Organic Tortilla Chips,Mild Chunky Salsa ➔ Fresh Limes + Organic Tortilla Chips,0.0878,0.6413,3.729,0.0643,2.309,0.1369,0.172
"['Fresh Limes', 'Organic Tortilla Chips']",['Mild Chunky Salsa'],Fresh Limes + Organic Tortilla Chips,Mild Chunky Salsa,Fresh Limes + Organic Tortilla Chips ➔ Mild Chunky Salsa,0.0878,0.5105,3.729,0.0643,1.763,0.172,0.1369
"['Artisanal Sourdough Bread', 'Grade A Large Pasture Eggs']","['Espresso Roast Coffee Beans', 'Organic Whole Milk']",Artisanal Sourdough Bread + Grade A Large Pasture Eggs,Espresso Roast Coffee Beans + Organic Whole Milk,Artisanal Sourdough Bread + Grade A Large Pasture Eggs ➔ Espresso Roast Coffee Beans + Organic Whole Milk,0.0932,0.7115,3.727,0.0682,2.804,0.131,0.1909
"['Espresso Roast Coffee Beans', 'Organic Whole Milk']","['Artisanal Sourdough Bread', 'Grade A Large Pasture Eggs']",Espresso Roast Coffee Beans + Organic Whole Milk,Artisanal Sourdough Bread + Grade A Large Pasture Eggs,Espresso Roast Coffee Beans + Organic Whole Milk ➔ Artisanal Sourdough Bread + Grade A Large Pasture Eggs,0.0932,0.4882,3.727,0.0682,1.698,0.1909,0.131
"['Fresh Organic Cilantro', 'Sparkling Mineral Water']",['Mild Chunky Salsa'],Fresh Organic Cilantro + Sparkling Mineral Water,Mild Chunky Salsa,Fresh Organic Cilantro + Sparkling Mineral Water ➔ Mild Chunky Salsa,0.0531,0.5101,3.726,0.0388,1.762,0.1041,0.1369
['Mild Chunky Salsa'],"['Fresh Organic Cilantro', 'Sparkling Mineral Water']",Mild Chunky Salsa,Fresh Organic Cilantro + Sparkling Mineral Water,Mild Chunky Salsa ➔ Fresh Organic Cilantro + Sparkling Mineral Water,0.0531,0.3879,3.726,0.0388,1.464,0.1369,0.1041
"['Grade A Large Pasture Eggs', 'Salted Creamery Butter']",['Madagascar Vanilla Syrup'],Grade A Large Pasture Eggs + Salted Creamery Butter,Madagascar Vanilla Syrup,Grade A Large Pasture Eggs + Salted Creamery Butter ➔ Madagascar Vanilla Syrup,0.058,0.5311,3.725,0.0424,1.829,0.1092,0.1426
['Madagascar Vanilla Syrup'],"['Grade A Large Pasture Eggs', 'Salted Creamery Butter']",Madagascar Vanilla Syrup,Grade A Large Pasture Eggs + Salted Creamery Butter,Madagascar Vanilla Syrup ➔ Grade A Large Pasture Eggs + Salted Creamery Butter,0.058,0.4067,3.725,0.0424,1.502,0.1426,0.1092
['Oven Roasted Turkey Breast'],['Organic Baby Spinach'],Oven Roasted Turkey Breast,Organic Baby Spinach,Oven Roasted Turkey Breast ➔ Organic Baby Spinach,0.0903,0.7438,3.719,0.066,3.123,0.1214,0.2
['Organic Baby Spinach'],['Oven Roasted Turkey Breast'],Organic Baby Spinach,Oven Roasted Turkey Breast,Organic Baby Spinach ➔ Oven Roasted Turkey Breast,0.0903,0.4515,3.719,0.066,1.602,0.2,0.1214
"['Barista Oat Milk', 'Grade A Large Pasture Eggs', 'Salted Creamery Butter']",['Espresso Roast Coffee Beans'],Barista Oat Milk + Grade A Large Pasture Eggs + Salted Creamery Butter,Espresso Roast Coffee Beans,Barista Oat Milk + Grade A Large Pasture Eggs + Salted Creamery Butter ➔ Espresso Roast Coffee Beans,0.0505,0.8767,3.718,0.0369,6.2,0.0576,0.2358
"['Artisanal Sourdough Bread', 'Barista Oat Milk', 'Grade A Large Pasture Eggs']",['Espresso Roast Coffee Beans'],Artisanal Sourdough Bread + Barista Oat Milk + Grade A Large Pasture Eggs,Espresso Roast Coffee Beans,Artisanal Sourdough Bread + Barista Oat Milk + Grade A Large Pasture Eggs ➔ Espresso Roast Coffee Beans,0.0539,0.8764,3.717,0.0394,6.184,0.0615,0.2358
"['Artisanal Sourdough Bread', 'Grade A Large Pasture Eggs', 'Organic Whole Milk']",['Madagascar Vanilla Syrup'],Artisanal Sourdough Bread + Grade A Large Pasture Eggs + Organic Whole Milk,Madagascar Vanilla Syrup,Artisanal Sourdough Bread + Grade A Large Pasture Eggs + Organic Whole Milk ➔ Madagascar Vanilla Syrup,0.0582,0.5301,3.717,0.0425,1.824,0.1098,0.1426
['Madagascar Vanilla Syrup'],"['Artisanal Sourdough Bread', 'Grade A Large Pasture Eggs', 'Organic Whole Milk']",Madagascar Vanilla Syrup,Artisanal Sourdough Bread + Grade A Large Pasture Eggs + Organic Whole Milk,Madagascar Vanilla Syrup ➔ Artisanal Sourdough Bread + Grade A Large Pasture Eggs + Organic Whole Milk,0.0582,0.4081,3.717,0.0425,1.504,0.1426,0.1098
"['Fresh Limes', 'Organic Tortilla Chips', 'Sparkling Mineral Water']",['Mild Chunky Salsa'],Fresh Limes + Organic Tortilla Chips + Sparkling Mineral Water,Mild Chunky Salsa,Fresh Limes + Organic Tortilla Chips + Sparkling Mineral Water ➔ Mild Chunky Salsa,0.0459,0.5083,3.713,0.0335,1.755,0.0903,0.1369
"['Fresh Limes', 'Fresh Organic Cilantro', 'Roma Tomatoes']",['Mild Chunky Salsa'],Fresh Limes + Fresh Organic Cilantro + Roma Tomatoes,Mild Chunky Salsa,Fresh Limes + Fresh Organic Cilantro + Roma Tomatoes ➔ Mild Chunky Salsa,0.0475,0.508,3.711,0.0347,1.754,0.0935,0.1369
"['Barista Oat Milk', 'Grade A Large Pasture Eggs']",['Espresso Roast Coffee Beans'],Barista Oat Milk + Grade A Large Pasture Eggs,Espresso Roast Coffee Beans,Barista Oat Milk + Grade A Large Pasture Eggs ➔ Espresso Roast Coffee Beans,0.0988,0.8743,3.708,0.0722,6.081,0.113,0.2358
['Espresso Roast Coffee Beans'],"['Barista Oat Milk', 'Grade A Large Pasture Eggs']",Espresso Roast Coffee Beans,Barista Oat Milk + Grade A Large Pasture Eggs,Espresso Roast Coffee Beans ➔ Barista Oat Milk + Grade A Large Pasture Eggs,0.0988,0.419,3.708,0.0722,1.527,0.2358,0.113
['Grated Parmesan Cheese'],['Penne Rigate Pasta'],Grated Parmesan Cheese,Penne Rigate Pasta,Grated Parmesan Cheese ➔ Penne Rigate Pasta,0.1572,0.7744,3.705,0.1148,3.506,0.203,0.209
['Penne Rigate Pasta'],['Grated Parmesan Cheese'],Penne Rigate Pasta,Grated Parmesan Cheese,Penne Rigate Pasta ➔ Grated Parmesan Cheese,0.1572,0.7522,3.705,0.1148,3.216,0.209,0.203
"['Artisanal Sourdough Bread', 'Madagascar Vanilla Syrup', 'Organic Whole Milk']",['Espresso Roast Coffee Beans'],Artisanal Sourdough Bread + Madagascar Vanilla Syrup + Organic Whole Milk,Espresso Roast Coffee Beans,Artisanal Sourdough Bread + Madagascar Vanilla Syrup + Organic Whole Milk ➔ Espresso Roast Coffee Beans,0.0585,0.8731,3.703,0.0427,6.024,0.067,0.2358
"['Artisanal Sourdough Bread', 'Salted Creamery Butter']","['Espresso Roast Coffee Beans', 'Organic Whole Milk']",Artisanal Sourdough Bread + Salted Creamery Butter,Espresso Roast Coffee Beans + Organic Whole Milk,Artisanal Sourdough Bread + Salted Creamery Butter ➔ Espresso Roast Coffee Beans + Organic Whole Milk,0.0545,0.7069,3.703,0.0398,2.76,0.0771,0.1909
"['Artisanal Sourdough Bread', 'Barista Oat Milk']","['Grade A Large Pasture Eggs', 'Madagascar Vanilla Syrup']",Artisanal Sourdough Bread + Barista Oat Milk,Grade A Large Pasture Eggs + Madagascar Vanilla Syrup,Artisanal Sourdough Bread + Barista Oat Milk ➔ Grade A Large Pasture Eggs + Madagascar Vanilla Syrup,0.0331,0.431,3.703,0.0242,1.553,0.0768,0.1164
"['Artisanal Sourdough Bread', 'Madagascar Vanilla Syrup']","['Organic Whole Milk', 'Salted Creamery Butter']",Artisanal Sourdough Bread + Madagascar Vanilla Syrup,Organic Whole Milk + Salted Creamery Butter,Artisanal Sourdough Bread + Madagascar Vanilla Syrup ➔ Organic Whole Milk + Salted Creamery Butter,0.032,0.4108,3.701,0.0234,1.509,0.0779,0.111
"['Mild Chunky Salsa', 'Sparkling Mineral Water']",['Organic Tortilla Chips'],Mild Chunky Salsa + Sparkling Mineral Water,Organic Tortilla Chips,Mild Chunky Salsa + Sparkling Mineral Water ➔ Organic Tortilla Chips,0.0523,0.8223,3.699,0.0382,4.377,0.0636,0.2223
"['Barista Oat Milk', 'Grade A Large Pasture Eggs']",['Madagascar Vanilla Syrup'],Barista Oat Milk + Grade A Large Pasture Eggs,Madagascar Vanilla Syrup,Barista Oat Milk + Grade A Large Pasture Eggs ➔ Madagascar Vanilla Syrup,0.0596,0.5274,3.699,0.0435,1.814,0.113,0.1426
['Madagascar Vanilla Syrup'],"['Barista Oat Milk', 'Grade A Large Pasture Eggs']",Madagascar Vanilla Syrup,Barista Oat Milk + Grade A Large Pasture Eggs,Madagascar Vanilla Syrup ➔ Barista Oat Milk + Grade A Large Pasture Eggs,0.0596,0.418,3.699,0.0435,1.524,0.1426,0.113
['Mild Chunky Salsa'],"['Fresh Limes', 'Organic Hass Avocados']",Mild Chunky Salsa,Fresh Limes + Organic Hass Avocados,Mild Chunky Salsa ➔ Fresh Limes + Organic Hass Avocados,0.0892,0.6516,3.692,0.065,2.363,0.1369,0.1765
"['Fresh Limes', 'Organic Hass Avocados']",['Mild Chunky Salsa'],Fresh Limes + Organic Hass Avocados,Mild Chunky Salsa,Fresh Limes + Organic Hass Avocados ➔ Mild Chunky Salsa,0.0892,0.5054,3.692,0.065,1.745,0.1765,0.1369
"['Barista Oat Milk', 'Salted Creamery Butter']",['Espresso Roast Coffee Beans'],Barista Oat Milk + Salted Creamery Butter,Espresso Roast Coffee Beans,Barista Oat Milk + Salted Creamery Butter ➔ Espresso Roast Coffee Beans,0.0569,0.87,3.69,0.0415,5.88,0.0654,0.2358
"['Mild Chunky Salsa', 'Organic Hass Avocados', 'Roma Tomatoes']",['Organic Tortilla Chips'],Mild Chunky Salsa + Organic Hass Avocados + Roma Tomatoes,Organic Tortilla Chips,Mild Chunky Salsa + Organic Hass Avocados + Roma Tomatoes ➔ Organic Tortilla Chips,0.0461,0.8203,3.69,0.0336,4.327,0.0562,0.2223
['Fresh Organic Cilantro'],['Fresh Limes'],Fresh Organic Cilantro,Fresh Limes,Fresh Organic Cilantro ➔ Fresh Limes,0.1739,0.813,3.69,0.1268,4.169,0.2139,0.2203
['Fresh Limes'],['Fresh Organic Cilantro'],Fresh Limes,Fresh Organic Cilantro,Fresh Limes ➔ Fresh Organic Cilantro,0.1739,0.7894,3.69,0.1268,3.732,0.2203,0.2139
"['Artisanal Sourdough Bread', 'Barista Oat Milk', 'Organic Whole Milk']",['Madagascar Vanilla Syrup'],Artisanal Sourdough Bread + Barista Oat Milk + Organic Whole Milk,Madagascar Vanilla Syrup,Artisanal Sourdough Bread + Barista Oat Milk + Organic Whole Milk ➔ Madagascar Vanilla Syrup,0.0332,0.5261,3.69,0.0242,1.809,0.0631,0.1426
"['Artisanal Sourdough Bread', 'Salted Creamery Butter']","['Espresso Roast Coffee Beans', 'Grade A Large Pasture Eggs']",Artisanal Sourdough Bread + Salted Creamery Butter,Espresso Roast Coffee Beans + Grade A Large Pasture Eggs,Artisanal Sourdough Bread + Salted Creamery Butter ➔ Espresso Roast Coffee Beans + Grade A Large Pasture Eggs,0.0532,0.69,3.686,0.0388,2.622,0.0771,0.1872
"['Barista Oat Milk', 'Organic Whole Milk']",['Espresso Roast Coffee Beans'],Barista Oat Milk + Organic Whole Milk,Espresso Roast Coffee Beans,Barista Oat Milk + Organic Whole Milk ➔ Espresso Roast Coffee Beans,0.0986,0.8687,3.684,0.0718,5.821,0.1135,0.2358
['Espresso Roast Coffee Beans'],"['Barista Oat Milk', 'Organic Whole Milk']",Espresso Roast Coffee Beans,Barista Oat Milk + Organic Whole Milk,Espresso Roast Coffee Beans ➔ Barista Oat Milk + Organic Whole Milk,0.0986,0.4182,3.684,0.0718,1.524,0.2358,0.1135
"['Artisanal Sourdough Bread', 'Barista Oat Milk', 'Organic Whole Milk']",['Espresso Roast Coffee Beans'],Artisanal Sourdough Bread + Barista Oat Milk + Organic Whole Milk,Espresso Roast Coffee Beans,Artisanal Sourdough Bread + Barista Oat Milk + Organic Whole Milk ➔ Espresso Roast Coffee Beans,0.0548,0.8685,3.683,0.0399,5.81,0.0631,0.2358
"['Mild Chunky Salsa', 'Organic Hass Avocados', 'Roma Tomatoes']",['Fresh Limes'],Mild Chunky Salsa + Organic Hass Avocados + Roma Tomatoes,Fresh Limes,Mild Chunky Salsa + Organic Hass Avocados + Roma Tomatoes ➔ Fresh Limes,0.0456,0.8114,3.683,0.0332,4.134,0.0562,0.2203
"['Artisanal Sourdough Bread', 'Barista Oat Milk']","['Organic Whole Milk', 'Salted Creamery Butter']",Artisanal Sourdough Bread + Barista Oat Milk,Organic Whole Milk + Salted Creamery Butter,Artisanal Sourdough Bread + Barista Oat Milk ➔ Organic Whole Milk + Salted Creamery Butter,0.0314,0.4089,3.683,0.0229,1.504,0.0768,0.111
['Slow-Simmered Marinara'],['Penne Rigate Pasta'],Slow-Simmered Marinara,Penne Rigate Pasta,Slow-Simmered Marinara ➔ Penne Rigate Pasta,0.1549,0.7695,3.682,0.1128,3.432,0.2013,0.209
['Penne Rigate Pasta'],['Slow-Simmered Marinara'],Penne Rigate Pasta,Slow-Simmered Marinara,Penne Rigate Pasta ➔ Slow-Simmered Marinara,0.1549,0.7411,3.682,0.1128,3.086,0.209,0.2013
"['Organic Hass Avocados', 'Organic Tortilla Chips', 'Sparkling Mineral Water']",['Mild Chunky Salsa'],Organic Hass Avocados + Organic Tortilla Chips + Sparkling Mineral Water,Mild Chunky Salsa,Organic Hass Avocados + Organic Tortilla Chips + Sparkling Mineral Water ➔ Mild Chunky Salsa,0.0462,0.5038,3.68,0.0336,1.739,0.0917,0.1369
"['Barista Oat Milk', 'Organic Whole Milk']",['Madagascar Vanilla Syrup'],Barista Oat Milk + Organic Whole Milk,Madagascar Vanilla Syrup,Barista Oat Milk + Organic Whole Milk ➔ Madagascar Vanilla Syrup,0.0595,0.5242,3.676,0.0433,1.802,0.1135,0.1426
"['Fresh Limes', 'Organic Hass Avocados', 'Sparkling Mineral Water']",['Mild Chunky Salsa'],Fresh Limes + Organic Hass Avocados + Sparkling Mineral Water,Mild Chunky Salsa,Fresh Limes + Organic Hass Avocados + Sparkling Mineral Water ➔ Mild Chunky Salsa,0.0465,0.5032,3.676,0.0339,1.737,0.0924,0.1369
"['Artisanal Sourdough Bread', 'Penne Rigate Pasta']",['72% Dark Chocolate Bar'],Artisanal Sourdough Bread + Penne Rigate Pasta,72% Dark Chocolate Bar,Artisanal Sourdough Bread + Penne Rigate Pasta ➔ 72% Dark Chocolate Bar,0.0525,0.4875,3.676,0.0382,1.692,0.1077,0.1326
"['Artisanal Sourdough Bread', 'Organic Bananas']",['Sea Salt Kettle Chips'],Artisanal Sourdough Bread + Organic Bananas,Sea Salt Kettle Chips,Artisanal Sourdough Bread + Organic Bananas ➔ Sea Salt Kettle Chips,0.0412,0.4305,3.676,0.03,1.55,0.0957,0.1171
['Madagascar Vanilla Syrup'],"['Barista Oat Milk', 'Organic Whole Milk']",Madagascar Vanilla Syrup,Barista Oat Milk + Organic Whole Milk,Madagascar Vanilla Syrup ➔ Barista Oat Milk + Organic Whole Milk,0.0595,0.4173,3.676,0.0433,1.521,0.1426,0.1135
['72% Dark Chocolate Bar'],"['Artisanal Sourdough Bread', 'Penne Rigate Pasta']",72% Dark Chocolate Bar,Artisanal Sourdough Bread + Penne Rigate Pasta,72% Dark Chocolate Bar ➔ Artisanal Sourdough Bread + Penne Rigate Pasta,0.0525,0.3959,3.676,0.0382,1.477,0.1326,0.1077
['Sea Salt Kettle Chips'],"['Artisanal Sourdough Bread', 'Organic Bananas']",Sea Salt Kettle Chips,Artisanal Sourdough Bread + Organic Bananas,Sea Salt Kettle Chips ➔ Artisanal Sourdough Bread + Organic Bananas,0.0412,0.3518,3.676,0.03,1.395,0.1171,0.0957
['Mild Chunky Salsa'],"['Organic Hass Avocados', 'Organic Tortilla Chips']",Mild Chunky Salsa,Organic Hass Avocados + Organic Tortilla Chips,Mild Chunky Salsa ➔ Organic Hass Avocados + Organic Tortilla Chips,0.0873,0.6377,3.675,0.0635,2.281,0.1369,0.1735
"['Organic Hass Avocados', 'Organic Tortilla Chips']",['Mild Chunky Salsa'],Organic Hass Avocados + Organic Tortilla Chips,Mild Chunky Salsa,Organic Hass Avocados + Organic Tortilla Chips ➔ Mild Chunky Salsa,0.0873,0.5032,3.675,0.0635,1.737,0.1735,0.1369
"['Grade A Large Pasture Eggs', 'Salted Creamery Butter']",['Espresso Roast Coffee Beans'],Grade A Large Pasture Eggs + Salted Creamery Butter,Espresso Roast Coffee Beans,Grade A Large Pasture Eggs + Salted Creamery Butter ➔ Espresso Roast Coffee Beans,0.0946,0.8663,3.674,0.0689,5.716,0.1092,0.2358
['Espresso Roast Coffee Beans'],"['Grade A Large Pasture Eggs', 'Salted Creamery Butter']",Espresso Roast Coffee Beans,Grade A Large Pasture Eggs + Salted Creamery Butter,Espresso Roast Coffee Beans ➔ Grade A Large Pasture Eggs + Salted Creamery Butter,0.0946,0.4012,3.674,0.0689,1.488,0.2358,0.1092
"['Artisanal Sourdough Bread', 'Salted Creamery Butter']","['Barista Oat Milk', 'Grade A Large Pasture Eggs']",Artisanal Sourdough Bread + Salted Creamery Butter,Barista Oat Milk + Grade A Large Pasture Eggs,Artisanal Sourdough Bread + Salted Creamery Butter ➔ Barista Oat Milk + Grade A Large Pasture Eggs,0.032,0.415,3.673,0.0233,1.516,0.0771,0.113
"['Creamy Peanut Butter', 'Organic Strawberry Jam', 'Sea Salt Kettle Chips']",['Organic Bananas'],Creamy Peanut Butter + Organic Strawberry Jam + Sea Salt Kettle Chips,Organic Bananas,Creamy Peanut Butter + Organic Strawberry Jam + Sea Salt Kettle Chips ➔ Organic Bananas,0.0362,0.5452,3.669,0.0263,1.872,0.0664,0.1486
"['Artisanal Sourdough Bread', 'Salted Creamery Butter']","['Barista Oat Milk', 'Espresso Roast Coffee Beans']",Artisanal Sourdough Bread + Salted Creamery Butter,Barista Oat Milk + Espresso Roast Coffee Beans,Artisanal Sourdough Bread + Salted Creamery Butter ➔ Barista Oat Milk + Espresso Roast Coffee Beans,0.0318,0.4125,3.669,0.0231,1.511,0.0771,0.1124
"['Artisanal Sourdough Bread', 'Salted Creamery Butter']","['Espresso Roast Coffee Beans', 'Madagascar Vanilla Syrup']",Artisanal Sourdough Bread + Salted Creamery Butter,Espresso Roast Coffee Beans + Madagascar Vanilla Syrup,Artisanal Sourdough Bread + Salted Creamery Butter ➔ Espresso Roast Coffee Beans + Madagascar Vanilla Syrup,0.0327,0.4241,3.666,0.0238,1.536,0.0771,0.1157
"['Artisanal Sourdough Bread', 'Creamy Peanut Butter', 'Sea Salt Kettle Chips']",['Organic Bananas'],Artisanal Sourdough Bread + Creamy Peanut Butter + Sea Salt Kettle Chips,Organic Bananas,Artisanal Sourdough Bread + Creamy Peanut Butter + Sea Salt Kettle Chips ➔ Organic Bananas,0.036,0.5446,3.665,0.0262,1.87,0.0661,0.1486
"['Artisanal Sourdough Bread', 'Barista Oat Milk']","['Madagascar Vanilla Syrup', 'Organic Whole Milk']",Artisanal Sourdough Bread + Barista Oat Milk,Madagascar Vanilla Syrup + Organic Whole Milk,Artisanal Sourdough Bread + Barista Oat Milk ➔ Madagascar Vanilla Syrup + Organic Whole Milk,0.0332,0.4323,3.663,0.0241,1.554,0.0768,0.118
"['Barista Oat Milk', 'Espresso Roast Coffee Beans']","['Artisanal Sourdough Bread', 'Grade A Large Pasture Eggs']",Barista Oat Milk + Espresso Roast Coffee Beans,Artisanal Sourdough Bread + Grade A Large Pasture Eggs,Barista Oat Milk + Espresso Roast Coffee Beans ➔ Artisanal Sourdough Bread + Grade A Large Pasture Eggs,0.0539,0.4795,3.661,0.0392,1.67,0.1124,0.131
"['Artisanal Sourdough Bread', 'Grade A Large Pasture Eggs']","['Barista Oat Milk', 'Espresso Roast Coffee Beans']",Artisanal Sourdough Bread + Grade A Large Pasture Eggs,Barista Oat Milk + Espresso Roast Coffee Beans,Artisanal Sourdough Bread + Grade A Large Pasture Eggs ➔ Barista Oat Milk + Espresso Roast Coffee Beans,0.0539,0.4115,3.661,0.0392,1.508,0.131,0.1124
"['Organic Whole Milk', 'Salted Creamery Butter']","['Artisanal Sourdough Bread', 'Grade A Large Pasture Eggs']",Organic Whole Milk + Salted Creamery Butter,Artisanal Sourdough Bread + Grade A Large Pasture Eggs,Organic Whole Milk + Salted Creamery Butter ➔ Artisanal Sourdough Bread + Grade A Large Pasture Eggs,0.0532,0.4793,3.659,0.0387,1.669,0.111,0.131
"['Artisanal Sourdough Bread', 'Grade A Large Pasture Eggs']","['Organic Whole Milk', 'Salted Creamery Butter']",Artisanal Sourdough Bread + Grade A Large Pasture Eggs,Organic Whole Milk + Salted Creamery Butter,Artisanal Sourdough Bread + Grade A Large Pasture Eggs ➔ Organic Whole Milk + Salted Creamery Butter,0.0532,0.4061,3.659,0.0387,1.497,0.131,0.111
"['Mild Chunky Salsa', 'Roma Tomatoes']",['Organic Tortilla Chips'],Mild Chunky Salsa + Roma Tomatoes,Organic Tortilla Chips,Mild Chunky Salsa + Roma Tomatoes ➔ Organic Tortilla Chips,0.0527,0.812,3.653,0.0383,4.137,0.0649,0.2223
"['Barista Oat Milk', 'Organic Whole Milk']","['Artisanal Sourdough Bread', 'Grade A Large Pasture Eggs']",Barista Oat Milk + Organic Whole Milk,Artisanal Sourdough Bread + Grade A Large Pasture Eggs,Barista Oat Milk + Organic Whole Milk ➔ Artisanal Sourdough Bread + Grade A Large Pasture Eggs,0.0543,0.4784,3.652,0.0394,1.666,0.1135,0.131
"['Artisanal Sourdough Bread', 'Grade A Large Pasture Eggs']","['Barista Oat Milk', 'Organic Whole Milk']",Artisanal Sourdough Bread + Grade A Large Pasture Eggs,Barista Oat Milk + Organic Whole Milk,Artisanal Sourdough Bread + Grade A Large Pasture Eggs ➔ Barista Oat Milk + Organic Whole Milk,0.0543,0.4145,3.652,0.0394,1.514,0.131,0.1135
"['Artisanal Sourdough Bread', 'Organic Whole Milk', 'Salted Creamery Butter']",['Espresso Roast Coffee Beans'],Artisanal Sourdough Bread + Organic Whole Milk + Salted Creamery Butter,Espresso Roast Coffee Beans,Artisanal Sourdough Bread + Organic Whole Milk + Salted Creamery Butter ➔ Espresso Roast Coffee Beans,0.0545,0.861,3.651,0.0396,5.497,0.0633,0.2358
"['Artisanal Sourdough Bread', 'Extra Virgin Olive Oil']",['Grated Parmesan Cheese'],Artisanal Sourdough Bread + Extra Virgin Olive Oil,Grated Parmesan Cheese,Artisanal Sourdough Bread + Extra Virgin Olive Oil ➔ Grated Parmesan Cheese,0.0533,0.7393,3.642,0.0387,3.057,0.0721,0.203
"['72% Dark Chocolate Bar', 'Artisanal Sourdough Bread']",['Penne Rigate Pasta'],72% Dark Chocolate Bar + Artisanal Sourdough Bread,Penne Rigate Pasta,72% Dark Chocolate Bar + Artisanal Sourdough Bread ➔ Penne Rigate Pasta,0.0525,0.7609,3.641,0.0381,3.308,0.069,0.209
['72% Dark Chocolate Bar'],['Grated Parmesan Cheese'],72% Dark Chocolate Bar,Grated Parmesan Cheese,72% Dark Chocolate Bar ➔ Grated Parmesan Cheese,0.098,0.7391,3.641,0.0711,3.054,0.1326,0.203
['Grated Parmesan Cheese'],['72% Dark Chocolate Bar'],Grated Parmesan Cheese,72% Dark Chocolate Bar,Grated Parmesan Cheese ➔ 72% Dark Chocolate Bar,0.098,0.4828,3.641,0.0711,1.677,0.203,0.1326
"['Grade A Large Pasture Eggs', 'Organic Whole Milk']",['Espresso Roast Coffee Beans'],Grade A Large Pasture Eggs + Organic Whole Milk,Espresso Roast Coffee Beans,Grade A Large Pasture Eggs + Organic Whole Milk ➔ Espresso Roast Coffee Beans,0.1668,0.858,3.639,0.121,5.383,0.1944,0.2358
['Espresso Roast Coffee Beans'],"['Grade A Large Pasture Eggs', 'Organic Whole Milk']",Espresso Roast Coffee Beans,Grade A Large Pasture Eggs + Organic Whole Milk,Espresso Roast Coffee Beans ➔ Grade A Large Pasture Eggs + Organic Whole Milk,0.1668,0.7074,3.639,0.121,2.753,0.2358,0.1944
['Roasted Salted Almonds'],['Organic Baby Spinach'],Roasted Salted Almonds,Organic Baby Spinach,Roasted Salted Almonds ➔ Organic Baby Spinach,0.0908,0.7276,3.638,0.0658,2.936,0.1248,0.2
['Organic Baby Spinach'],['Roasted Salted Almonds'],Organic Baby Spinach,Roasted Salted Almonds,Organic Baby Spinach ➔ Roasted Salted Almonds,0.0908,0.454,3.638,0.0658,1.603,0.2,0.1248
"['Artisanal Sourdough Bread', 'Barista Oat Milk']","['Grade A Large Pasture Eggs', 'Organic Whole Milk']",Artisanal Sourdough Bread + Barista Oat Milk,Grade A Large Pasture Eggs + Organic Whole Milk,Artisanal Sourdough Bread + Barista Oat Milk ➔ Grade A Large Pasture Eggs + Organic Whole Milk,0.0543,0.707,3.637,0.0394,2.75,0.0768,0.1944
"['Fresh Limes', 'Organic Tortilla Chips', 'Roma Tomatoes']",['Mild Chunky Salsa'],Fresh Limes + Organic Tortilla Chips + Roma Tomatoes,Mild Chunky Salsa,Fresh Limes + Organic Tortilla Chips + Roma Tomatoes ➔ Mild Chunky Salsa,0.0462,0.4978,3.637,0.0335,1.719,0.0928,0.1369
"['Barista Oat Milk', 'Salted Creamery Butter']",['Madagascar Vanilla Syrup'],Barista Oat Milk + Salted Creamery Butter,Madagascar Vanilla Syrup,Barista Oat Milk + Salted Creamery Butter ➔ Madagascar Vanilla Syrup,0.0339,0.5183,3.635,0.0246,1.78,0.0654,0.1426
"['Fresh Limes', 'Sparkling Mineral Water']",['Mild Chunky Salsa'],Fresh Limes + Sparkling Mineral Water,Mild Chunky Salsa,Fresh Limes + Sparkling Mineral Water ➔ Mild Chunky Salsa,0.0526,0.4976,3.635,0.0381,1.718,0.1057,0.1369
['Mild Chunky Salsa'],"['Fresh Limes', 'Sparkling Mineral Water']",Mild Chunky Salsa,Fresh Limes + Sparkling Mineral Water,Mild Chunky Salsa ➔ Fresh Limes + Sparkling Mineral Water,0.0526,0.3842,3.635,0.0381,1.452,0.1369,0.1057
"['Espresso Roast Coffee Beans', 'Madagascar Vanilla Syrup', 'Salted Creamery Butter']",['Barista Oat Milk'],Espresso Roast Coffee Beans + Madagascar Vanilla Syrup + Salted Creamery Butter,Barista Oat Milk,Espresso Roast Coffee Beans + Madagascar Vanilla Syrup + Salted Creamery Butter ➔ Barista Oat Milk,0.0311,0.5362,3.633,0.0225,1.838,0.058,0.1476
['Fresh Organic Cilantro'],['Organic Tortilla Chips'],Fresh Organic Cilantro,Organic Tortilla Chips,Fresh Organic Cilantro ➔ Organic Tortilla Chips,0.1727,0.8074,3.632,0.1252,4.038,0.2139,0.2223
['Organic Tortilla Chips'],['Fresh Organic Cilantro'],Organic Tortilla Chips,Fresh Organic Cilantro,Organic Tortilla Chips ➔ Fresh Organic Cilantro,0.1727,0.7769,3.632,0.1252,3.523,0.2223,0.2139
"['Creamy Peanut Butter', 'Sea Salt Kettle Chips']",['Organic Bananas'],Creamy Peanut Butter + Sea Salt Kettle Chips,Organic Bananas,Creamy Peanut Butter + Sea Salt Kettle Chips ➔ Organic Bananas,0.0411,0.5394,3.63,0.0298,1.848,0.0762,0.1486
"['Artisanal Sourdough Bread', 'Creamy Peanut Butter', 'Organic Whole Milk']",['Organic Bananas'],Artisanal Sourdough Bread + Creamy Peanut Butter + Organic Whole Milk,Organic Bananas,Artisanal Sourdough Bread + Creamy Peanut Butter + Organic Whole Milk ➔ Organic Bananas,0.0397,0.5394,3.63,0.0288,1.848,0.0736,0.1486
"['Mild Chunky Salsa', 'Roma Tomatoes']",['Fresh Limes'],Mild Chunky Salsa + Roma Tomatoes,Fresh Limes,Mild Chunky Salsa + Roma Tomatoes ➔ Fresh Limes,0.0518,0.7982,3.623,0.0375,3.863,0.0649,0.2203
"['Artisanal Sourdough Bread', 'Organic Strawberry Jam']",['Organic Bananas'],Artisanal Sourdough Bread + Organic Strawberry Jam,Organic Bananas,Artisanal Sourdough Bread + Organic Strawberry Jam ➔ Organic Bananas,0.0696,0.5383,3.622,0.0504,1.844,0.1293,0.1486
"['Fresh Organic Cilantro', 'Organic Hass Avocados', 'Roma Tomatoes']",['Mild Chunky Salsa'],Fresh Organic Cilantro + Organic Hass Avocados + Roma Tomatoes,Mild Chunky Salsa,Fresh Organic Cilantro + Organic Hass Avocados + Roma Tomatoes ➔ Mild Chunky Salsa,0.0475,0.4958,3.622,0.0344,1.712,0.0958,0.1369
['Organic Bananas'],"['Artisanal Sourdough Bread', 'Organic Strawberry Jam']",Organic Bananas,Artisanal Sourdough Bread + Organic Strawberry Jam,Organic Bananas ➔ Artisanal Sourdough Bread + Organic Strawberry Jam,0.0696,0.4684,3.622,0.0504,1.638,0.1486,0.1293
"['Artisanal Sourdough Bread', 'Espresso Roast Coffee Beans']",['Madagascar Vanilla Syrup'],Artisanal Sourdough Bread + Espresso Roast Coffee Beans,Madagascar Vanilla Syrup,Artisanal Sourdough Bread + Espresso Roast Coffee Beans ➔ Madagascar Vanilla Syrup,0.0651,0.5163,3.62,0.0471,1.772,0.1261,0.1426
"['Organic Whole Milk', 'Salted Creamery Butter']",['Madagascar Vanilla Syrup'],Organic Whole Milk + Salted Creamery Butter,Madagascar Vanilla Syrup,Organic Whole Milk + Salted Creamery Butter ➔ Madagascar Vanilla Syrup,0.0573,0.5162,3.62,0.0415,1.772,0.111,0.1426
['Madagascar Vanilla Syrup'],"['Artisanal Sourdough Bread', 'Espresso Roast Coffee Beans']",Madagascar Vanilla Syrup,Artisanal Sourdough Bread + Espresso Roast Coffee Beans,Madagascar Vanilla Syrup ➔ Artisanal Sourdough Bread + Espresso Roast Coffee Beans,0.0651,0.4565,3.62,0.0471,1.608,0.1426,0.1261
['Madagascar Vanilla Syrup'],"['Organic Whole Milk', 'Salted Creamery Butter']",Madagascar Vanilla Syrup,Organic Whole Milk + Salted Creamery Butter,Madagascar Vanilla Syrup ➔ Organic Whole Milk + Salted Creamery Butter,0.0573,0.4018,3.62,0.0415,1.486,0.1426,0.111
"['Espresso Roast Coffee Beans', 'Grade A Large Pasture Eggs', 'Salted Creamery Butter']",['Barista Oat Milk'],Espresso Roast Coffee Beans + Grade A Large Pasture Eggs + Salted Creamery Butter,Barista Oat Milk,Espresso Roast Coffee Beans + Grade A Large Pasture Eggs + Salted Creamery Butter ➔ Barista Oat Milk,0.0505,0.5338,3.617,0.0365,1.829,0.0946,0.1476
"['Artisanal Sourdough Bread', 'Organic Strawberry Jam', 'Sea Salt Kettle Chips']",['Organic Bananas'],Artisanal Sourdough Bread + Organic Strawberry Jam + Sea Salt Kettle Chips,Organic Bananas,Artisanal Sourdough Bread + Organic Strawberry Jam + Sea Salt Kettle Chips ➔ Organic Bananas,0.0354,0.5372,3.615,0.0256,1.84,0.0659,0.1486
"['Organic Whole Milk', 'Salted Creamery Butter']",['Espresso Roast Coffee Beans'],Organic Whole Milk + Salted Creamery Butter,Espresso Roast Coffee Beans,Organic Whole Milk + Salted Creamery Butter ➔ Espresso Roast Coffee Beans,0.0946,0.8523,3.614,0.0684,5.172,0.111,0.2358
['Espresso Roast Coffee Beans'],"['Organic Whole Milk', 'Salted Creamery Butter']",Espresso Roast Coffee Beans,Organic Whole Milk + Salted Creamery Butter,Espresso Roast Coffee Beans ➔ Organic Whole Milk + Salted Creamery Butter,0.0946,0.4012,3.614,0.0684,1.485,0.2358,0.111
"['Artisanal Sourdough Bread', 'Organic Strawberry Jam', 'Organic Whole Milk']",['Organic Bananas'],Artisanal Sourdough Bread + Organic Strawberry Jam + Organic Whole Milk,Organic Bananas,Artisanal Sourdough Bread + Organic Strawberry Jam + Organic Whole Milk ➔ Organic Bananas,0.0387,0.5368,3.612,0.028,1.838,0.0721,0.1486
"['Grade A Large Pasture Eggs', 'Madagascar Vanilla Syrup', 'Salted Creamery Butter']",['Barista Oat Milk'],Grade A Large Pasture Eggs + Madagascar Vanilla Syrup + Salted Creamery Butter,Barista Oat Milk,Grade A Large Pasture Eggs + Madagascar Vanilla Syrup + Salted Creamery Butter ➔ Barista Oat Milk,0.0309,0.5328,3.609,0.0223,1.824,0.058,0.1476
"['Organic Tortilla Chips', 'Sparkling Mineral Water']",['Mild Chunky Salsa'],Organic Tortilla Chips + Sparkling Mineral Water,Mild Chunky Salsa,Organic Tortilla Chips + Sparkling Mineral Water ➔ Mild Chunky Salsa,0.0523,0.4939,3.607,0.0378,1.705,0.1059,0.1369
['Mild Chunky Salsa'],"['Organic Tortilla Chips', 'Sparkling Mineral Water']",Mild Chunky Salsa,Organic Tortilla Chips + Sparkling Mineral Water,Mild Chunky Salsa ➔ Organic Tortilla Chips + Sparkling Mineral Water,0.0523,0.382,3.607,0.0378,1.447,0.1369,0.1059
"['Barista Oat Milk', 'Madagascar Vanilla Syrup', 'Salted Creamery Butter']",['Grade A Large Pasture Eggs'],Barista Oat Milk + Madagascar Vanilla Syrup + Salted Creamery Butter,Grade A Large Pasture Eggs,Barista Oat Milk + Madagascar Vanilla Syrup + Salted Creamery Butter ➔ Grade A Large Pasture Eggs,0.0309,0.9115,3.604,0.0223,8.442,0.0339,0.2529
['Oven Roasted Turkey Breast'],['Roasted Salted Almonds'],Oven Roasted Turkey Breast,Roasted Salted Almonds,Oven Roasted Turkey Breast ➔ Roasted Salted Almonds,0.0546,0.4498,3.604,0.0394,1.591,0.1214,0.1248
['Roasted Salted Almonds'],['Oven Roasted Turkey Breast'],Roasted Salted Almonds,Oven Roasted Turkey Breast,Roasted Salted Almonds ➔ Oven Roasted Turkey Breast,0.0546,0.4375,3.604,0.0394,1.562,0.1248,0.1214
"['Fresh Organic Cilantro', 'Roma Tomatoes']",['Mild Chunky Salsa'],Fresh Organic Cilantro + Roma Tomatoes,Mild Chunky Salsa,Fresh Organic Cilantro + Roma Tomatoes ➔ Mild Chunky Salsa,0.0538,0.4931,3.602,0.0389,1.703,0.1091,0.1369
['Mild Chunky Salsa'],"['Fresh Organic Cilantro', 'Roma Tomatoes']",Mild Chunky Salsa,Fresh Organic Cilantro + Roma Tomatoes,Mild Chunky Salsa ➔ Fresh Organic Cilantro + Roma Tomatoes,0.0538,0.393,3.602,0.0389,1.468,0.1369,0.1091
"['Artisanal Sourdough Bread', 'Grade A Large Pasture Eggs', 'Organic Whole Milk']",['Espresso Roast Coffee Beans'],Artisanal Sourdough Bread + Grade A Large Pasture Eggs + Organic Whole Milk,Espresso Roast Coffee Beans,Artisanal Sourdough Bread + Grade A Large Pasture Eggs + Organic Whole Milk ➔ Espresso Roast Coffee Beans,0.0932,0.8488,3.6,0.0673,5.055,0.1098,0.2358
['Espresso Roast Coffee Beans'],"['Artisanal Sourdough Bread', 'Grade A Large Pasture Eggs', 'Organic Whole Milk']",Espresso Roast Coffee Beans,Artisanal Sourdough Bread + Grade A Large Pasture Eggs + Organic Whole Milk,Espresso Roast Coffee Beans ➔ Artisanal Sourdough Bread + Grade A Large Pasture Eggs + Organic Whole Milk,0.0932,0.3953,3.6,0.0673,1.472,0.2358,0.1098
"['Artisanal Sourdough Bread', 'Grade A Large Pasture Eggs', 'Salted Creamery Butter']",['Barista Oat Milk'],Artisanal Sourdough Bread + Grade A Large Pasture Eggs + Salted Creamery Butter,Barista Oat Milk,Artisanal Sourdough Bread + Grade A Large Pasture Eggs + Salted Creamery Butter ➔ Barista Oat Milk,0.032,0.5307,3.595,0.0231,1.816,0.0603,0.1476
"['Artisanal Sourdough Bread', 'Salted Creamery Butter']","['Barista Oat Milk', 'Organic Whole Milk']",Artisanal Sourdough Bread + Salted Creamery Butter,Barista Oat Milk + Organic Whole Milk,Artisanal Sourdough Bread + Salted Creamery Butter ➔ Barista Oat Milk + Organic Whole Milk,0.0314,0.4073,3.588,0.0226,1.496,0.0771,0.1135
['72% Dark Chocolate Bar'],['Slow-Simmered Marinara'],72% Dark Chocolate Bar,Slow-Simmered Marinara,72% Dark Chocolate Bar ➔ Slow-Simmered Marinara,0.0957,0.7217,3.585,0.069,2.87,0.1326,0.2013
['Slow-Simmered Marinara'],['72% Dark Chocolate Bar'],Slow-Simmered Marinara,72% Dark Chocolate Bar,Slow-Simmered Marinara ➔ 72% Dark Chocolate Bar,0.0957,0.4754,3.585,0.069,1.653,0.2013,0.1326
"['Espresso Roast Coffee Beans', 'Madagascar Vanilla Syrup']",['Barista Oat Milk'],Espresso Roast Coffee Beans + Madagascar Vanilla Syrup,Barista Oat Milk,Espresso Roast Coffee Beans + Madagascar Vanilla Syrup ➔ Barista Oat Milk,0.0611,0.5281,3.578,0.044,1.806,0.1157,0.1476
['Barista Oat Milk'],"['Espresso Roast Coffee Beans', 'Madagascar Vanilla Syrup']",Barista Oat Milk,Espresso Roast Coffee Beans + Madagascar Vanilla Syrup,Barista Oat Milk ➔ Espresso Roast Coffee Beans + Madagascar Vanilla Syrup,0.0611,0.414,3.578,0.044,1.509,0.1476,0.1157
"['Artisanal Sourdough Bread', 'Salted Creamery Butter']","['Grade A Large Pasture Eggs', 'Madagascar Vanilla Syrup']",Artisanal Sourdough Bread + Salted Creamery Butter,Grade A Large Pasture Eggs + Madagascar Vanilla Syrup,Artisanal Sourdough Bread + Salted Creamery Butter ➔ Grade A Large Pasture Eggs + Madagascar Vanilla Syrup,0.0321,0.4163,3.577,0.0231,1.514,0.0771,0.1164
['Barista Oat Milk'],"['Espresso Roast Coffee Beans', 'Grade A Large Pasture Eggs']",Barista Oat Milk,Espresso Roast Coffee Beans + Grade A Large Pasture Eggs,Barista Oat Milk ➔ Espresso Roast Coffee Beans + Grade A Large Pasture Eggs,0.0988,0.6694,3.576,0.0712,2.458,0.1476,0.1872
"['Espresso Roast Coffee Beans', 'Grade A Large Pasture Eggs']",['Barista Oat Milk'],Espresso Roast Coffee Beans + Grade A Large Pasture Eggs,Barista Oat Milk,Espresso Roast Coffee Beans + Grade A Large Pasture Eggs ➔ Barista Oat Milk,0.0988,0.5278,3.576,0.0712,1.805,0.1872,0.1476
"['Madagascar Vanilla Syrup', 'Organic Whole Milk', 'Salted Creamery Butter']",['Grade A Large Pasture Eggs'],Madagascar Vanilla Syrup + Organic Whole Milk + Salted Creamery Butter,Grade A Large Pasture Eggs,Madagascar Vanilla Syrup + Organic Whole Milk + Salted Creamery Butter ➔ Grade A Large Pasture Eggs,0.0518,0.904,3.575,0.0373,7.783,0.0573,0.2529
"['Grade A Large Pasture Eggs', 'Salted Creamery Butter']",['Barista Oat Milk'],Grade A Large Pasture Eggs + Salted Creamery Butter,Barista Oat Milk,Grade A Large Pasture Eggs + Salted Creamery Butter ➔ Barista Oat Milk,0.0576,0.5275,3.574,0.0415,1.804,0.1092,0.1476
['Barista Oat Milk'],"['Grade A Large Pasture Eggs', 'Salted Creamery Butter']",Barista Oat Milk,Grade A Large Pasture Eggs + Salted Creamery Butter,Barista Oat Milk ➔ Grade A Large Pasture Eggs + Salted Creamery Butter,0.0576,0.3902,3.574,0.0415,1.461,0.1476,0.1092
"['Artisanal Sourdough Bread', 'Creamy Peanut Butter']",['Organic Bananas'],Artisanal Sourdough Bread + Creamy Peanut Butter,Organic Bananas,Artisanal Sourdough Bread + Creamy Peanut Butter ➔ Organic Bananas,0.0698,0.5304,3.569,0.0502,1.813,0.1316,0.1486
['Organic Bananas'],"['Artisanal Sourdough Bread', 'Creamy Peanut Butter']",Organic Bananas,Artisanal Sourdough Bread + Creamy Peanut Butter,Organic Bananas ➔ Artisanal Sourdough Bread + Creamy Peanut Butter,0.0698,0.4697,3.569,0.0502,1.638,0.1486,0.1316
"['Espresso Roast Coffee Beans', 'Grade A Large Pasture Eggs', 'Madagascar Vanilla Syrup']",['Barista Oat Milk'],Espresso Roast Coffee Beans + Grade A Large Pasture Eggs + Madagascar Vanilla Syrup,Barista Oat Milk,Espresso Roast Coffee Beans + Grade A Large Pasture Eggs + Madagascar Vanilla Syrup ➔ Barista Oat Milk,0.0546,0.5265,3.567,0.0393,1.8,0.1037,0.1476
['Barista Oat Milk'],"['Espresso Roast Coffee Beans', 'Grade A Large Pasture Eggs', 'Madagascar Vanilla Syrup']",Barista Oat Milk,Espresso Roast Coffee Beans + Grade A Large Pasture Eggs + Madagascar Vanilla Syrup,Barista Oat Milk ➔ Espresso Roast Coffee Beans + Grade A Large Pasture Eggs + Madagascar Vanilla Syrup,0.0546,0.3699,3.567,0.0393,1.423,0.1476,0.1037
"['Espresso Roast Coffee Beans', 'Madagascar Vanilla Syrup', 'Organic Whole Milk']",['Grade A Large Pasture Eggs'],Espresso Roast Coffee Beans + Madagascar Vanilla Syrup + Organic Whole Milk,Grade A Large Pasture Eggs,Espresso Roast Coffee Beans + Madagascar Vanilla Syrup + Organic Whole Milk ➔ Grade A Large Pasture Eggs,0.0937,0.901,3.563,0.0674,7.544,0.104,0.2529
"['Espresso Roast Coffee Beans', 'Salted Creamery Butter']",['Barista Oat Milk'],Espresso Roast Coffee Beans + Salted Creamery Butter,Barista Oat Milk,Espresso Roast Coffee Beans + Salted Creamery Butter ➔ Barista Oat Milk,0.0569,0.5259,3.563,0.0409,1.798,0.1082,0.1476
['Barista Oat Milk'],"['Espresso Roast Coffee Beans', 'Salted Creamery Butter']",Barista Oat Milk,Espresso Roast Coffee Beans + Salted Creamery Butter,Barista Oat Milk ➔ Espresso Roast Coffee Beans + Salted Creamery Butter,0.0569,0.3855,3.563,0.0409,1.451,0.1476,0.1082
['Grade A Large Pasture Eggs'],"['Espresso Roast Coffee Beans', 'Madagascar Vanilla Syrup', 'Organic Whole Milk']",Grade A Large Pasture Eggs,Espresso Roast Coffee Beans + Madagascar Vanilla Syrup + Organic Whole Milk,Grade A Large Pasture Eggs ➔ Espresso Roast Coffee Beans + Madagascar Vanilla Syrup + Organic Whole Milk,0.0937,0.3705,3.563,0.0674,1.423,0.2529,0.104
"['Organic Strawberry Jam', 'Sea Salt Kettle Chips']",['Organic Bananas'],Organic Strawberry Jam + Sea Salt Kettle Chips,Organic Bananas,Organic Strawberry Jam + Sea Salt Kettle Chips ➔ Organic Bananas,0.0406,0.5293,3.562,0.0292,1.809,0.0767,0.1486
"['Espresso Roast Coffee Beans', 'Madagascar Vanilla Syrup', 'Salted Creamery Butter']",['Grade A Large Pasture Eggs'],Espresso Roast Coffee Beans + Madagascar Vanilla Syrup + Salted Creamery Butter,Grade A Large Pasture Eggs,Espresso Roast Coffee Beans + Madagascar Vanilla Syrup + Salted Creamery Butter ➔ Grade A Large Pasture Eggs,0.0522,0.9,3.559,0.0375,7.471,0.058,0.2529
"['Artisanal Sourdough Bread', 'Barista Oat Milk', 'Grade A Large Pasture Eggs']",['Salted Creamery Butter'],Artisanal Sourdough Bread + Barista Oat Milk + Grade A Large Pasture Eggs,Salted Creamery Butter,Artisanal Sourdough Bread + Barista Oat Milk + Grade A Large Pasture Eggs ➔ Salted Creamery Butter,0.032,0.5203,3.557,0.023,1.78,0.0615,0.1463
['Barista Oat Milk'],"['Espresso Roast Coffee Beans', 'Grade A Large Pasture Eggs', 'Organic Whole Milk']",Barista Oat Milk,Espresso Roast Coffee Beans + Grade A Large Pasture Eggs + Organic Whole Milk,Barista Oat Milk ➔ Espresso Roast Coffee Beans + Grade A Large Pasture Eggs + Organic Whole Milk,0.0875,0.5928,3.554,0.0629,2.046,0.1476,0.1668
"['Espresso Roast Coffee Beans', 'Grade A Large Pasture Eggs', 'Organic Whole Milk']",['Barista Oat Milk'],Espresso Roast Coffee Beans + Grade A Large Pasture Eggs + Organic Whole Milk,Barista Oat Milk,Espresso Roast Coffee Beans + Grade A Large Pasture Eggs + Organic Whole Milk ➔ Barista Oat Milk,0.0875,0.5246,3.554,0.0629,1.793,0.1668,0.1476
"['Espresso Roast Coffee Beans', 'Madagascar Vanilla Syrup', 'Organic Whole Milk']",['Barista Oat Milk'],Espresso Roast Coffee Beans + Madagascar Vanilla Syrup + Organic Whole Milk,Barista Oat Milk,Espresso Roast Coffee Beans + Madagascar Vanilla Syrup + Organic Whole Milk ➔ Barista Oat Milk,0.0545,0.524,3.55,0.0391,1.791,0.104,0.1476
['Barista Oat Milk'],"['Espresso Roast Coffee Beans', 'Madagascar Vanilla Syrup', 'Organic Whole Milk']",Barista Oat Milk,Espresso Roast Coffee Beans + Madagascar Vanilla Syrup + Organic Whole Milk,Barista Oat Milk ➔ Espresso Roast Coffee Beans + Madagascar Vanilla Syrup + Organic Whole Milk,0.0545,0.3692,3.55,0.0391,1.421,0.1476,0.104
"['Artisanal Sourdough Bread', 'Salted Creamery Butter']","['Grade A Large Pasture Eggs', 'Organic Whole Milk']",Artisanal Sourdough Bread + Salted Creamery Butter,Grade A Large Pasture Eggs + Organic Whole Milk,Artisanal Sourdough Bread + Salted Creamery Butter ➔ Grade A Large Pasture Eggs + Organic Whole Milk,0.0532,0.69,3.549,0.0382,2.599,0.0771,0.1944
"['Artisanal Sourdough Bread', 'Organic Whole Milk', 'Salted Creamery Butter']",['Madagascar Vanilla Syrup'],Artisanal Sourdough Bread + Organic Whole Milk + Salted Creamery Butter,Madagascar Vanilla Syrup,Artisanal Sourdough Bread + Organic Whole Milk + Salted Creamery Butter ➔ Madagascar Vanilla Syrup,0.032,0.5055,3.545,0.023,1.734,0.0633,0.1426
"['Espresso Roast Coffee Beans', 'Madagascar Vanilla Syrup']",['Grade A Large Pasture Eggs'],Espresso Roast Coffee Beans + Madagascar Vanilla Syrup,Grade A Large Pasture Eggs,Espresso Roast Coffee Beans + Madagascar Vanilla Syrup ➔ Grade A Large Pasture Eggs,0.1037,0.8963,3.544,0.0744,7.203,0.1157,0.2529
"['Artisanal Sourdough Bread', 'Madagascar Vanilla Syrup']",['Espresso Roast Coffee Beans'],Artisanal Sourdough Bread + Madagascar Vanilla Syrup,Espresso Roast Coffee Beans,Artisanal Sourdough Bread + Madagascar Vanilla Syrup ➔ Espresso Roast Coffee Beans,0.0651,0.8357,3.544,0.0467,4.651,0.0779,0.2358
"['Barista Oat Milk', 'Grade A Large Pasture Eggs', 'Madagascar Vanilla Syrup']",['Salted Creamery Butter'],Barista Oat Milk + Grade A Large Pasture Eggs + Madagascar Vanilla Syrup,Salted Creamery Butter,Barista Oat Milk + Grade A Large Pasture Eggs + Madagascar Vanilla Syrup ➔ Salted Creamery Butter,0.0309,0.5185,3.544,0.0222,1.773,0.0596,0.1463
['Grade A Large Pasture Eggs'],"['Espresso Roast Coffee Beans', 'Madagascar Vanilla Syrup']",Grade A Large Pasture Eggs,Espresso Roast Coffee Beans + Madagascar Vanilla Syrup,Grade A Large Pasture Eggs ➔ Espresso Roast Coffee Beans + Madagascar Vanilla Syrup,0.1037,0.41,3.544,0.0744,1.499,0.2529,0.1157
"['Grade A Large Pasture Eggs', 'Organic Whole Milk', 'Salted Creamery Butter']",['Barista Oat Milk'],Grade A Large Pasture Eggs + Organic Whole Milk + Salted Creamery Butter,Barista Oat Milk,Grade A Large Pasture Eggs + Organic Whole Milk + Salted Creamery Butter ➔ Barista Oat Milk,0.0495,0.5227,3.541,0.0355,1.786,0.0947,0.1476
"['Madagascar Vanilla Syrup', 'Salted Creamery Butter']",['Barista Oat Milk'],Madagascar Vanilla Syrup + Salted Creamery Butter,Barista Oat Milk,Madagascar Vanilla Syrup + Salted Creamery Butter ➔ Barista Oat Milk,0.0339,0.5223,3.539,0.0243,1.785,0.0649,0.1476
"['Artisanal Sourdough Bread', 'Espresso Roast Coffee Beans', 'Madagascar Vanilla Syrup']",['Barista Oat Milk'],Artisanal Sourdough Bread + Espresso Roast Coffee Beans + Madagascar Vanilla Syrup,Barista Oat Milk,Artisanal Sourdough Bread + Espresso Roast Coffee Beans + Madagascar Vanilla Syrup ➔ Barista Oat Milk,0.034,0.5223,3.538,0.0244,1.784,0.0651,0.1476
"['Espresso Roast Coffee Beans', 'Organic Whole Milk', 'Salted Creamery Butter']",['Barista Oat Milk'],Espresso Roast Coffee Beans + Organic Whole Milk + Salted Creamery Butter,Barista Oat Milk,Espresso Roast Coffee Beans + Organic Whole Milk + Salted Creamery Butter ➔ Barista Oat Milk,0.0494,0.5222,3.538,0.0354,1.784,0.0946,0.1476
"['Artisanal Sourdough Bread', 'Extra Virgin Olive Oil']",['Slow-Simmered Marinara'],Artisanal Sourdough Bread + Extra Virgin Olive Oil,Slow-Simmered Marinara,Artisanal Sourdough Bread + Extra Virgin Olive Oil ➔ Slow-Simmered Marinara,0.0513,0.7115,3.535,0.0368,2.769,0.0721,0.2013
"['Madagascar Vanilla Syrup', 'Salted Creamery Butter']",['Grade A Large Pasture Eggs'],Madagascar Vanilla Syrup + Salted Creamery Butter,Grade A Large Pasture Eggs,Madagascar Vanilla Syrup + Salted Creamery Butter ➔ Grade A Large Pasture Eggs,0.058,0.8937,3.534,0.0416,7.027,0.0649,0.2529
"['Barista Oat Milk', 'Espresso Roast Coffee Beans', 'Madagascar Vanilla Syrup']",['Grade A Large Pasture Eggs'],Barista Oat Milk + Espresso Roast Coffee Beans + Madagascar Vanilla Syrup,Grade A Large Pasture Eggs,Barista Oat Milk + Espresso Roast Coffee Beans + Madagascar Vanilla Syrup ➔ Grade A Large Pasture Eggs,0.0546,0.8936,3.533,0.0391,7.023,0.0611,0.2529
"['Barista Oat Milk', 'Madagascar Vanilla Syrup', 'Organic Whole Milk']",['Grade A Large Pasture Eggs'],Barista Oat Milk + Madagascar Vanilla Syrup + Organic Whole Milk,Grade A Large Pasture Eggs,Barista Oat Milk + Madagascar Vanilla Syrup + Organic Whole Milk ➔ Grade A Large Pasture Eggs,0.0531,0.8924,3.529,0.0381,6.946,0.0595,0.2529
"['Organic Hass Avocados', 'Organic Tortilla Chips', 'Roma Tomatoes']",['Mild Chunky Salsa'],Organic Hass Avocados + Organic Tortilla Chips + Roma Tomatoes,Mild Chunky Salsa,Organic Hass Avocados + Organic Tortilla Chips + Roma Tomatoes ➔ Mild Chunky Salsa,0.0461,0.4827,3.526,0.033,1.669,0.0955,0.1369
"['Artisanal Sourdough Bread', 'Salted Creamery Butter']","['Madagascar Vanilla Syrup', 'Organic Whole Milk']",Artisanal Sourdough Bread + Salted Creamery Butter,Madagascar Vanilla Syrup + Organic Whole Milk,Artisanal Sourdough Bread + Salted Creamery Butter ➔ Madagascar Vanilla Syrup + Organic Whole Milk,0.032,0.415,3.517,0.0229,1.508,0.0771,0.118
"['Artisanal Sourdough Bread', 'Espresso Roast Coffee Beans', 'Grade A Large Pasture Eggs']",['Barista Oat Milk'],Artisanal Sourdough Bread + Espresso Roast Coffee Beans + Grade A Large Pasture Eggs,Barista Oat Milk,Artisanal Sourdough Bread + Espresso Roast Coffee Beans + Grade A Large Pasture Eggs ➔ Barista Oat Milk,0.0539,0.5188,3.515,0.0386,1.771,0.1039,0.1476
['Barista Oat Milk'],"['Artisanal Sourdough Bread', 'Espresso Roast Coffee Beans', 'Grade A Large Pasture Eggs']",Barista Oat Milk,Artisanal Sourdough Bread + Espresso Roast Coffee Beans + Grade A Large Pasture Eggs,Barista Oat Milk ➔ Artisanal Sourdough Bread + Espresso Roast Coffee Beans + Grade A Large Pasture Eggs,0.0539,0.3652,3.515,0.0386,1.412,0.1476,0.1039
"['Organic Strawberry Jam', 'Organic Whole Milk']",['Organic Bananas'],Organic Strawberry Jam + Organic Whole Milk,Organic Bananas,Organic Strawberry Jam + Organic Whole Milk ➔ Organic Bananas,0.0447,0.5222,3.514,0.032,1.782,0.0856,0.1486
['Fresh Limes'],['Organic Tortilla Chips'],Fresh Limes,Organic Tortilla Chips,Fresh Limes ➔ Organic Tortilla Chips,0.172,0.7808,3.512,0.123,3.547,0.2203,0.2223
['Organic Tortilla Chips'],['Fresh Limes'],Organic Tortilla Chips,Fresh Limes,Organic Tortilla Chips ➔ Fresh Limes,0.172,0.7737,3.512,0.123,3.446,0.2223,0.2203
"['Barista Oat Milk', 'Espresso Roast Coffee Beans', 'Salted Creamery Butter']",['Grade A Large Pasture Eggs'],Barista Oat Milk + Espresso Roast Coffee Beans + Salted Creamery Butter,Grade A Large Pasture Eggs,Barista Oat Milk + Espresso Roast Coffee Beans + Salted Creamery Butter ➔ Grade A Large Pasture Eggs,0.0505,0.8875,3.509,0.0361,6.642,0.0569,0.2529
"['Barista Oat Milk', 'Espresso Roast Coffee Beans', 'Organic Whole Milk']",['Grade A Large Pasture Eggs'],Barista Oat Milk + Espresso Roast Coffee Beans + Organic Whole Milk,Grade A Large Pasture Eggs,Barista Oat Milk + Espresso Roast Coffee Beans + Organic Whole Milk ➔ Grade A Large Pasture Eggs,0.0875,0.8874,3.509,0.0626,6.636,0.0986,0.2529
"['Artisanal Sourdough Bread', 'Espresso Roast Coffee Beans', 'Salted Creamery Butter']",['Barista Oat Milk'],Artisanal Sourdough Bread + Espresso Roast Coffee Beans + Salted Creamery Butter,Barista Oat Milk,Artisanal Sourdough Bread + Espresso Roast Coffee Beans + Salted Creamery Butter ➔ Barista Oat Milk,0.0318,0.5179,3.509,0.0227,1.768,0.0614,0.1476
"['Artisanal Sourdough Bread', 'Madagascar Vanilla Syrup', 'Salted Creamery Butter']",['Grade A Large Pasture Eggs'],Artisanal Sourdough Bread + Madagascar Vanilla Syrup + Salted Creamery Butter,Grade A Large Pasture Eggs,Artisanal Sourdough Bread + Madagascar Vanilla Syrup + Salted Creamery Butter ➔ Grade A Large Pasture Eggs,0.0321,0.8867,3.506,0.0229,6.596,0.0362,0.2529
"['Artisanal Sourdough Bread', 'Barista Oat Milk', 'Salted Creamery Butter']",['Grade A Large Pasture Eggs'],Artisanal Sourdough Bread + Barista Oat Milk + Salted Creamery Butter,Grade A Large Pasture Eggs,Artisanal Sourdough Bread + Barista Oat Milk + Salted Creamery Butter ➔ Grade A Large Pasture Eggs,0.032,0.8864,3.505,0.0229,6.578,0.0361,0.2529
"['Madagascar Vanilla Syrup', 'Organic Whole Milk']",['Grade A Large Pasture Eggs'],Madagascar Vanilla Syrup + Organic Whole Milk,Grade A Large Pasture Eggs,Madagascar Vanilla Syrup + Organic Whole Milk ➔ Grade A Large Pasture Eggs,0.1045,0.8856,3.502,0.0747,6.53,0.118,0.2529
['Grade A Large Pasture Eggs'],"['Madagascar Vanilla Syrup', 'Organic Whole Milk']",Grade A Large Pasture Eggs,Madagascar Vanilla Syrup + Organic Whole Milk,Grade A Large Pasture Eggs ➔ Madagascar Vanilla Syrup + Organic Whole Milk,0.1045,0.4132,3.502,0.0747,1.503,0.2529,0.118
"['Artisanal Sourdough Bread', 'Barista Oat Milk', 'Madagascar Vanilla Syrup']",['Grade A Large Pasture Eggs'],Artisanal Sourdough Bread + Barista Oat Milk + Madagascar Vanilla Syrup,Grade A Large Pasture Eggs,Artisanal Sourdough Bread + Barista Oat Milk + Madagascar Vanilla Syrup ➔ Grade A Large Pasture Eggs,0.0331,0.885,3.5,0.0236,6.498,0.0374,0.2529
"['Artisanal Sourdough Bread', 'Espresso Roast Coffee Beans', 'Grade A Large Pasture Eggs']",['Salted Creamery Butter'],Artisanal Sourdough Bread + Espresso Roast Coffee Beans + Grade A Large Pasture Eggs,Salted Creamery Butter,Artisanal Sourdough Bread + Espresso Roast Coffee Beans + Grade A Large Pasture Eggs ➔ Salted Creamery Butter,0.0532,0.512,3.5,0.038,1.749,0.1039,0.1463
['Salted Creamery Butter'],"['Artisanal Sourdough Bread', 'Espresso Roast Coffee Beans', 'Grade A Large Pasture Eggs']",Salted Creamery Butter,Artisanal Sourdough Bread + Espresso Roast Coffee Beans + Grade A Large Pasture Eggs,Salted Creamery Butter ➔ Artisanal Sourdough Bread + Espresso Roast Coffee Beans + Grade A Large Pasture Eggs,0.0532,0.3636,3.5,0.038,1.408,0.1463,0.1039
"['Espresso Roast Coffee Beans', 'Organic Whole Milk', 'Salted Creamery Butter']",['Grade A Large Pasture Eggs'],Espresso Roast Coffee Beans + Organic Whole Milk + Salted Creamery Butter,Grade A Large Pasture Eggs,Espresso Roast Coffee Beans + Organic Whole Milk + Salted Creamery Butter ➔ Grade A Large Pasture Eggs,0.0837,0.8848,3.499,0.0598,6.484,0.0946,0.2529
['Barista Oat Milk'],"['Espresso Roast Coffee Beans', 'Organic Whole Milk']",Barista Oat Milk,Espresso Roast Coffee Beans + Organic Whole Milk,Barista Oat Milk ➔ Espresso Roast Coffee Beans + Organic Whole Milk,0.0986,0.668,3.499,0.0704,2.437,0.1476,0.1909
"['Espresso Roast Coffee Beans', 'Organic Whole Milk']",['Barista Oat Milk'],Espresso Roast Coffee Beans + Organic Whole Milk,Barista Oat Milk,Espresso Roast Coffee Beans + Organic Whole Milk ➔ Barista Oat Milk,0.0986,0.5165,3.499,0.0704,1.763,0.1909,0.1476
"['Barista Oat Milk', 'Organic Whole Milk', 'Salted Creamery Butter']",['Grade A Large Pasture Eggs'],Barista Oat Milk + Organic Whole Milk + Salted Creamery Butter,Grade A Large Pasture Eggs,Barista Oat Milk + Organic Whole Milk + Salted Creamery Butter ➔ Grade A Large Pasture Eggs,0.0495,0.8839,3.495,0.0353,6.437,0.056,0.2529
"['Creamy Peanut Butter', 'Organic Whole Milk']",['Organic Bananas'],Creamy Peanut Butter + Organic Whole Milk,Organic Bananas,Creamy Peanut Butter + Organic Whole Milk ➔ Organic Bananas,0.0455,0.5194,3.495,0.0325,1.772,0.0876,0.1486
"['Artisanal Sourdough Bread', 'Barista Oat Milk', 'Espresso Roast Coffee Beans']",['Salted Creamery Butter'],Artisanal Sourdough Bread + Barista Oat Milk + Espresso Roast Coffee Beans,Salted Creamery Butter,Artisanal Sourdough Bread + Barista Oat Milk + Espresso Roast Coffee Beans ➔ Salted Creamery Butter,0.0318,0.5113,3.495,0.0227,1.747,0.0622,0.1463
"['Barista Oat Milk', 'Espresso Roast Coffee Beans', 'Grade A Large Pasture Eggs']",['Salted Creamery Butter'],Barista Oat Milk + Espresso Roast Coffee Beans + Grade A Large Pasture Eggs,Salted Creamery Butter,Barista Oat Milk + Espresso Roast Coffee Beans + Grade A Large Pasture Eggs ➔ Salted Creamery Butter,0.0505,0.5111,3.494,0.036,1.746,0.0988,0.1463
"['Organic Tortilla Chips', 'Roma Tomatoes']",['Mild Chunky Salsa'],Organic Tortilla Chips + Roma Tomatoes,Mild Chunky Salsa,Organic Tortilla Chips + Roma Tomatoes ➔ Mild Chunky Salsa,0.0527,0.4782,3.493,0.0376,1.654,0.1102,0.1369
['Mild Chunky Salsa'],"['Organic Tortilla Chips', 'Roma Tomatoes']",Mild Chunky Salsa,Organic Tortilla Chips + Roma Tomatoes,Mild Chunky Salsa ➔ Organic Tortilla Chips + Roma Tomatoes,0.0527,0.385,3.493,0.0376,1.447,0.1369,0.1102
"['Barista Oat Milk', 'Madagascar Vanilla Syrup']",['Grade A Large Pasture Eggs'],Barista Oat Milk + Madagascar Vanilla Syrup,Grade A Large Pasture Eggs,Barista Oat Milk + Madagascar Vanilla Syrup ➔ Grade A Large Pasture Eggs,0.0596,0.883,3.491,0.0425,6.383,0.0675,0.2529
"['Artisanal Sourdough Bread', 'Espresso Roast Coffee Beans', 'Madagascar Vanilla Syrup']",['Grade A Large Pasture Eggs'],Artisanal Sourdough Bread + Espresso Roast Coffee Beans + Madagascar Vanilla Syrup,Grade A Large Pasture Eggs,Artisanal Sourdough Bread + Espresso Roast Coffee Beans + Madagascar Vanilla Syrup ➔ Grade A Large Pasture Eggs,0.0574,0.8817,3.486,0.0409,6.316,0.0651,0.2529
"['Barista Oat Milk', 'Grade A Large Pasture Eggs']",['Salted Creamery Butter'],Barista Oat Milk + Grade A Large Pasture Eggs,Salted Creamery Butter,Barista Oat Milk + Grade A Large Pasture Eggs ➔ Salted Creamery Butter,0.0576,0.5097,3.484,0.0411,1.741,0.113,0.1463
['Salted Creamery Butter'],"['Barista Oat Milk', 'Grade A Large Pasture Eggs']",Salted Creamery Butter,Barista Oat Milk + Grade A Large Pasture Eggs,Salted Creamery Butter ➔ Barista Oat Milk + Grade A Large Pasture Eggs,0.0576,0.3937,3.484,0.0411,1.463,0.1463,0.113
"['Barista Oat Milk', 'Salted Creamery Butter']",['Grade A Large Pasture Eggs'],Barista Oat Milk + Salted Creamery Butter,Grade A Large Pasture Eggs,Barista Oat Milk + Salted Creamery Butter ➔ Grade A Large Pasture Eggs,0.0576,0.8807,3.483,0.0411,6.264,0.0654,0.2529
['72% Dark Chocolate Bar'],['Penne Rigate Pasta'],72% Dark Chocolate Bar,Penne Rigate Pasta,72% Dark Chocolate Bar ➔ Penne Rigate Pasta,0.0965,0.7278,3.482,0.0688,2.905,0.1326,0.209
['Penne Rigate Pasta'],['72% Dark Chocolate Bar'],Penne Rigate Pasta,72% Dark Chocolate Bar,Penne Rigate Pasta ➔ 72% Dark Chocolate Bar,0.0965,0.4617,3.482,0.0688,1.611,0.209,0.1326
"['Barista Oat Milk', 'Espresso Roast Coffee Beans', 'Madagascar Vanilla Syrup']",['Salted Creamery Butter'],Barista Oat Milk + Espresso Roast Coffee Beans + Madagascar Vanilla Syrup,Salted Creamery Butter,Barista Oat Milk + Espresso Roast Coffee Beans + Madagascar Vanilla Syrup ➔ Salted Creamery Butter,0.0311,0.509,3.479,0.0222,1.739,0.0611,0.1463
"['Artisanal Sourdough Bread', 'Grade A Large Pasture Eggs', 'Madagascar Vanilla Syrup']",['Barista Oat Milk'],Artisanal Sourdough Bread + Grade A Large Pasture Eggs + Madagascar Vanilla Syrup,Barista Oat Milk,Artisanal Sourdough Bread + Grade A Large Pasture Eggs + Madagascar Vanilla Syrup ➔ Barista Oat Milk,0.0331,0.5132,3.477,0.0236,1.751,0.0645,0.1476
"['Barista Oat Milk', 'Espresso Roast Coffee Beans']",['Grade A Large Pasture Eggs'],Barista Oat Milk + Espresso Roast Coffee Beans,Grade A Large Pasture Eggs,Barista Oat Milk + Espresso Roast Coffee Beans ➔ Grade A Large Pasture Eggs,0.0988,0.879,3.476,0.0704,6.175,0.1124,0.2529
['Grade A Large Pasture Eggs'],"['Barista Oat Milk', 'Espresso Roast Coffee Beans']",Grade A Large Pasture Eggs,Barista Oat Milk + Espresso Roast Coffee Beans,Grade A Large Pasture Eggs ➔ Barista Oat Milk + Espresso Roast Coffee Beans,0.0988,0.3907,3.476,0.0704,1.457,0.2529,0.1124
"['Grade A Large Pasture Eggs', 'Madagascar Vanilla Syrup']",['Barista Oat Milk'],Grade A Large Pasture Eggs + Madagascar Vanilla Syrup,Barista Oat Milk,Grade A Large Pasture Eggs + Madagascar Vanilla Syrup ➔ Barista Oat Milk,0.0596,0.512,3.469,0.0424,1.747,0.1164,0.1476
['Barista Oat Milk'],"['Grade A Large Pasture Eggs', 'Madagascar Vanilla Syrup']",Barista Oat Milk,Grade A Large Pasture Eggs + Madagascar Vanilla Syrup,Barista Oat Milk ➔ Grade A Large Pasture Eggs + Madagascar Vanilla Syrup,0.0596,0.4038,3.469,0.0424,1.482,0.1476,0.1164
"['Barista Oat Milk', 'Espresso Roast Coffee Beans']",['Salted Creamery Butter'],Barista Oat Milk + Espresso Roast Coffee Beans,Salted Creamery Butter,Barista Oat Milk + Espresso Roast Coffee Beans ➔ Salted Creamery Butter,0.0569,0.5062,3.46,0.0405,1.729,0.1124,0.1463
['Salted Creamery Butter'],"['Barista Oat Milk', 'Espresso Roast Coffee Beans']",Salted Creamery Butter,Barista Oat Milk + Espresso Roast Coffee Beans,Salted Creamery Butter ➔ Barista Oat Milk + Espresso Roast Coffee Beans,0.0569,0.3889,3.46,0.0405,1.453,0.1463,0.1124
['Mild Chunky Salsa'],['Fresh Organic Cilantro'],Mild Chunky Salsa,Fresh Organic Cilantro,Mild Chunky Salsa ➔ Fresh Organic Cilantro,0.1013,0.74,3.459,0.072,3.023,0.1369,0.2139
['Fresh Organic Cilantro'],['Mild Chunky Salsa'],Fresh Organic Cilantro,Mild Chunky Salsa,Fresh Organic Cilantro ➔ Mild Chunky Salsa,0.1013,0.4736,3.459,0.072,1.64,0.2139,0.1369
"['Espresso Roast Coffee Beans', 'Salted Creamery Butter']",['Grade A Large Pasture Eggs'],Espresso Roast Coffee Beans + Salted Creamery Butter,Grade A Large Pasture Eggs,Espresso Roast Coffee Beans + Salted Creamery Butter ➔ Grade A Large Pasture Eggs,0.0946,0.8743,3.457,0.0672,5.944,0.1082,0.2529
['Grade A Large Pasture Eggs'],"['Espresso Roast Coffee Beans', 'Salted Creamery Butter']",Grade A Large Pasture Eggs,Espresso Roast Coffee Beans + Salted Creamery Butter,Grade A Large Pasture Eggs ➔ Espresso Roast Coffee Beans + Salted Creamery Butter,0.0946,0.3741,3.457,0.0672,1.425,0.2529,0.1082
"['Espresso Roast Coffee Beans', 'Organic Whole Milk']",['Grade A Large Pasture Eggs'],Espresso Roast Coffee Beans + Organic Whole Milk,Grade A Large Pasture Eggs,Espresso Roast Coffee Beans + Organic Whole Milk ➔ Grade A Large Pasture Eggs,0.1668,0.8738,3.455,0.1185,5.918,0.1909,0.2529
['Grade A Large Pasture Eggs'],"['Espresso Roast Coffee Beans', 'Organic Whole Milk']",Grade A Large Pasture Eggs,Espresso Roast Coffee Beans + Organic Whole Milk,Grade A Large Pasture Eggs ➔ Espresso Roast Coffee Beans + Organic Whole Milk,0.1668,0.6595,3.455,0.1185,2.377,0.2529,0.1909
['Salted Creamery Butter'],"['Espresso Roast Coffee Beans', 'Grade A Large Pasture Eggs']",Salted Creamery Butter,Espresso Roast Coffee Beans + Grade A Large Pasture Eggs,Salted Creamery Butter ➔ Espresso Roast Coffee Beans + Grade A Large Pasture Eggs,0.0946,0.6466,3.454,0.0672,2.3,0.1463,0.1872
"['Espresso Roast Coffee Beans', 'Grade A Large Pasture Eggs']",['Salted Creamery Butter'],Espresso Roast Coffee Beans + Grade A Large Pasture Eggs,Salted Creamery Butter,Espresso Roast Coffee Beans + Grade A Large Pasture Eggs ➔ Salted Creamery Butter,0.0946,0.5053,3.454,0.0672,1.726,0.1872,0.1463
"['Artisanal Sourdough Bread', 'Grade A Large Pasture Eggs']",['Madagascar Vanilla Syrup'],Artisanal Sourdough Bread + Grade A Large Pasture Eggs,Madagascar Vanilla Syrup,Artisanal Sourdough Bread + Grade A Large Pasture Eggs ➔ Madagascar Vanilla Syrup,0.0645,0.4924,3.453,0.0458,1.689,0.131,0.1426
['Madagascar Vanilla Syrup'],"['Artisanal Sourdough Bread', 'Grade A Large Pasture Eggs']",Madagascar Vanilla Syrup,Artisanal Sourdough Bread + Grade A Large Pasture Eggs,Madagascar Vanilla Syrup ➔ Artisanal Sourdough Bread + Grade A Large Pasture Eggs,0.0645,0.4523,3.453,0.0458,1.587,0.1426,0.131
"['Fresh Limes', 'Organic Hass Avocados', 'Roma Tomatoes']",['Mild Chunky Salsa'],Fresh Limes + Organic Hass Avocados + Roma Tomatoes,Mild Chunky Salsa,Fresh Limes + Organic Hass Avocados + Roma Tomatoes ➔ Mild Chunky Salsa,0.0456,0.4725,3.452,0.0324,1.636,0.0965,0.1369
['Barista Oat Milk'],"['Grade A Large Pasture Eggs', 'Organic Whole Milk']",Barista Oat Milk,Grade A Large Pasture Eggs + Organic Whole Milk,Barista Oat Milk ➔ Grade A Large Pasture Eggs + Organic Whole Milk,0.0989,0.6701,3.447,0.0702,2.442,0.1476,0.1944
"['Grade A Large Pasture Eggs', 'Organic Whole Milk']",['Barista Oat Milk'],Grade A Large Pasture Eggs + Organic Whole Milk,Barista Oat Milk,Grade A Large Pasture Eggs + Organic Whole Milk ➔ Barista Oat Milk,0.0989,0.5087,3.447,0.0702,1.735,0.1944,0.1476
"['Barista Oat Milk', 'Organic Whole Milk']",['Grade A Large Pasture Eggs'],Barista Oat Milk + Organic Whole Milk,Grade A Large Pasture Eggs,Barista Oat Milk + Organic Whole Milk ➔ Grade A Large Pasture Eggs,0.0989,0.8714,3.445,0.0702,5.808,0.1135,0.2529
['Grade A Large Pasture Eggs'],"['Barista Oat Milk', 'Organic Whole Milk']",Grade A Large Pasture Eggs,Barista Oat Milk + Organic Whole Milk,Grade A Large Pasture Eggs ➔ Barista Oat Milk + Organic Whole Milk,0.0989,0.3911,3.445,0.0702,1.456,0.2529,0.1135
"['Grade A Large Pasture Eggs', 'Madagascar Vanilla Syrup', 'Organic Whole Milk']",['Barista Oat Milk'],Grade A Large Pasture Eggs + Madagascar Vanilla Syrup + Organic Whole Milk,Barista Oat Milk,Grade A Large Pasture Eggs + Madagascar Vanilla Syrup + Organic Whole Milk ➔ Barista Oat Milk,0.0531,0.5081,3.443,0.0377,1.733,0.1045,0.1476
"['Fresh Limes', 'Roma Tomatoes']",['Mild Chunky Salsa'],Fresh Limes + Roma Tomatoes,Mild Chunky Salsa,Fresh Limes + Roma Tomatoes ➔ Mild Chunky Salsa,0.0518,0.4713,3.443,0.0368,1.633,0.1099,0.1369
['Mild Chunky Salsa'],"['Fresh Limes', 'Roma Tomatoes']",Mild Chunky Salsa,Fresh Limes + Roma Tomatoes,Mild Chunky Salsa ➔ Fresh Limes + Roma Tomatoes,0.0518,0.3784,3.443,0.0368,1.432,0.1369,0.1099
['Barista Oat Milk'],"['Grade A Large Pasture Eggs', 'Madagascar Vanilla Syrup', 'Organic Whole Milk']",Barista Oat Milk,Grade A Large Pasture Eggs + Madagascar Vanilla Syrup + Organic Whole Milk,Barista Oat Milk ➔ Grade A Large Pasture Eggs + Madagascar Vanilla Syrup + Organic Whole Milk,0.0531,0.3598,3.443,0.0377,1.399,0.1476,0.1045
['Madagascar Vanilla Syrup'],['Espresso Roast Coffee Beans'],Madagascar Vanilla Syrup,Espresso Roast Coffee Beans,Madagascar Vanilla Syrup ➔ Espresso Roast Coffee Beans,0.1157,0.8114,3.441,0.0821,4.051,0.1426,0.2358
"['Espresso Roast Coffee Beans', 'Grade A Large Pasture Eggs', 'Madagascar Vanilla Syrup']",['Salted Creamery Butter'],Espresso Roast Coffee Beans + Grade A Large Pasture Eggs + Madagascar Vanilla Syrup,Salted Creamery Butter,Espresso Roast Coffee Beans + Grade A Large Pasture Eggs + Madagascar Vanilla Syrup ➔ Salted Creamery Butter,0.0522,0.5034,3.441,0.037,1.719,0.1037,0.1463
['Espresso Roast Coffee Beans'],['Madagascar Vanilla Syrup'],Espresso Roast Coffee Beans,Madagascar Vanilla Syrup,Espresso Roast Coffee Beans ➔ Madagascar Vanilla Syrup,0.1157,0.4907,3.441,0.0821,1.683,0.2358,0.1426
['Salted Creamery Butter'],"['Espresso Roast Coffee Beans', 'Grade A Large Pasture Eggs', 'Madagascar Vanilla Syrup']",Salted Creamery Butter,Espresso Roast Coffee Beans + Grade A Large Pasture Eggs + Madagascar Vanilla Syrup,Salted Creamery Butter ➔ Espresso Roast Coffee Beans + Grade A Large Pasture Eggs + Madagascar Vanilla Syrup,0.0522,0.3568,3.441,0.037,1.394,0.1463,0.1037
"['Artisanal Sourdough Bread', 'Madagascar Vanilla Syrup', 'Organic Whole Milk']",['Grade A Large Pasture Eggs'],Artisanal Sourdough Bread + Madagascar Vanilla Syrup + Organic Whole Milk,Grade A Large Pasture Eggs,Artisanal Sourdough Bread + Madagascar Vanilla Syrup + Organic Whole Milk ➔ Grade A Large Pasture Eggs,0.0582,0.8687,3.435,0.0413,5.688,0.067,0.2529
"['Artisanal Sourdough Bread', 'Barista Oat Milk']",['Espresso Roast Coffee Beans'],Artisanal Sourdough Bread + Barista Oat Milk,Espresso Roast Coffee Beans,Artisanal Sourdough Bread + Barista Oat Milk ➔ Espresso Roast Coffee Beans,0.0622,0.8099,3.435,0.0441,4.02,0.0768,0.2358
"['Artisanal Sourdough Bread', 'Espresso Roast Coffee Beans', 'Madagascar Vanilla Syrup']",['Salted Creamery Butter'],Artisanal Sourdough Bread + Espresso Roast Coffee Beans + Madagascar Vanilla Syrup,Salted Creamery Butter,Artisanal Sourdough Bread + Espresso Roast Coffee Beans + Madagascar Vanilla Syrup ➔ Salted Creamery Butter,0.0327,0.5023,3.433,0.0232,1.715,0.0651,0.1463
"['Barista Oat Milk', 'Madagascar Vanilla Syrup']",['Salted Creamery Butter'],Barista Oat Milk + Madagascar Vanilla Syrup,Salted Creamery Butter,Barista Oat Milk + Madagascar Vanilla Syrup ➔ Salted Creamery Butter,0.0339,0.5022,3.433,0.024,1.715,0.0675,0.1463
['Salted Creamery Butter'],"['Espresso Roast Coffee Beans', 'Grade A Large Pasture Eggs', 'Organic Whole Milk']",Salted Creamery Butter,Espresso Roast Coffee Beans + Grade A Large Pasture Eggs + Organic Whole Milk,Salted Creamery Butter ➔ Espresso Roast Coffee Beans + Grade A Large Pasture Eggs + Organic Whole Milk,0.0837,0.5721,3.43,0.0593,1.947,0.1463,0.1668
"['Espresso Roast Coffee Beans', 'Grade A Large Pasture Eggs', 'Organic Whole Milk']",['Salted Creamery Butter'],Espresso Roast Coffee Beans + Grade A Large Pasture Eggs + Organic Whole Milk,Salted Creamery Butter,Espresso Roast Coffee Beans + Grade A Large Pasture Eggs + Organic Whole Milk ➔ Salted Creamery Butter,0.0837,0.5018,3.43,0.0593,1.714,0.1668,0.1463
"['Artisanal Sourdough Bread', 'Espresso Roast Coffee Beans', 'Organic Whole Milk']",['Salted Creamery Butter'],Artisanal Sourdough Bread + Espresso Roast Coffee Beans + Organic Whole Milk,Salted Creamery Butter,Artisanal Sourdough Bread + Espresso Roast Coffee Beans + Organic Whole Milk ➔ Salted Creamery Butter,0.0545,0.5014,3.427,0.0386,1.712,0.1087,0.1463
['Salted Creamery Butter'],"['Artisanal Sourdough Bread', 'Espresso Roast Coffee Beans', 'Organic Whole Milk']",Salted Creamery Butter,Artisanal Sourdough Bread + Espresso Roast Coffee Beans + Organic Whole Milk,Salted Creamery Butter ➔ Artisanal Sourdough Bread + Espresso Roast Coffee Beans + Organic Whole Milk,0.0545,0.3725,3.427,0.0386,1.42,0.1463,0.1087
"['Artisanal Sourdough Bread', 'Barista Oat Milk', 'Espresso Roast Coffee Beans']",['Grade A Large Pasture Eggs'],Artisanal Sourdough Bread + Barista Oat Milk + Espresso Roast Coffee Beans,Grade A Large Pasture Eggs,Artisanal Sourdough Bread + Barista Oat Milk + Espresso Roast Coffee Beans ➔ Grade A Large Pasture Eggs,0.0539,0.8666,3.426,0.0382,5.599,0.0622,0.2529
"['Artisanal Sourdough Bread', 'Espresso Roast Coffee Beans', 'Salted Creamery Butter']",['Grade A Large Pasture Eggs'],Artisanal Sourdough Bread + Espresso Roast Coffee Beans + Salted Creamery Butter,Grade A Large Pasture Eggs,Artisanal Sourdough Bread + Espresso Roast Coffee Beans + Salted Creamery Butter ➔ Grade A Large Pasture Eggs,0.0532,0.8664,3.426,0.0377,5.594,0.0614,0.2529
"['Espresso Roast Coffee Beans', 'Madagascar Vanilla Syrup']",['Salted Creamery Butter'],Espresso Roast Coffee Beans + Madagascar Vanilla Syrup,Salted Creamery Butter,Espresso Roast Coffee Beans + Madagascar Vanilla Syrup ➔ Salted Creamery Butter,0.058,0.5013,3.426,0.0411,1.712,0.1157,0.1463
['Salted Creamery Butter'],"['Espresso Roast Coffee Beans', 'Madagascar Vanilla Syrup']",Salted Creamery Butter,Espresso Roast Coffee Beans + Madagascar Vanilla Syrup,Salted Creamery Butter ➔ Espresso Roast Coffee Beans + Madagascar Vanilla Syrup,0.058,0.3964,3.426,0.0411,1.465,0.1463,0.1157
"['Barista Oat Milk', 'Espresso Roast Coffee Beans', 'Organic Whole Milk']",['Salted Creamery Butter'],Barista Oat Milk + Espresso Roast Coffee Beans + Organic Whole Milk,Salted Creamery Butter,Barista Oat Milk + Espresso Roast Coffee Beans + Organic Whole Milk ➔ Salted Creamery Butter,0.0494,0.501,3.425,0.035,1.711,0.0986,0.1463
"['Barista Oat Milk', 'Grade A Large Pasture Eggs', 'Organic Whole Milk']",['Salted Creamery Butter'],Barista Oat Milk + Grade A Large Pasture Eggs + Organic Whole Milk,Salted Creamery Butter,Barista Oat Milk + Grade A Large Pasture Eggs + Organic Whole Milk ➔ Salted Creamery Butter,0.0495,0.5005,3.421,0.035,1.709,0.0989,0.1463
"['Organic Whole Milk', 'Salted Creamery Butter']",['Barista Oat Milk'],Organic Whole Milk + Salted Creamery Butter,Barista Oat Milk,Organic Whole Milk + Salted Creamery Butter ➔ Barista Oat Milk,0.056,0.5045,3.418,0.0396,1.72,0.111,0.1476
['Barista Oat Milk'],"['Organic Whole Milk', 'Salted Creamery Butter']",Barista Oat Milk,Organic Whole Milk + Salted Creamery Butter,Barista Oat Milk ➔ Organic Whole Milk + Salted Creamery Butter,0.056,0.3794,3.418,0.0396,1.432,0.1476,0.111
"['Madagascar Vanilla Syrup', 'Organic Whole Milk']",['Barista Oat Milk'],Madagascar Vanilla Syrup + Organic Whole Milk,Barista Oat Milk,Madagascar Vanilla Syrup + Organic Whole Milk ➔ Barista Oat Milk,0.0595,0.5042,3.416,0.0421,1.719,0.118,0.1476
"['Artisanal Sourdough Bread', 'Espresso Roast Coffee Beans', 'Organic Whole Milk']",['Barista Oat Milk'],Artisanal Sourdough Bread + Espresso Roast Coffee Beans + Organic Whole Milk,Barista Oat Milk,Artisanal Sourdough Bread + Espresso Roast Coffee Beans + Organic Whole Milk ➔ Barista Oat Milk,0.0548,0.5041,3.416,0.0388,1.719,0.1087,0.1476
['Barista Oat Milk'],"['Madagascar Vanilla Syrup', 'Organic Whole Milk']",Barista Oat Milk,Madagascar Vanilla Syrup + Organic Whole Milk,Barista Oat Milk ➔ Madagascar Vanilla Syrup + Organic Whole Milk,0.0595,0.4031,3.416,0.0421,1.478,0.1476,0.118
['Barista Oat Milk'],"['Artisanal Sourdough Bread', 'Espresso Roast Coffee Beans', 'Organic Whole Milk']",Barista Oat Milk,Artisanal Sourdough Bread + Espresso Roast Coffee Beans + Organic Whole Milk,Barista Oat Milk ➔ Artisanal Sourdough Bread + Espresso Roast Coffee Beans + Organic Whole Milk,0.0548,0.3713,3.416,0.0388,1.418,0.1476,0.1087
"['Artisanal Sourdough Bread', 'Barista Oat Milk']",['Madagascar Vanilla Syrup'],Artisanal Sourdough Bread + Barista Oat Milk,Madagascar Vanilla Syrup,Artisanal Sourdough Bread + Barista Oat Milk ➔ Madagascar Vanilla Syrup,0.0374,0.487,3.415,0.0264,1.671,0.0768,0.1426
"['Grade A Large Pasture Eggs', 'Madagascar Vanilla Syrup']",['Salted Creamery Butter'],Grade A Large Pasture Eggs + Madagascar Vanilla Syrup,Salted Creamery Butter,Grade A Large Pasture Eggs + Madagascar Vanilla Syrup ➔ Salted Creamery Butter,0.058,0.4983,3.406,0.041,1.702,0.1164,0.1463
['Salted Creamery Butter'],"['Grade A Large Pasture Eggs', 'Madagascar Vanilla Syrup']",Salted Creamery Butter,Grade A Large Pasture Eggs + Madagascar Vanilla Syrup,Salted Creamery Butter ➔ Grade A Large Pasture Eggs + Madagascar Vanilla Syrup,0.058,0.3964,3.406,0.041,1.464,0.1463,0.1164
"['Artisanal Sourdough Bread', 'Barista Oat Milk', 'Organic Whole Milk']",['Grade A Large Pasture Eggs'],Artisanal Sourdough Bread + Barista Oat Milk + Organic Whole Milk,Grade A Large Pasture Eggs,Artisanal Sourdough Bread + Barista Oat Milk + Organic Whole Milk ➔ Grade A Large Pasture Eggs,0.0543,0.8605,3.403,0.0383,5.357,0.0631,0.2529
"['Artisanal Sourdough Bread', 'Grade A Large Pasture Eggs', 'Madagascar Vanilla Syrup']",['Salted Creamery Butter'],Artisanal Sourdough Bread + Grade A Large Pasture Eggs + Madagascar Vanilla Syrup,Salted Creamery Butter,Artisanal Sourdough Bread + Grade A Large Pasture Eggs + Madagascar Vanilla Syrup ➔ Salted Creamery Butter,0.0321,0.4977,3.402,0.0227,1.699,0.0645,0.1463
"['Artisanal Sourdough Bread', 'Barista Oat Milk', 'Organic Whole Milk']",['Salted Creamery Butter'],Artisanal Sourdough Bread + Barista Oat Milk + Organic Whole Milk,Salted Creamery Butter,Artisanal Sourdough Bread + Barista Oat Milk + Organic Whole Milk ➔ Salted Creamery Butter,0.0314,0.4976,3.401,0.0222,1.699,0.0631,0.1463
"['Espresso Roast Coffee Beans', 'Madagascar Vanilla Syrup', 'Organic Whole Milk']",['Salted Creamery Butter'],Espresso Roast Coffee Beans + Madagascar Vanilla Syrup + Organic Whole Milk,Salted Creamery Butter,Espresso Roast Coffee Beans + Madagascar Vanilla Syrup + Organic Whole Milk ➔ Salted Creamery Butter,0.0517,0.4971,3.398,0.0365,1.698,0.104,0.1463
['Salted Creamery Butter'],"['Espresso Roast Coffee Beans', 'Madagascar Vanilla Syrup', 'Organic Whole Milk']",Salted Creamery Butter,Espresso Roast Coffee Beans + Madagascar Vanilla Syrup + Organic Whole Milk,Salted Creamery Butter ➔ Espresso Roast Coffee Beans + Madagascar Vanilla Syrup + Organic Whole Milk,0.0517,0.3534,3.398,0.0365,1.386,0.1463,0.104
"['Artisanal Sourdough Bread', 'Extra Virgin Olive Oil']",['Penne Rigate Pasta'],Artisanal Sourdough Bread + Extra Virgin Olive Oil,Penne Rigate Pasta,Artisanal Sourdough Bread + Extra Virgin Olive Oil ➔ Penne Rigate Pasta,0.0511,0.7087,3.391,0.036,2.716,0.0721,0.209
"['Artisanal Sourdough Bread', 'Espresso Roast Coffee Beans', 'Organic Whole Milk']",['Grade A Large Pasture Eggs'],Artisanal Sourdough Bread + Espresso Roast Coffee Beans + Organic Whole Milk,Grade A Large Pasture Eggs,Artisanal Sourdough Bread + Espresso Roast Coffee Beans + Organic Whole Milk ➔ Grade A Large Pasture Eggs,0.0932,0.8574,3.39,0.0657,5.239,0.1087,0.2529
['Grade A Large Pasture Eggs'],"['Artisanal Sourdough Bread', 'Espresso Roast Coffee Beans', 'Organic Whole Milk']",Grade A Large Pasture Eggs,Artisanal Sourdough Bread + Espresso Roast Coffee Beans + Organic Whole Milk,Grade A Large Pasture Eggs ➔ Artisanal Sourdough Bread + Espresso Roast Coffee Beans + Organic Whole Milk,0.0932,0.3685,3.39,0.0657,1.411,0.2529,0.1087
"['Grade A Large Pasture Eggs', 'Madagascar Vanilla Syrup', 'Organic Whole Milk']",['Salted Creamery Butter'],Grade A Large Pasture Eggs + Madagascar Vanilla Syrup + Organic Whole Milk,Salted Creamery Butter,Grade A Large Pasture Eggs + Madagascar Vanilla Syrup + Organic Whole Milk ➔ Salted Creamery Butter,0.0518,0.4957,3.388,0.0365,1.693,0.1045,0.1463
['Salted Creamery Butter'],"['Grade A Large Pasture Eggs', 'Madagascar Vanilla Syrup', 'Organic Whole Milk']",Salted Creamery Butter,Grade A Large Pasture Eggs + Madagascar Vanilla Syrup + Organic Whole Milk,Salted Creamery Butter ➔ Grade A Large Pasture Eggs + Madagascar Vanilla Syrup + Organic Whole Milk,0.0518,0.3541,3.388,0.0365,1.386,0.1463,0.1045
['Salted Creamery Butter'],"['Espresso Roast Coffee Beans', 'Organic Whole Milk']",Salted Creamery Butter,Espresso Roast Coffee Beans + Organic Whole Milk,Salted Creamery Butter ➔ Espresso Roast Coffee Beans + Organic Whole Milk,0.0946,0.6466,3.387,0.0667,2.29,0.1463,0.1909
"['Espresso Roast Coffee Beans', 'Organic Whole Milk']",['Salted Creamery Butter'],Espresso Roast Coffee Beans + Organic Whole Milk,Salted Creamery Butter,Espresso Roast Coffee Beans + Organic Whole Milk ➔ Salted Creamery Butter,0.0946,0.4955,3.387,0.0667,1.692,0.1909,0.1463
"['Artisanal Sourdough Bread', 'Extra Virgin Olive Oil']",['72% Dark Chocolate Bar'],Artisanal Sourdough Bread + Extra Virgin Olive Oil,72% Dark Chocolate Bar,Artisanal Sourdough Bread + Extra Virgin Olive Oil ➔ 72% Dark Chocolate Bar,0.0323,0.448,3.378,0.0227,1.571,0.0721,0.1326
"['Artisanal Sourdough Bread', 'Salted Creamery Butter']",['Espresso Roast Coffee Beans'],Artisanal Sourdough Bread + Salted Creamery Butter,Espresso Roast Coffee Beans,Artisanal Sourdough Bread + Salted Creamery Butter ➔ Espresso Roast Coffee Beans,0.0614,0.7964,3.377,0.0432,3.753,0.0771,0.2358
"['Organic Whole Milk', 'Salted Creamery Butter']",['Grade A Large Pasture Eggs'],Organic Whole Milk + Salted Creamery Butter,Grade A Large Pasture Eggs,Organic Whole Milk + Salted Creamery Butter ➔ Grade A Large Pasture Eggs,0.0947,0.8532,3.373,0.0666,5.088,0.111,0.2529
['Grade A Large Pasture Eggs'],"['Organic Whole Milk', 'Salted Creamery Butter']",Grade A Large Pasture Eggs,Organic Whole Milk + Salted Creamery Butter,Grade A Large Pasture Eggs ➔ Organic Whole Milk + Salted Creamery Butter,0.0947,0.3745,3.373,0.0666,1.421,0.2529,0.111
"['Barista Oat Milk', 'Organic Whole Milk']",['Salted Creamery Butter'],Barista Oat Milk + Organic Whole Milk,Salted Creamery Butter,Barista Oat Milk + Organic Whole Milk ➔ Salted Creamery Butter,0.056,0.4934,3.372,0.0394,1.685,0.1135,0.1463
['Salted Creamery Butter'],"['Barista Oat Milk', 'Organic Whole Milk']",Salted Creamery Butter,Barista Oat Milk + Organic Whole Milk,Salted Creamery Butter ➔ Barista Oat Milk + Organic Whole Milk,0.056,0.3828,3.372,0.0394,1.436,0.1463,0.1135
"['Artisanal Sourdough Bread', 'Grade A Large Pasture Eggs']",['Espresso Roast Coffee Beans'],Artisanal Sourdough Bread + Grade A Large Pasture Eggs,Espresso Roast Coffee Beans,Artisanal Sourdough Bread + Grade A Large Pasture Eggs ➔ Espresso Roast Coffee Beans,0.1039,0.7931,3.364,0.073,3.694,0.131,0.2358
['Espresso Roast Coffee Beans'],"['Artisanal Sourdough Bread', 'Grade A Large Pasture Eggs']",Espresso Roast Coffee Beans,Artisanal Sourdough Bread + Grade A Large Pasture Eggs,Espresso Roast Coffee Beans ➔ Artisanal Sourdough Bread + Grade A Large Pasture Eggs,0.1039,0.4406,3.364,0.073,1.554,0.2358,0.131
"['Artisanal Sourdough Bread', 'Organic Whole Milk', 'Salted Creamery Butter']",['Barista Oat Milk'],Artisanal Sourdough Bread + Organic Whole Milk + Salted Creamery Butter,Barista Oat Milk,Artisanal Sourdough Bread + Organic Whole Milk + Salted Creamery Butter ➔ Barista Oat Milk,0.0314,0.4961,3.361,0.0221,1.691,0.0633,0.1476
"['Artisanal Sourdough Bread', 'Madagascar Vanilla Syrup', 'Organic Whole Milk']",['Barista Oat Milk'],Artisanal Sourdough Bread + Madagascar Vanilla Syrup + Organic Whole Milk,Barista Oat Milk,Artisanal Sourdough Bread + Madagascar Vanilla Syrup + Organic Whole Milk ➔ Barista Oat Milk,0.0332,0.4955,3.357,0.0233,1.69,0.067,0.1476
"['Artisanal Sourdough Bread', 'Grade A Large Pasture Eggs', 'Organic Whole Milk']",['Barista Oat Milk'],Artisanal Sourdough Bread + Grade A Large Pasture Eggs + Organic Whole Milk,Barista Oat Milk,Artisanal Sourdough Bread + Grade A Large Pasture Eggs + Organic Whole Milk ➔ Barista Oat Milk,0.0543,0.4945,3.351,0.0381,1.686,0.1098,0.1476
['Barista Oat Milk'],"['Artisanal Sourdough Bread', 'Grade A Large Pasture Eggs', 'Organic Whole Milk']",Barista Oat Milk,Artisanal Sourdough Bread + Grade A Large Pasture Eggs + Organic Whole Milk,Barista Oat Milk ➔ Artisanal Sourdough Bread + Grade A Large Pasture Eggs + Organic Whole Milk,0.0543,0.3679,3.351,0.0381,1.408,0.1476,0.1098
['Mild Chunky Salsa'],['Fresh Limes'],Mild Chunky Salsa,Fresh Limes,Mild Chunky Salsa ➔ Fresh Limes,0.101,0.7378,3.349,0.0708,2.973,0.1369,0.2203
['Fresh Limes'],['Mild Chunky Salsa'],Fresh Limes,Mild Chunky Salsa,Fresh Limes ➔ Mild Chunky Salsa,0.101,0.4585,3.349,0.0708,1.594,0.2203,0.1369
"['Artisanal Sourdough Bread', 'Espresso Roast Coffee Beans']",['Barista Oat Milk'],Artisanal Sourdough Bread + Espresso Roast Coffee Beans,Barista Oat Milk,Artisanal Sourdough Bread + Espresso Roast Coffee Beans ➔ Barista Oat Milk,0.0622,0.4933,3.342,0.0436,1.682,0.1261,0.1476
['Barista Oat Milk'],"['Artisanal Sourdough Bread', 'Espresso Roast Coffee Beans']",Barista Oat Milk,Artisanal Sourdough Bread + Espresso Roast Coffee Beans,Barista Oat Milk ➔ Artisanal Sourdough Bread + Espresso Roast Coffee Beans,0.0622,0.4214,3.342,0.0436,1.51,0.1476,0.1261
['Organic Bananas'],['Organic Strawberry Jam'],Organic Bananas,Organic Strawberry Jam,Organic Bananas ➔ Organic Strawberry Jam,0.0807,0.5431,3.332,0.0565,1.832,0.1486,0.163
['Organic Strawberry Jam'],['Organic Bananas'],Organic Strawberry Jam,Organic Bananas,Organic Strawberry Jam ➔ Organic Bananas,0.0807,0.4951,3.332,0.0565,1.686,0.163,0.1486
['Salted Creamery Butter'],"['Grade A Large Pasture Eggs', 'Organic Whole Milk']",Salted Creamery Butter,Grade A Large Pasture Eggs + Organic Whole Milk,Salted Creamery Butter ➔ Grade A Large Pasture Eggs + Organic Whole Milk,0.0947,0.6473,3.33,0.0663,2.284,0.1463,0.1944
"['Grade A Large Pasture Eggs', 'Organic Whole Milk']",['Salted Creamery Butter'],Grade A Large Pasture Eggs + Organic Whole Milk,Salted Creamery Butter,Grade A Large Pasture Eggs + Organic Whole Milk ➔ Salted Creamery Butter,0.0947,0.4871,3.33,0.0663,1.665,0.1944,0.1463
"['Artisanal Sourdough Bread', 'Espresso Roast Coffee Beans']",['Salted Creamery Butter'],Artisanal Sourdough Bread + Espresso Roast Coffee Beans,Salted Creamery Butter,Artisanal Sourdough Bread + Espresso Roast Coffee Beans ➔ Salted Creamery Butter,0.0614,0.4869,3.328,0.043,1.664,0.1261,0.1463
['Salted Creamery Butter'],"['Artisanal Sourdough Bread', 'Espresso Roast Coffee Beans']",Salted Creamery Butter,Artisanal Sourdough Bread + Espresso Roast Coffee Beans,Salted Creamery Butter ➔ Artisanal Sourdough Bread + Espresso Roast Coffee Beans,0.0614,0.4197,3.328,0.043,1.506,0.1463,0.1261
"['Artisanal Sourdough Bread', 'Organic Whole Milk', 'Salted Creamery Butter']",['Grade A Large Pasture Eggs'],Artisanal Sourdough Bread + Organic Whole Milk + Salted Creamery Butter,Grade A Large Pasture Eggs,Artisanal Sourdough Bread + Organic Whole Milk + Salted Creamery Butter ➔ Grade A Large Pasture Eggs,0.0532,0.8404,3.323,0.0372,4.682,0.0633,0.2529
"['Madagascar Vanilla Syrup', 'Organic Whole Milk']",['Salted Creamery Butter'],Madagascar Vanilla Syrup + Organic Whole Milk,Salted Creamery Butter,Madagascar Vanilla Syrup + Organic Whole Milk ➔ Salted Creamery Butter,0.0573,0.4856,3.319,0.04,1.66,0.118,0.1463
['Salted Creamery Butter'],"['Madagascar Vanilla Syrup', 'Organic Whole Milk']",Salted Creamery Butter,Madagascar Vanilla Syrup + Organic Whole Milk,Salted Creamery Butter ➔ Madagascar Vanilla Syrup + Organic Whole Milk,0.0573,0.3917,3.319,0.04,1.45,0.1463,0.118
"['Artisanal Sourdough Bread', 'Grade A Large Pasture Eggs', 'Organic Whole Milk']",['Salted Creamery Butter'],Artisanal Sourdough Bread + Grade A Large Pasture Eggs + Organic Whole Milk,Salted Creamery Butter,Artisanal Sourdough Bread + Grade A Large Pasture Eggs + Organic Whole Milk ➔ Salted Creamery Butter,0.0532,0.4845,3.312,0.0371,1.656,0.1098,0.1463
['Salted Creamery Butter'],"['Artisanal Sourdough Bread', 'Grade A Large Pasture Eggs', 'Organic Whole Milk']",Salted Creamery Butter,Artisanal Sourdough Bread + Grade A Large Pasture Eggs + Organic Whole Milk,Salted Creamery Butter ➔ Artisanal Sourdough Bread + Grade A Large Pasture Eggs + Organic Whole Milk,0.0532,0.3636,3.312,0.0371,1.399,0.1463,0.1098
"['Artisanal Sourdough Bread', 'Salted Creamery Butter']",['Madagascar Vanilla Syrup'],Artisanal Sourdough Bread + Salted Creamery Butter,Madagascar Vanilla Syrup,Artisanal Sourdough Bread + Salted Creamery Butter ➔ Madagascar Vanilla Syrup,0.0362,0.4695,3.293,0.0252,1.616,0.0771,0.1426
"['Artisanal Sourdough Bread', 'Madagascar Vanilla Syrup']",['Grade A Large Pasture Eggs'],Artisanal Sourdough Bread + Madagascar Vanilla Syrup,Grade A Large Pasture Eggs,Artisanal Sourdough Bread + Madagascar Vanilla Syrup ➔ Grade A Large Pasture Eggs,0.0645,0.828,3.274,0.0448,4.343,0.0779,0.2529
['Mild Chunky Salsa'],['Organic Tortilla Chips'],Mild Chunky Salsa,Organic Tortilla Chips,Mild Chunky Salsa ➔ Organic Tortilla Chips,0.0995,0.7268,3.269,0.0691,2.847,0.1369,0.2223
['Organic Tortilla Chips'],['Mild Chunky Salsa'],Organic Tortilla Chips,Mild Chunky Salsa,Organic Tortilla Chips ➔ Mild Chunky Salsa,0.0995,0.4476,3.269,0.0691,1.562,0.2223,0.1369
"['Artisanal Sourdough Bread', 'Madagascar Vanilla Syrup', 'Organic Whole Milk']",['Salted Creamery Butter'],Artisanal Sourdough Bread + Madagascar Vanilla Syrup + Organic Whole Milk,Salted Creamery Butter,Artisanal Sourdough Bread + Madagascar Vanilla Syrup + Organic Whole Milk ➔ Salted Creamery Butter,0.032,0.4776,3.265,0.0222,1.634,0.067,0.1463
"['Artisanal Sourdough Bread', 'Espresso Roast Coffee Beans']",['Grade A Large Pasture Eggs'],Artisanal Sourdough Bread + Espresso Roast Coffee Beans,Grade A Large Pasture Eggs,Artisanal Sourdough Bread + Espresso Roast Coffee Beans ➔ Grade A Large Pasture Eggs,0.1039,0.8239,3.258,0.072,4.244,0.1261,0.2529
['Grade A Large Pasture Eggs'],"['Artisanal Sourdough Bread', 'Espresso Roast Coffee Beans']",Grade A Large Pasture Eggs,Artisanal Sourdough Bread + Espresso Roast Coffee Beans,Grade A Large Pasture Eggs ➔ Artisanal Sourdough Bread + Espresso Roast Coffee Beans,0.1039,0.4108,3.258,0.072,1.483,0.2529,0.1261
['Organic Bananas'],['Creamy Peanut Butter'],Organic Bananas,Creamy Peanut Butter,Organic Bananas ➔ Creamy Peanut Butter,0.0804,0.541,3.253,0.0557,1.817,0.1486,0.1663
['Creamy Peanut Butter'],['Organic Bananas'],Creamy Peanut Butter,Organic Bananas,Creamy Peanut Butter ➔ Organic Bananas,0.0804,0.4835,3.253,0.0557,1.648,0.1663,0.1486
"['Artisanal Sourdough Bread', 'Madagascar Vanilla Syrup']",['Barista Oat Milk'],Artisanal Sourdough Bread + Madagascar Vanilla Syrup,Barista Oat Milk,Artisanal Sourdough Bread + Madagascar Vanilla Syrup ➔ Barista Oat Milk,0.0374,0.4801,3.253,0.0259,1.64,0.0779,0.1476
['Barista Oat Milk'],['Espresso Roast Coffee Beans'],Barista Oat Milk,Espresso Roast Coffee Beans,Barista Oat Milk ➔ Espresso Roast Coffee Beans,0.1124,0.7615,3.23,0.0776,3.204,0.1476,0.2358
['Espresso Roast Coffee Beans'],['Barista Oat Milk'],Espresso Roast Coffee Beans,Barista Oat Milk,Espresso Roast Coffee Beans ➔ Barista Oat Milk,0.1124,0.4767,3.23,0.0776,1.629,0.2358,0.1476
['Madagascar Vanilla Syrup'],['Grade A Large Pasture Eggs'],Madagascar Vanilla Syrup,Grade A Large Pasture Eggs,Madagascar Vanilla Syrup ➔ Grade A Large Pasture Eggs,0.1164,0.8163,3.228,0.0803,4.066,0.1426,0.2529
"['Artisanal Sourdough Bread', 'Sea Salt Kettle Chips']",['Organic Bananas'],Artisanal Sourdough Bread + Sea Salt Kettle Chips,Organic Bananas,Artisanal Sourdough Bread + Sea Salt Kettle Chips ➔ Organic Bananas,0.0412,0.4796,3.228,0.0284,1.636,0.0859,0.1486
['Grade A Large Pasture Eggs'],['Madagascar Vanilla Syrup'],Grade A Large Pasture Eggs,Madagascar Vanilla Syrup,Grade A Large Pasture Eggs ➔ Madagascar Vanilla Syrup,0.1164,0.4603,3.228,0.0803,1.589,0.2529,0.1426
"['Artisanal Sourdough Bread', 'Barista Oat Milk']",['Salted Creamery Butter'],Artisanal Sourdough Bread + Barista Oat Milk,Salted Creamery Butter,Artisanal Sourdough Bread + Barista Oat Milk ➔ Salted Creamery Butter,0.0361,0.4701,3.213,0.0249,1.611,0.0768,0.1463
['Madagascar Vanilla Syrup'],['Barista Oat Milk'],Madagascar Vanilla Syrup,Barista Oat Milk,Madagascar Vanilla Syrup ➔ Barista Oat Milk,0.0675,0.4734,3.207,0.0465,1.619,0.1426,0.1476
['Barista Oat Milk'],['Madagascar Vanilla Syrup'],Barista Oat Milk,Madagascar Vanilla Syrup,Barista Oat Milk ➔ Madagascar Vanilla Syrup,0.0675,0.4573,3.207,0.0465,1.58,0.1476,0.1426
"['Artisanal Sourdough Bread', 'Grade A Large Pasture Eggs']",['Barista Oat Milk'],Artisanal Sourdough Bread + Grade A Large Pasture Eggs,Barista Oat Milk,Artisanal Sourdough Bread + Grade A Large Pasture Eggs ➔ Barista Oat Milk,0.0615,0.4695,3.181,0.0422,1.607,0.131,0.1476
['Barista Oat Milk'],"['Artisanal Sourdough Bread', 'Grade A Large Pasture Eggs']",Barista Oat Milk,Artisanal Sourdough Bread + Grade A Large Pasture Eggs,Barista Oat Milk ➔ Artisanal Sourdough Bread + Grade A Large Pasture Eggs,0.0615,0.4167,3.181,0.0422,1.49,0.1476,0.131
"['Artisanal Sourdough Bread', 'Madagascar Vanilla Syrup']",['Salted Creamery Butter'],Artisanal Sourdough Bread + Madagascar Vanilla Syrup,Salted Creamery Butter,Artisanal Sourdough Bread + Madagascar Vanilla Syrup ➔ Salted Creamery Butter,0.0362,0.4647,3.176,0.0248,1.595,0.0779,0.1463
"['Artisanal Sourdough Bread', 'Salted Creamery Butter']",['Barista Oat Milk'],Artisanal Sourdough Bread + Salted Creamery Butter,Barista Oat Milk,Artisanal Sourdough Bread + Salted Creamery Butter ➔ Barista Oat Milk,0.0361,0.4682,3.172,0.0247,1.603,0.0771,0.1476
"['Artisanal Sourdough Bread', 'Barista Oat Milk']",['Grade A Large Pasture Eggs'],Artisanal Sourdough Bread + Barista Oat Milk,Grade A Large Pasture Eggs,Artisanal Sourdough Bread + Barista Oat Milk ➔ Grade A Large Pasture Eggs,0.0615,0.8008,3.166,0.0421,3.75,0.0768,0.2529
"['Artisanal Sourdough Bread', 'Grade A Large Pasture Eggs']",['Salted Creamery Butter'],Artisanal Sourdough Bread + Grade A Large Pasture Eggs,Salted Creamery Butter,Artisanal Sourdough Bread + Grade A Large Pasture Eggs ➔ Salted Creamery Butter,0.0603,0.4603,3.146,0.0411,1.582,0.131,0.1463
['Salted Creamery Butter'],"['Artisanal Sourdough Bread', 'Grade A Large Pasture Eggs']",Salted Creamery Butter,Artisanal Sourdough Bread + Grade A Large Pasture Eggs,Salted Creamery Butter ➔ Artisanal Sourdough Bread + Grade A Large Pasture Eggs,0.0603,0.4122,3.146,0.0411,1.478,0.1463,0.131
['Espresso Roast Coffee Beans'],['Grade A Large Pasture Eggs'],Espresso Roast Coffee Beans,Grade A Large Pasture Eggs,Espresso Roast Coffee Beans ➔ Grade A Large Pasture Eggs,0.1872,0.7939,3.139,0.1276,3.625,0.2358,0.2529
['Grade A Large Pasture Eggs'],['Espresso Roast Coffee Beans'],Grade A Large Pasture Eggs,Espresso Roast Coffee Beans,Grade A Large Pasture Eggs ➔ Espresso Roast Coffee Beans,0.1872,0.7402,3.139,0.1276,2.942,0.2529,0.2358
['Salted Creamery Butter'],['Espresso Roast Coffee Beans'],Salted Creamery Butter,Espresso Roast Coffee Beans,Salted Creamery Butter ➔ Espresso Roast Coffee Beans,0.1082,0.7396,3.136,0.0737,2.934,0.1463,0.2358
['Espresso Roast Coffee Beans'],['Salted Creamery Butter'],Espresso Roast Coffee Beans,Salted Creamery Butter,Espresso Roast Coffee Beans ➔ Salted Creamery Butter,0.1082,0.4589,3.136,0.0737,1.578,0.2358,0.1463
"['Organic Baby Spinach', 'Oven Roasted Turkey Breast', 'Roasted Salted Almonds']",['Extra Virgin Olive Oil'],Organic Baby Spinach + Oven Roasted Turkey Breast + Roasted Salted Almonds,Extra Virgin Olive Oil,Organic Baby Spinach + Oven Roasted Turkey Breast + Roasted Salted Almonds ➔ Extra Virgin Olive Oil,0.0426,0.8968,3.119,0.0289,6.907,0.0475,0.2875
['Madagascar Vanilla Syrup'],['Salted Creamery Butter'],Madagascar Vanilla Syrup,Salted Creamery Butter,Madagascar Vanilla Syrup ➔ Salted Creamery Butter,0.0649,0.4551,3.111,0.044,1.567,0.1426,0.1463
['Salted Creamery Butter'],['Madagascar Vanilla Syrup'],Salted Creamery Butter,Madagascar Vanilla Syrup,Salted Creamery Butter ➔ Madagascar Vanilla Syrup,0.0649,0.4436,3.111,0.044,1.541,0.1463,0.1426
"['Oven Roasted Turkey Breast', 'Roasted Salted Almonds', 'Roma Tomatoes']",['Extra Virgin Olive Oil'],Oven Roasted Turkey Breast + Roasted Salted Almonds + Roma Tomatoes,Extra Virgin Olive Oil,Oven Roasted Turkey Breast + Roasted Salted Almonds + Roma Tomatoes ➔ Extra Virgin Olive Oil,0.0418,0.8913,3.1,0.0283,6.552,0.0469,0.2875
"['Organic Hass Avocados', 'Oven Roasted Turkey Breast', 'Roasted Salted Almonds']",['Extra Virgin Olive Oil'],Organic Hass Avocados + Oven Roasted Turkey Breast + Roasted Salted Almonds,Extra Virgin Olive Oil,Organic Hass Avocados + Oven Roasted Turkey Breast + Roasted Salted Almonds ➔ Extra Virgin Olive Oil,0.0427,0.8896,3.094,0.0289,6.453,0.048,0.2875
"['Artisanal Sourdough Bread', 'Salted Creamery Butter']",['Grade A Large Pasture Eggs'],Artisanal Sourdough Bread + Salted Creamery Butter,Grade A Large Pasture Eggs,Artisanal Sourdough Bread + Salted Creamery Butter ➔ Grade A Large Pasture Eggs,0.0603,0.7821,3.093,0.0408,3.429,0.0771,0.2529
"['Organic Baby Spinach', 'Roasted Salted Almonds']","['Organic Hass Avocados', 'Roma Tomatoes']",Organic Baby Spinach + Roasted Salted Almonds,Organic Hass Avocados + Roma Tomatoes,Organic Baby Spinach + Roasted Salted Almonds ➔ Organic Hass Avocados + Roma Tomatoes,0.0706,0.7775,3.092,0.0478,3.365,0.0908,0.2515
"['Organic Baby Spinach', 'Sparkling Mineral Water']","['Organic Hass Avocados', 'Roma Tomatoes']",Organic Baby Spinach + Sparkling Mineral Water,Organic Hass Avocados + Roma Tomatoes,Organic Baby Spinach + Sparkling Mineral Water ➔ Organic Hass Avocados + Roma Tomatoes,0.0751,0.7766,3.088,0.0508,3.351,0.0967,0.2515
"['Organic Baby Spinach', 'Oven Roasted Turkey Breast']","['Organic Hass Avocados', 'Roma Tomatoes']",Organic Baby Spinach + Oven Roasted Turkey Breast,Organic Hass Avocados + Roma Tomatoes,Organic Baby Spinach + Oven Roasted Turkey Breast ➔ Organic Hass Avocados + Roma Tomatoes,0.07,0.7752,3.082,0.0473,3.33,0.0903,0.2515
"['Organic Baby Spinach', 'Oven Roasted Turkey Breast', 'Sparkling Mineral Water']",['Extra Virgin Olive Oil'],Organic Baby Spinach + Oven Roasted Turkey Breast + Sparkling Mineral Water,Extra Virgin Olive Oil,Organic Baby Spinach + Oven Roasted Turkey Breast + Sparkling Mineral Water ➔ Extra Virgin Olive Oil,0.0427,0.8841,3.075,0.0288,6.145,0.0483,0.2875
"['Organic Baby Spinach', 'Oven Roasted Turkey Breast']","['Roma Tomatoes', 'Sparkling Mineral Water']",Organic Baby Spinach + Oven Roasted Turkey Breast,Roma Tomatoes + Sparkling Mineral Water,Organic Baby Spinach + Oven Roasted Turkey Breast ➔ Roma Tomatoes + Sparkling Mineral Water,0.0427,0.4729,3.075,0.0288,1.605,0.0903,0.1538
"['Organic Baby Spinach', 'Organic Hass Avocados', 'Oven Roasted Turkey Breast']",['Extra Virgin Olive Oil'],Organic Baby Spinach + Organic Hass Avocados + Oven Roasted Turkey Breast,Extra Virgin Olive Oil,Organic Baby Spinach + Organic Hass Avocados + Oven Roasted Turkey Breast ➔ Extra Virgin Olive Oil,0.0702,0.8819,3.068,0.0473,6.034,0.0796,0.2875
"['Oven Roasted Turkey Breast', 'Roasted Salted Almonds']","['Organic Hass Avocados', 'Roma Tomatoes']",Oven Roasted Turkey Breast + Roasted Salted Almonds,Organic Hass Avocados + Roma Tomatoes,Oven Roasted Turkey Breast + Roasted Salted Almonds ➔ Organic Hass Avocados + Roma Tomatoes,0.0421,0.7711,3.066,0.0284,3.269,0.0546,0.2515
"['Roasted Salted Almonds', 'Sparkling Mineral Water']","['Organic Hass Avocados', 'Roma Tomatoes']",Roasted Salted Almonds + Sparkling Mineral Water,Organic Hass Avocados + Roma Tomatoes,Roasted Salted Almonds + Sparkling Mineral Water ➔ Organic Hass Avocados + Roma Tomatoes,0.0436,0.7703,3.063,0.0294,3.259,0.0566,0.2515
"['Organic Baby Spinach', 'Oven Roasted Turkey Breast', 'Roma Tomatoes']",['Extra Virgin Olive Oil'],Organic Baby Spinach + Oven Roasted Turkey Breast + Roma Tomatoes,Extra Virgin Olive Oil,Organic Baby Spinach + Oven Roasted Turkey Breast + Roma Tomatoes ➔ Extra Virgin Olive Oil,0.0695,0.8797,3.06,0.0468,5.925,0.079,0.2875
"['Organic Baby Spinach', 'Roasted Salted Almonds', 'Sparkling Mineral Water']",['Extra Virgin Olive Oil'],Organic Baby Spinach + Roasted Salted Almonds + Sparkling Mineral Water,Extra Virgin Olive Oil,Organic Baby Spinach + Roasted Salted Almonds + Sparkling Mineral Water ➔ Extra Virgin Olive Oil,0.0415,0.8792,3.058,0.0279,5.9,0.0472,0.2875
"['Organic Baby Spinach', 'Roasted Salted Almonds', 'Roma Tomatoes']",['Extra Virgin Olive Oil'],Organic Baby Spinach + Roasted Salted Almonds + Roma Tomatoes,Extra Virgin Olive Oil,Organic Baby Spinach + Roasted Salted Almonds + Roma Tomatoes ➔ Extra Virgin Olive Oil,0.069,0.8779,3.053,0.0464,5.834,0.0786,0.2875
"['Extra Virgin Olive Oil', 'Organic Baby Spinach']","['Organic Hass Avocados', 'Roma Tomatoes']",Extra Virgin Olive Oil + Organic Baby Spinach,Organic Hass Avocados + Roma Tomatoes,Extra Virgin Olive Oil + Organic Baby Spinach ➔ Organic Hass Avocados + Roma Tomatoes,0.117,0.7677,3.053,0.0787,3.222,0.1524,0.2515
"['Organic Hass Avocados', 'Roma Tomatoes']","['Extra Virgin Olive Oil', 'Organic Baby Spinach']",Organic Hass Avocados + Roma Tomatoes,Extra Virgin Olive Oil + Organic Baby Spinach,Organic Hass Avocados + Roma Tomatoes ➔ Extra Virgin Olive Oil + Organic Baby Spinach,0.117,0.4652,3.053,0.0787,1.585,0.2515,0.1524
"['Organic Hass Avocados', 'Oven Roasted Turkey Breast']","['Roma Tomatoes', 'Sparkling Mineral Water']",Organic Hass Avocados + Oven Roasted Turkey Breast,Roma Tomatoes + Sparkling Mineral Water,Organic Hass Avocados + Oven Roasted Turkey Breast ➔ Roma Tomatoes + Sparkling Mineral Water,0.044,0.4691,3.05,0.0296,1.594,0.0938,0.1538
"['Organic Baby Spinach', 'Organic Hass Avocados', 'Roasted Salted Almonds']",['Extra Virgin Olive Oil'],Organic Baby Spinach + Organic Hass Avocados + Roasted Salted Almonds,Extra Virgin Olive Oil,Organic Baby Spinach + Organic Hass Avocados + Roasted Salted Almonds ➔ Extra Virgin Olive Oil,0.071,0.8765,3.049,0.0477,5.771,0.081,0.2875
"['Oven Roasted Turkey Breast', 'Roasted Salted Almonds']",['Extra Virgin Olive Oil'],Oven Roasted Turkey Breast + Roasted Salted Almonds,Extra Virgin Olive Oil,Oven Roasted Turkey Breast + Roasted Salted Almonds ➔ Extra Virgin Olive Oil,0.0478,0.8755,3.045,0.0321,5.721,0.0546,0.2875
"['Roma Tomatoes', 'Sparkling Mineral Water']","['Organic Baby Spinach', 'Organic Hass Avocados']",Roma Tomatoes + Sparkling Mineral Water,Organic Baby Spinach + Organic Hass Avocados,Roma Tomatoes + Sparkling Mineral Water ➔ Organic Baby Spinach + Organic Hass Avocados,0.0751,0.4883,3.044,0.0504,1.641,0.1538,0.1604
"['Organic Baby Spinach', 'Organic Hass Avocados']","['Roma Tomatoes', 'Sparkling Mineral Water']",Organic Baby Spinach + Organic Hass Avocados,Roma Tomatoes + Sparkling Mineral Water,Organic Baby Spinach + Organic Hass Avocados ➔ Roma Tomatoes + Sparkling Mineral Water,0.0751,0.4682,3.044,0.0504,1.591,0.1604,0.1538
"['Organic Baby Spinach', 'Oven Roasted Turkey Breast']",['Extra Virgin Olive Oil'],Organic Baby Spinach + Oven Roasted Turkey Breast,Extra Virgin Olive Oil,Organic Baby Spinach + Oven Roasted Turkey Breast ➔ Extra Virgin Olive Oil,0.0789,0.8738,3.039,0.0529,5.644,0.0903,0.2875
"['Oven Roasted Turkey Breast', 'Sparkling Mineral Water']","['Organic Hass Avocados', 'Roma Tomatoes']",Oven Roasted Turkey Breast + Sparkling Mineral Water,Organic Hass Avocados + Roma Tomatoes,Oven Roasted Turkey Breast + Sparkling Mineral Water ➔ Organic Hass Avocados + Roma Tomatoes,0.044,0.7639,3.037,0.0295,3.17,0.0576,0.2515
['Salted Creamery Butter'],['Barista Oat Milk'],Salted Creamery Butter,Barista Oat Milk,Salted Creamery Butter ➔ Barista Oat Milk,0.0654,0.447,3.029,0.0438,1.541,0.1463,0.1476
['Barista Oat Milk'],['Salted Creamery Butter'],Barista Oat Milk,Salted Creamery Butter,Barista Oat Milk ➔ Salted Creamery Butter,0.0654,0.4431,3.029,0.0438,1.533,0.1476,0.1463
['Barista Oat Milk'],['Grade A Large Pasture Eggs'],Barista Oat Milk,Grade A Large Pasture Eggs,Barista Oat Milk ➔ Grade A Large Pasture Eggs,0.113,0.7656,3.027,0.0757,3.187,0.1476,0.2529
['Grade A Large Pasture Eggs'],['Barista Oat Milk'],Grade A Large Pasture Eggs,Barista Oat Milk,Grade A Large Pasture Eggs ➔ Barista Oat Milk,0.113,0.4468,3.027,0.0757,1.541,0.2529,0.1476
"['Extra Virgin Olive Oil', 'Roasted Salted Almonds']","['Organic Hass Avocados', 'Roma Tomatoes']",Extra Virgin Olive Oil + Roasted Salted Almonds,Organic Hass Avocados + Roma Tomatoes,Extra Virgin Olive Oil + Roasted Salted Almonds ➔ Organic Hass Avocados + Roma Tomatoes,0.0698,0.7603,3.023,0.0467,3.123,0.0918,0.2515
"['Extra Virgin Olive Oil', 'Oven Roasted Turkey Breast']","['Roma Tomatoes', 'Sparkling Mineral Water']",Extra Virgin Olive Oil + Oven Roasted Turkey Breast,Roma Tomatoes + Sparkling Mineral Water,Extra Virgin Olive Oil + Oven Roasted Turkey Breast ➔ Roma Tomatoes + Sparkling Mineral Water,0.0418,0.4644,3.02,0.028,1.58,0.09,0.1538
"['Organic Baby Spinach', 'Roasted Salted Almonds']",['Extra Virgin Olive Oil'],Organic Baby Spinach + Roasted Salted Almonds,Extra Virgin Olive Oil,Organic Baby Spinach + Roasted Salted Almonds ➔ Extra Virgin Olive Oil,0.0787,0.8667,3.015,0.0526,5.347,0.0908,0.2875
"['Extra Virgin Olive Oil', 'Oven Roasted Turkey Breast']","['Organic Hass Avocados', 'Roma Tomatoes']",Extra Virgin Olive Oil + Oven Roasted Turkey Breast,Organic Hass Avocados + Roma Tomatoes,Extra Virgin Olive Oil + Oven Roasted Turkey Breast ➔ Organic Hass Avocados + Roma Tomatoes,0.0682,0.7578,3.013,0.0456,3.09,0.09,0.2515
"['Extra Virgin Olive Oil', 'Sparkling Mineral Water']","['Organic Hass Avocados', 'Roma Tomatoes']",Extra Virgin Olive Oil + Sparkling Mineral Water,Organic Hass Avocados + Roma Tomatoes,Extra Virgin Olive Oil + Sparkling Mineral Water ➔ Organic Hass Avocados + Roma Tomatoes,0.0727,0.7526,2.992,0.0484,3.025,0.0966,0.2515
"['Extra Virgin Olive Oil', 'Organic Baby Spinach']","['Roma Tomatoes', 'Sparkling Mineral Water']",Extra Virgin Olive Oil + Organic Baby Spinach,Roma Tomatoes + Sparkling Mineral Water,Extra Virgin Olive Oil + Organic Baby Spinach ➔ Roma Tomatoes + Sparkling Mineral Water,0.07,0.4593,2.986,0.0466,1.565,0.1524,0.1538
"['Roma Tomatoes', 'Sparkling Mineral Water']","['Extra Virgin Olive Oil', 'Organic Baby Spinach']",Roma Tomatoes + Sparkling Mineral Water,Extra Virgin Olive Oil + Organic Baby Spinach,Roma Tomatoes + Sparkling Mineral Water ➔ Extra Virgin Olive Oil + Organic Baby Spinach,0.07,0.4551,2.986,0.0466,1.556,0.1538,0.1524
"['Roma Tomatoes', 'Sparkling Mineral Water']","['Extra Virgin Olive Oil', 'Organic Hass Avocados']",Roma Tomatoes + Sparkling Mineral Water,Extra Virgin Olive Oil + Organic Hass Avocados,Roma Tomatoes + Sparkling Mineral Water ➔ Extra Virgin Olive Oil + Organic Hass Avocados,0.0727,0.4727,2.979,0.0483,1.595,0.1538,0.1587
"['Extra Virgin Olive Oil', 'Organic Hass Avocados']","['Roma Tomatoes', 'Sparkling Mineral Water']",Extra Virgin Olive Oil + Organic Hass Avocados,Roma Tomatoes + Sparkling Mineral Water,Extra Virgin Olive Oil + Organic Hass Avocados ➔ Roma Tomatoes + Sparkling Mineral Water,0.0727,0.4581,2.979,0.0483,1.562,0.1587,0.1538
"['Organic Hass Avocados', 'Oven Roasted Turkey Breast', 'Roma Tomatoes']",['Extra Virgin Olive Oil'],Organic Hass Avocados + Oven Roasted Turkey Breast + Roma Tomatoes,Extra Virgin Olive Oil,Organic Hass Avocados + Oven Roasted Turkey Breast + Roma Tomatoes ➔ Extra Virgin Olive Oil,0.0682,0.8557,2.976,0.0453,4.938,0.0797,0.2875
"['Organic Hass Avocados', 'Roasted Salted Almonds', 'Roma Tomatoes']",['Extra Virgin Olive Oil'],Organic Hass Avocados + Roasted Salted Almonds + Roma Tomatoes,Extra Virgin Olive Oil,Organic Hass Avocados + Roasted Salted Almonds + Roma Tomatoes ➔ Extra Virgin Olive Oil,0.0698,0.8543,2.972,0.0463,4.892,0.0817,0.2875
"['Roasted Salted Almonds', 'Roma Tomatoes', 'Sparkling Mineral Water']",['Extra Virgin Olive Oil'],Roasted Salted Almonds + Roma Tomatoes + Sparkling Mineral Water,Extra Virgin Olive Oil,Roasted Salted Almonds + Roma Tomatoes + Sparkling Mineral Water ➔ Extra Virgin Olive Oil,0.0406,0.8529,2.967,0.0269,4.845,0.0476,0.2875
"['Organic Baby Spinach', 'Organic Hass Avocados', 'Roma Tomatoes']",['Extra Virgin Olive Oil'],Organic Baby Spinach + Organic Hass Avocados + Roma Tomatoes,Extra Virgin Olive Oil,Organic Baby Spinach + Organic Hass Avocados + Roma Tomatoes ➔ Extra Virgin Olive Oil,0.117,0.8528,2.966,0.0776,4.839,0.1372,0.2875
['Extra Virgin Olive Oil'],"['Organic Baby Spinach', 'Organic Hass Avocados', 'Roma Tomatoes']",Extra Virgin Olive Oil,Organic Baby Spinach + Organic Hass Avocados + Roma Tomatoes,Extra Virgin Olive Oil ➔ Organic Baby Spinach + Organic Hass Avocados + Roma Tomatoes,0.117,0.407,2.966,0.0776,1.455,0.2875,0.1372
['Salted Creamery Butter'],['Grade A Large Pasture Eggs'],Salted Creamery Butter,Grade A Large Pasture Eggs,Salted Creamery Butter ➔ Grade A Large Pasture Eggs,0.1092,0.7464,2.951,0.0722,2.946,0.1463,0.2529
['Grade A Large Pasture Eggs'],['Salted Creamery Butter'],Grade A Large Pasture Eggs,Salted Creamery Butter,Grade A Large Pasture Eggs ➔ Salted Creamery Butter,0.1092,0.4318,2.951,0.0722,1.502,0.2529,0.1463
"['Oven Roasted Turkey Breast', 'Roma Tomatoes']",['Extra Virgin Olive Oil'],Oven Roasted Turkey Breast + Roma Tomatoes,Extra Virgin Olive Oil,Oven Roasted Turkey Breast + Roma Tomatoes ➔ Extra Virgin Olive Oil,0.0766,0.8455,2.941,0.0506,4.611,0.0906,0.2875
"['Organic Baby Spinach', 'Roma Tomatoes']",['Extra Virgin Olive Oil'],Organic Baby Spinach + Roma Tomatoes,Extra Virgin Olive Oil,Organic Baby Spinach + Roma Tomatoes ➔ Extra Virgin Olive Oil,0.1304,0.844,2.936,0.086,4.568,0.1545,0.2875
['Extra Virgin Olive Oil'],"['Organic Baby Spinach', 'Roma Tomatoes']",Extra Virgin Olive Oil,Organic Baby Spinach + Roma Tomatoes,Extra Virgin Olive Oil ➔ Organic Baby Spinach + Roma Tomatoes,0.1304,0.4536,2.936,0.086,1.547,0.2875,0.1545
"['Organic Baby Spinach', 'Roasted Salted Almonds']","['Roma Tomatoes', 'Sparkling Mineral Water']",Organic Baby Spinach + Roasted Salted Almonds,Roma Tomatoes + Sparkling Mineral Water,Organic Baby Spinach + Roasted Salted Almonds ➔ Roma Tomatoes + Sparkling Mineral Water,0.041,0.4515,2.936,0.027,1.543,0.0908,0.1538
"['Roasted Salted Almonds', 'Roma Tomatoes']",['Extra Virgin Olive Oil'],Roasted Salted Almonds + Roma Tomatoes,Extra Virgin Olive Oil,Roasted Salted Almonds + Roma Tomatoes ➔ Extra Virgin Olive Oil,0.0775,0.8433,2.933,0.0511,4.547,0.0919,0.2875
"['Organic Hass Avocados', 'Oven Roasted Turkey Breast', 'Sparkling Mineral Water']",['Extra Virgin Olive Oil'],Organic Hass Avocados + Oven Roasted Turkey Breast + Sparkling Mineral Water,Extra Virgin Olive Oil,Organic Hass Avocados + Oven Roasted Turkey Breast + Sparkling Mineral Water ➔ Extra Virgin Olive Oil,0.0426,0.8419,2.928,0.0281,4.507,0.0506,0.2875
"['Oven Roasted Turkey Breast', 'Roma Tomatoes', 'Sparkling Mineral Water']",['Extra Virgin Olive Oil'],Oven Roasted Turkey Breast + Roma Tomatoes + Sparkling Mineral Water,Extra Virgin Olive Oil,Oven Roasted Turkey Breast + Roma Tomatoes + Sparkling Mineral Water ➔ Extra Virgin Olive Oil,0.0418,0.841,2.925,0.0275,4.482,0.0497,0.2875
"['Organic Baby Spinach', 'Roma Tomatoes', 'Sparkling Mineral Water']",['Extra Virgin Olive Oil'],Organic Baby Spinach + Roma Tomatoes + Sparkling Mineral Water,Extra Virgin Olive Oil,Organic Baby Spinach + Roma Tomatoes + Sparkling Mineral Water ➔ Extra Virgin Olive Oil,0.07,0.8383,2.916,0.046,4.407,0.0835,0.2875
"['Organic Hass Avocados', 'Roasted Salted Almonds']","['Roma Tomatoes', 'Sparkling Mineral Water']",Organic Hass Avocados + Roasted Salted Almonds,Roma Tomatoes + Sparkling Mineral Water,Organic Hass Avocados + Roasted Salted Almonds ➔ Roma Tomatoes + Sparkling Mineral Water,0.0436,0.4481,2.914,0.0286,1.533,0.0973,0.1538
"['Organic Hass Avocados', 'Roasted Salted Almonds', 'Sparkling Mineral Water']",['Extra Virgin Olive Oil'],Organic Hass Avocados + Roasted Salted Almonds + Sparkling Mineral Water,Extra Virgin Olive Oil,Organic Hass Avocados + Roasted Salted Almonds + Sparkling Mineral Water ➔ Extra Virgin Olive Oil,0.0432,0.8372,2.912,0.0284,4.377,0.0516,0.2875
"['Organic Baby Spinach', 'Oven Roasted Turkey Breast', 'Sparkling Mineral Water']",['Roma Tomatoes'],Organic Baby Spinach + Oven Roasted Turkey Breast + Sparkling Mineral Water,Roma Tomatoes,Organic Baby Spinach + Oven Roasted Turkey Breast + Sparkling Mineral Water ➔ Roma Tomatoes,0.0427,0.8841,2.908,0.028,6.003,0.0483,0.304
"['Organic Baby Spinach', 'Organic Hass Avocados', 'Sparkling Mineral Water']",['Extra Virgin Olive Oil'],Organic Baby Spinach + Organic Hass Avocados + Sparkling Mineral Water,Extra Virgin Olive Oil,Organic Baby Spinach + Organic Hass Avocados + Sparkling Mineral Water ➔ Extra Virgin Olive Oil,0.0724,0.8351,2.905,0.0475,4.32,0.0867,0.2875
"['Organic Baby Spinach', 'Organic Hass Avocados']",['Extra Virgin Olive Oil'],Organic Baby Spinach + Organic Hass Avocados,Extra Virgin Olive Oil,Organic Baby Spinach + Organic Hass Avocados ➔ Extra Virgin Olive Oil,0.1337,0.8335,2.899,0.0876,4.28,0.1604,0.2875
['Extra Virgin Olive Oil'],"['Organic Baby Spinach', 'Organic Hass Avocados']",Extra Virgin Olive Oil,Organic Baby Spinach + Organic Hass Avocados,Extra Virgin Olive Oil ➔ Organic Baby Spinach + Organic Hass Avocados,0.1337,0.465,2.899,0.0876,1.569,0.2875,0.1604
"['Extra Virgin Olive Oil', 'Organic Baby Spinach', 'Oven Roasted Turkey Breast']",['Roma Tomatoes'],Extra Virgin Olive Oil + Organic Baby Spinach + Oven Roasted Turkey Breast,Roma Tomatoes,Extra Virgin Olive Oil + Organic Baby Spinach + Oven Roasted Turkey Breast ➔ Roma Tomatoes,0.0695,0.8809,2.898,0.0455,5.842,0.0789,0.304
"['Organic Baby Spinach', 'Oven Roasted Turkey Breast', 'Roasted Salted Almonds']",['Roma Tomatoes'],Organic Baby Spinach + Oven Roasted Turkey Breast + Roasted Salted Almonds,Roma Tomatoes,Organic Baby Spinach + Oven Roasted Turkey Breast + Roasted Salted Almonds ➔ Roma Tomatoes,0.0418,0.88,2.895,0.0274,5.8,0.0475,0.304
"['Organic Baby Spinach', 'Organic Hass Avocados', 'Oven Roasted Turkey Breast']",['Roma Tomatoes'],Organic Baby Spinach + Organic Hass Avocados + Oven Roasted Turkey Breast,Roma Tomatoes,Organic Baby Spinach + Organic Hass Avocados + Oven Roasted Turkey Breast ➔ Roma Tomatoes,0.07,0.8794,2.893,0.0458,5.771,0.0796,0.304
"['Oven Roasted Turkey Breast', 'Sparkling Mineral Water']",['Extra Virgin Olive Oil'],Oven Roasted Turkey Breast + Sparkling Mineral Water,Extra Virgin Olive Oil,Oven Roasted Turkey Breast + Sparkling Mineral Water ➔ Extra Virgin Olive Oil,0.0479,0.8316,2.893,0.0313,4.231,0.0576,0.2875
"['Organic Hass Avocados', 'Oven Roasted Turkey Breast']",['Extra Virgin Olive Oil'],Organic Hass Avocados + Oven Roasted Turkey Breast,Extra Virgin Olive Oil,Organic Hass Avocados + Oven Roasted Turkey Breast ➔ Extra Virgin Olive Oil,0.0779,0.8305,2.889,0.0509,4.203,0.0938,0.2875
"['Roasted Salted Almonds', 'Sparkling Mineral Water']",['Extra Virgin Olive Oil'],Roasted Salted Almonds + Sparkling Mineral Water,Extra Virgin Olive Oil,Roasted Salted Almonds + Sparkling Mineral Water ➔ Extra Virgin Olive Oil,0.047,0.8304,2.888,0.0307,4.201,0.0566,0.2875
"['Organic Hass Avocados', 'Oven Roasted Turkey Breast', 'Roasted Salted Almonds']",['Roma Tomatoes'],Organic Hass Avocados + Oven Roasted Turkey Breast + Roasted Salted Almonds,Roma Tomatoes,Organic Hass Avocados + Oven Roasted Turkey Breast + Roasted Salted Almonds ➔ Roma Tomatoes,0.0421,0.8771,2.885,0.0275,5.662,0.048,0.304
"['Extra Virgin Olive Oil', 'Organic Baby Spinach', 'Roasted Salted Almonds']",['Roma Tomatoes'],Extra Virgin Olive Oil + Organic Baby Spinach + Roasted Salted Almonds,Roma Tomatoes,Extra Virgin Olive Oil + Organic Baby Spinach + Roasted Salted Almonds ➔ Roma Tomatoes,0.069,0.8767,2.884,0.0451,5.647,0.0787,0.304
"['Organic Baby Spinach', 'Sparkling Mineral Water']",['Extra Virgin Olive Oil'],Organic Baby Spinach + Sparkling Mineral Water,Extra Virgin Olive Oil,Organic Baby Spinach + Sparkling Mineral Water ➔ Extra Virgin Olive Oil,0.0801,0.8283,2.881,0.0523,4.151,0.0967,0.2875
"['Extra Virgin Olive Oil', 'Organic Hass Avocados', 'Oven Roasted Turkey Breast']",['Roma Tomatoes'],Extra Virgin Olive Oil + Organic Hass Avocados + Oven Roasted Turkey Breast,Roma Tomatoes,Extra Virgin Olive Oil + Organic Hass Avocados + Oven Roasted Turkey Breast ➔ Roma Tomatoes,0.0682,0.8755,2.88,0.0445,5.59,0.0779,0.304
"['Extra Virgin Olive Oil', 'Organic Baby Spinach', 'Organic Hass Avocados']",['Roma Tomatoes'],Extra Virgin Olive Oil + Organic Baby Spinach + Organic Hass Avocados,Roma Tomatoes,Extra Virgin Olive Oil + Organic Baby Spinach + Organic Hass Avocados ➔ Roma Tomatoes,0.117,0.8751,2.879,0.0764,5.572,0.1337,0.304
['Roma Tomatoes'],"['Extra Virgin Olive Oil', 'Organic Baby Spinach', 'Organic Hass Avocados']",Roma Tomatoes,Extra Virgin Olive Oil + Organic Baby Spinach + Organic Hass Avocados,Roma Tomatoes ➔ Extra Virgin Olive Oil + Organic Baby Spinach + Organic Hass Avocados,0.117,0.3849,2.879,0.0764,1.408,0.304,0.1337
"['Organic Baby Spinach', 'Oven Roasted Turkey Breast']",['Roma Tomatoes'],Organic Baby Spinach + Oven Roasted Turkey Breast,Roma Tomatoes,Organic Baby Spinach + Oven Roasted Turkey Breast ➔ Roma Tomatoes,0.079,0.8749,2.878,0.0515,5.562,0.0903,0.304
"['Extra Virgin Olive Oil', 'Oven Roasted Turkey Breast', 'Roasted Salted Almonds']",['Roma Tomatoes'],Extra Virgin Olive Oil + Oven Roasted Turkey Breast + Roasted Salted Almonds,Roma Tomatoes,Extra Virgin Olive Oil + Oven Roasted Turkey Breast + Roasted Salted Almonds ➔ Roma Tomatoes,0.0418,0.8745,2.877,0.0273,5.545,0.0478,0.304
"['Extra Virgin Olive Oil', 'Roasted Salted Almonds']","['Roma Tomatoes', 'Sparkling Mineral Water']",Extra Virgin Olive Oil + Roasted Salted Almonds,Roma Tomatoes + Sparkling Mineral Water,Extra Virgin Olive Oil + Roasted Salted Almonds ➔ Roma Tomatoes + Sparkling Mineral Water,0.0406,0.4423,2.876,0.0265,1.517,0.0918,0.1538
"['Extra Virgin Olive Oil', 'Organic Baby Spinach', 'Sparkling Mineral Water']",['Roma Tomatoes'],Extra Virgin Olive Oil + Organic Baby Spinach + Sparkling Mineral Water,Roma Tomatoes,Extra Virgin Olive Oil + Organic Baby Spinach + Sparkling Mineral Water ➔ Roma Tomatoes,0.07,0.8739,2.875,0.0456,5.52,0.0801,0.304
"['Extra Virgin Olive Oil', 'Organic Hass Avocados', 'Roasted Salted Almonds']",['Roma Tomatoes'],Extra Virgin Olive Oil + Organic Hass Avocados + Roasted Salted Almonds,Roma Tomatoes,Extra Virgin Olive Oil + Organic Hass Avocados + Roasted Salted Almonds ➔ Roma Tomatoes,0.0698,0.8736,2.874,0.0455,5.506,0.0799,0.304
"['Extra Virgin Olive Oil', 'Oven Roasted Turkey Breast', 'Sparkling Mineral Water']",['Roma Tomatoes'],Extra Virgin Olive Oil + Oven Roasted Turkey Breast + Sparkling Mineral Water,Roma Tomatoes,Extra Virgin Olive Oil + Oven Roasted Turkey Breast + Sparkling Mineral Water ➔ Roma Tomatoes,0.0418,0.8727,2.871,0.0272,5.465,0.0479,0.304
"['Organic Baby Spinach', 'Organic Hass Avocados', 'Roasted Salted Almonds']",['Roma Tomatoes'],Organic Baby Spinach + Organic Hass Avocados + Roasted Salted Almonds,Roma Tomatoes,Organic Baby Spinach + Organic Hass Avocados + Roasted Salted Almonds ➔ Roma Tomatoes,0.0706,0.8716,2.867,0.046,5.421,0.081,0.304
"['Organic Hass Avocados', 'Oven Roasted Turkey Breast', 'Sparkling Mineral Water']",['Roma Tomatoes'],Organic Hass Avocados + Oven Roasted Turkey Breast + Sparkling Mineral Water,Roma Tomatoes,Organic Hass Avocados + Oven Roasted Turkey Breast + Sparkling Mineral Water ➔ Roma Tomatoes,0.044,0.8696,2.86,0.0286,5.336,0.0506,0.304
"['Organic Baby Spinach', 'Roasted Salted Almonds', 'Sparkling Mineral Water']",['Roma Tomatoes'],Organic Baby Spinach + Roasted Salted Almonds + Sparkling Mineral Water,Roma Tomatoes,Organic Baby Spinach + Roasted Salted Almonds + Sparkling Mineral Water ➔ Roma Tomatoes,0.041,0.8686,2.857,0.0267,5.299,0.0472,0.304
"['Organic Hass Avocados', 'Roasted Salted Almonds']",['Extra Virgin Olive Oil'],Organic Hass Avocados + Roasted Salted Almonds,Extra Virgin Olive Oil,Organic Hass Avocados + Roasted Salted Almonds ➔ Extra Virgin Olive Oil,0.0799,0.8212,2.856,0.0519,3.984,0.0973,0.2875
"['Extra Virgin Olive Oil', 'Organic Hass Avocados', 'Sparkling Mineral Water']",['Roma Tomatoes'],Extra Virgin Olive Oil + Organic Hass Avocados + Sparkling Mineral Water,Roma Tomatoes,Extra Virgin Olive Oil + Organic Hass Avocados + Sparkling Mineral Water ➔ Roma Tomatoes,0.0727,0.8675,2.854,0.0472,5.254,0.0838,0.304
"['Organic Baby Spinach', 'Organic Hass Avocados', 'Sparkling Mineral Water']",['Roma Tomatoes'],Organic Baby Spinach + Organic Hass Avocados + Sparkling Mineral Water,Roma Tomatoes,Organic Baby Spinach + Organic Hass Avocados + Sparkling Mineral Water ➔ Roma Tomatoes,0.0751,0.8662,2.849,0.0487,5.202,0.0867,0.304
"['Organic Baby Spinach', 'Roasted Salted Almonds']",['Roma Tomatoes'],Organic Baby Spinach + Roasted Salted Almonds,Roma Tomatoes,Organic Baby Spinach + Roasted Salted Almonds ➔ Roma Tomatoes,0.0786,0.8656,2.847,0.051,5.18,0.0908,0.304
"['Extra Virgin Olive Oil', 'Roasted Salted Almonds', 'Sparkling Mineral Water']",['Roma Tomatoes'],Extra Virgin Olive Oil + Roasted Salted Almonds + Sparkling Mineral Water,Roma Tomatoes,Extra Virgin Olive Oil + Roasted Salted Almonds + Sparkling Mineral Water ➔ Roma Tomatoes,0.0406,0.8638,2.842,0.0263,5.111,0.047,0.304
"['Organic Baby Spinach', 'Sparkling Mineral Water']",['Roma Tomatoes'],Organic Baby Spinach + Sparkling Mineral Water,Roma Tomatoes,Organic Baby Spinach + Sparkling Mineral Water ➔ Roma Tomatoes,0.0835,0.8635,2.84,0.0541,5.099,0.0967,0.304
"['Oven Roasted Turkey Breast', 'Sparkling Mineral Water']",['Roma Tomatoes'],Oven Roasted Turkey Breast + Sparkling Mineral Water,Roma Tomatoes,Oven Roasted Turkey Breast + Sparkling Mineral Water ➔ Roma Tomatoes,0.0497,0.8628,2.838,0.0322,5.075,0.0576,0.304
"['Oven Roasted Turkey Breast', 'Roasted Salted Almonds']",['Roma Tomatoes'],Oven Roasted Turkey Breast + Roasted Salted Almonds,Roma Tomatoes,Oven Roasted Turkey Breast + Roasted Salted Almonds ➔ Roma Tomatoes,0.0469,0.859,2.826,0.0303,4.935,0.0546,0.304
"['Extra Virgin Olive Oil', 'Organic Baby Spinach']",['Roma Tomatoes'],Extra Virgin Olive Oil + Organic Baby Spinach,Roma Tomatoes,Extra Virgin Olive Oil + Organic Baby Spinach ➔ Roma Tomatoes,0.1304,0.8556,2.815,0.0841,4.821,0.1524,0.304
['Roma Tomatoes'],"['Extra Virgin Olive Oil', 'Organic Baby Spinach']",Roma Tomatoes,Extra Virgin Olive Oil + Organic Baby Spinach,Roma Tomatoes ➔ Extra Virgin Olive Oil + Organic Baby Spinach,0.1304,0.4289,2.815,0.0841,1.484,0.304,0.1524
"['Organic Baby Spinach', 'Organic Hass Avocados']",['Roma Tomatoes'],Organic Baby Spinach + Organic Hass Avocados,Roma Tomatoes,Organic Baby Spinach + Organic Hass Avocados ➔ Roma Tomatoes,0.1372,0.8554,2.814,0.0884,4.812,0.1604,0.304
['Roma Tomatoes'],"['Organic Baby Spinach', 'Organic Hass Avocados']",Roma Tomatoes,Organic Baby Spinach + Organic Hass Avocados,Roma Tomatoes ➔ Organic Baby Spinach + Organic Hass Avocados,0.1372,0.4513,2.814,0.0884,1.53,0.304,0.1604
"['Extra Virgin Olive Oil', 'Oven Roasted Turkey Breast']",['Roma Tomatoes'],Extra Virgin Olive Oil + Oven Roasted Turkey Breast,Roma Tomatoes,Extra Virgin Olive Oil + Oven Roasted Turkey Breast ➔ Roma Tomatoes,0.0766,0.8511,2.8,0.0492,4.675,0.09,0.304
"['Organic Hass Avocados', 'Oven Roasted Turkey Breast']",['Roma Tomatoes'],Organic Hass Avocados + Oven Roasted Turkey Breast,Roma Tomatoes,Organic Hass Avocados + Oven Roasted Turkey Breast ➔ Roma Tomatoes,0.0797,0.8497,2.795,0.0512,4.63,0.0938,0.304
"['Organic Hass Avocados', 'Roasted Salted Almonds', 'Sparkling Mineral Water']",['Roma Tomatoes'],Organic Hass Avocados + Roasted Salted Almonds + Sparkling Mineral Water,Roma Tomatoes,Organic Hass Avocados + Roasted Salted Almonds + Sparkling Mineral Water ➔ Roma Tomatoes,0.0436,0.845,2.779,0.0279,4.489,0.0516,0.304
"['Extra Virgin Olive Oil', 'Roasted Salted Almonds']",['Roma Tomatoes'],Extra Virgin Olive Oil + Roasted Salted Almonds,Roma Tomatoes,Extra Virgin Olive Oil + Roasted Salted Almonds ➔ Roma Tomatoes,0.0775,0.8442,2.777,0.0496,4.468,0.0918,0.304
['Sea Salt Kettle Chips'],['Organic Bananas'],Sea Salt Kettle Chips,Organic Bananas,Sea Salt Kettle Chips ➔ Organic Bananas,0.0483,0.4125,2.776,0.0309,1.449,0.1171,0.1486
"['Roasted Salted Almonds', 'Sparkling Mineral Water']",['Roma Tomatoes'],Roasted Salted Almonds + Sparkling Mineral Water,Roma Tomatoes,Roasted Salted Almonds + Sparkling Mineral Water ➔ Roma Tomatoes,0.0476,0.841,2.766,0.0304,4.377,0.0566,0.304
"['Organic Hass Avocados', 'Roasted Salted Almonds']",['Roma Tomatoes'],Organic Hass Avocados + Roasted Salted Almonds,Roma Tomatoes,Organic Hass Avocados + Roasted Salted Almonds ➔ Roma Tomatoes,0.0817,0.8397,2.762,0.0521,4.341,0.0973,0.304
"['Extra Virgin Olive Oil', 'Organic Hass Avocados']",['Roma Tomatoes'],Extra Virgin Olive Oil + Organic Hass Avocados,Roma Tomatoes,Extra Virgin Olive Oil + Organic Hass Avocados ➔ Roma Tomatoes,0.1321,0.8324,2.738,0.0839,4.152,0.1587,0.304
['Roma Tomatoes'],"['Extra Virgin Olive Oil', 'Organic Hass Avocados']",Roma Tomatoes,Extra Virgin Olive Oil + Organic Hass Avocados,Roma Tomatoes ➔ Extra Virgin Olive Oil + Organic Hass Avocados,0.1321,0.4345,2.738,0.0839,1.488,0.304,0.1587
"['Organic Hass Avocados', 'Roma Tomatoes', 'Sparkling Mineral Water']",['Organic Baby Spinach'],Organic Hass Avocados + Roma Tomatoes + Sparkling Mineral Water,Organic Baby Spinach,Organic Hass Avocados + Roma Tomatoes + Sparkling Mineral Water ➔ Organic Baby Spinach,0.0751,0.5466,2.733,0.0476,1.764,0.1374,0.2
['Organic Baby Spinach'],"['Organic Hass Avocados', 'Roma Tomatoes', 'Sparkling Mineral Water']",Organic Baby Spinach,Organic Hass Avocados + Roma Tomatoes + Sparkling Mineral Water,Organic Baby Spinach ➔ Organic Hass Avocados + Roma Tomatoes + Sparkling Mineral Water,0.0751,0.3755,2.733,0.0476,1.381,0.2,0.1374
['Organic Baby Spinach'],"['Organic Hass Avocados', 'Roma Tomatoes']",Organic Baby Spinach,Organic Hass Avocados + Roma Tomatoes,Organic Baby Spinach ➔ Organic Hass Avocados + Roma Tomatoes,0.1372,0.686,2.728,0.0869,2.384,0.2,0.2515
"['Organic Hass Avocados', 'Roma Tomatoes']",['Organic Baby Spinach'],Organic Hass Avocados + Roma Tomatoes,Organic Baby Spinach,Organic Hass Avocados + Roma Tomatoes ➔ Organic Baby Spinach,0.1372,0.5455,2.728,0.0869,1.76,0.2515,0.2
"['Extra Virgin Olive Oil', 'Sparkling Mineral Water']",['Roma Tomatoes'],Extra Virgin Olive Oil + Sparkling Mineral Water,Roma Tomatoes,Extra Virgin Olive Oil + Sparkling Mineral Water ➔ Roma Tomatoes,0.08,0.8282,2.724,0.0506,4.05,0.0966,0.304
"['Roma Tomatoes', 'Sparkling Mineral Water']",['Organic Baby Spinach'],Roma Tomatoes + Sparkling Mineral Water,Organic Baby Spinach,Roma Tomatoes + Sparkling Mineral Water ➔ Organic Baby Spinach,0.0835,0.5429,2.715,0.0527,1.75,0.1538,0.2
['Organic Baby Spinach'],"['Roma Tomatoes', 'Sparkling Mineral Water']",Organic Baby Spinach,Roma Tomatoes + Sparkling Mineral Water,Organic Baby Spinach ➔ Roma Tomatoes + Sparkling Mineral Water,0.0835,0.4175,2.715,0.0527,1.453,0.2,0.1538
"['Espresso Roast Coffee Beans', 'Grade A Large Pasture Eggs', 'Madagascar Vanilla Syrup']",['Organic Whole Milk'],Espresso Roast Coffee Beans + Grade A Large Pasture Eggs + Madagascar Vanilla Syrup,Organic Whole Milk,Espresso Roast Coffee Beans + Grade A Large Pasture Eggs + Madagascar Vanilla Syrup ➔ Organic Whole Milk,0.0937,0.9036,2.694,0.0589,6.892,0.1037,0.3354
"['Artisanal Sourdough Bread', 'Grade A Large Pasture Eggs', 'Madagascar Vanilla Syrup']",['Organic Whole Milk'],Artisanal Sourdough Bread + Grade A Large Pasture Eggs + Madagascar Vanilla Syrup,Organic Whole Milk,Artisanal Sourdough Bread + Grade A Large Pasture Eggs + Madagascar Vanilla Syrup ➔ Organic Whole Milk,0.0582,0.9023,2.69,0.0366,6.804,0.0645,0.3354
"['Espresso Roast Coffee Beans', 'Madagascar Vanilla Syrup']",['Organic Whole Milk'],Espresso Roast Coffee Beans + Madagascar Vanilla Syrup,Organic Whole Milk,Espresso Roast Coffee Beans + Madagascar Vanilla Syrup ➔ Organic Whole Milk,0.104,0.8989,2.68,0.0652,6.572,0.1157,0.3354
"['Artisanal Sourdough Bread', 'Espresso Roast Coffee Beans', 'Madagascar Vanilla Syrup']",['Organic Whole Milk'],Artisanal Sourdough Bread + Espresso Roast Coffee Beans + Madagascar Vanilla Syrup,Organic Whole Milk,Artisanal Sourdough Bread + Espresso Roast Coffee Beans + Madagascar Vanilla Syrup ➔ Organic Whole Milk,0.0585,0.8986,2.679,0.0367,6.555,0.0651,0.3354
"['Grade A Large Pasture Eggs', 'Madagascar Vanilla Syrup']",['Organic Whole Milk'],Grade A Large Pasture Eggs + Madagascar Vanilla Syrup,Organic Whole Milk,Grade A Large Pasture Eggs + Madagascar Vanilla Syrup ➔ Organic Whole Milk,0.1045,0.8978,2.677,0.0655,6.501,0.1164,0.3354
"['Artisanal Sourdough Bread', 'Espresso Roast Coffee Beans', 'Grade A Large Pasture Eggs']",['Organic Whole Milk'],Artisanal Sourdough Bread + Espresso Roast Coffee Beans + Grade A Large Pasture Eggs,Organic Whole Milk,Artisanal Sourdough Bread + Espresso Roast Coffee Beans + Grade A Large Pasture Eggs ➔ Organic Whole Milk,0.0932,0.897,2.674,0.0584,6.453,0.1039,0.3354
"['Grade A Large Pasture Eggs', 'Madagascar Vanilla Syrup', 'Salted Creamery Butter']",['Organic Whole Milk'],Grade A Large Pasture Eggs + Madagascar Vanilla Syrup + Salted Creamery Butter,Organic Whole Milk,Grade A Large Pasture Eggs + Madagascar Vanilla Syrup + Salted Creamery Butter ➔ Organic Whole Milk,0.0518,0.8931,2.663,0.0323,6.217,0.058,0.3354
['Oven Roasted Turkey Breast'],"['Roma Tomatoes', 'Sparkling Mineral Water']",Oven Roasted Turkey Breast,Roma Tomatoes + Sparkling Mineral Water,Oven Roasted Turkey Breast ➔ Roma Tomatoes + Sparkling Mineral Water,0.0497,0.4094,2.662,0.031,1.433,0.1214,0.1538
"['Barista Oat Milk', 'Espresso Roast Coffee Beans', 'Madagascar Vanilla Syrup']",['Organic Whole Milk'],Barista Oat Milk + Espresso Roast Coffee Beans + Madagascar Vanilla Syrup,Organic Whole Milk,Barista Oat Milk + Espresso Roast Coffee Beans + Madagascar Vanilla Syrup ➔ Organic Whole Milk,0.0545,0.892,2.659,0.034,6.153,0.0611,0.3354
"['Espresso Roast Coffee Beans', 'Madagascar Vanilla Syrup', 'Salted Creamery Butter']",['Organic Whole Milk'],Espresso Roast Coffee Beans + Madagascar Vanilla Syrup + Salted Creamery Butter,Organic Whole Milk,Espresso Roast Coffee Beans + Madagascar Vanilla Syrup + Salted Creamery Butter ➔ Organic Whole Milk,0.0517,0.8914,2.658,0.0322,6.119,0.058,0.3354
"['Espresso Roast Coffee Beans', 'Grade A Large Pasture Eggs']",['Organic Whole Milk'],Espresso Roast Coffee Beans + Grade A Large Pasture Eggs,Organic Whole Milk,Espresso Roast Coffee Beans + Grade A Large Pasture Eggs ➔ Organic Whole Milk,0.1668,0.891,2.657,0.104,6.099,0.1872,0.3354
['Organic Whole Milk'],"['Espresso Roast Coffee Beans', 'Grade A Large Pasture Eggs']",Organic Whole Milk,Espresso Roast Coffee Beans + Grade A Large Pasture Eggs,Organic Whole Milk ➔ Espresso Roast Coffee Beans + Grade A Large Pasture Eggs,0.1668,0.4973,2.657,0.104,1.617,0.3354,0.1872
"['Barista Oat Milk', 'Grade A Large Pasture Eggs', 'Madagascar Vanilla Syrup']",['Organic Whole Milk'],Barista Oat Milk + Grade A Large Pasture Eggs + Madagascar Vanilla Syrup,Organic Whole Milk,Barista Oat Milk + Grade A Large Pasture Eggs + Madagascar Vanilla Syrup ➔ Organic Whole Milk,0.0531,0.8909,2.656,0.0331,6.094,0.0596,0.3354
['Organic Baby Spinach'],['Extra Virgin Olive Oil'],Organic Baby Spinach,Extra Virgin Olive Oil,Organic Baby Spinach ➔ Extra Virgin Olive Oil,0.1524,0.762,2.65,0.0949,2.994,0.2,0.2875
['Extra Virgin Olive Oil'],['Organic Baby Spinach'],Extra Virgin Olive Oil,Organic Baby Spinach,Extra Virgin Olive Oil ➔ Organic Baby Spinach,0.1524,0.5301,2.65,0.0949,1.702,0.2875,0.2
"['Artisanal Sourdough Bread', 'Barista Oat Milk', 'Madagascar Vanilla Syrup']",['Organic Whole Milk'],Artisanal Sourdough Bread + Barista Oat Milk + Madagascar Vanilla Syrup,Organic Whole Milk,Artisanal Sourdough Bread + Barista Oat Milk + Madagascar Vanilla Syrup ➔ Organic Whole Milk,0.0332,0.8877,2.647,0.0207,5.918,0.0374,0.3354
"['Artisanal Sourdough Bread', 'Espresso Roast Coffee Beans', 'Salted Creamery Butter']",['Organic Whole Milk'],Artisanal Sourdough Bread + Espresso Roast Coffee Beans + Salted Creamery Butter,Organic Whole Milk,Artisanal Sourdough Bread + Espresso Roast Coffee Beans + Salted Creamery Butter ➔ Organic Whole Milk,0.0545,0.8876,2.646,0.0339,5.914,0.0614,0.3354
"['Barista Oat Milk', 'Espresso Roast Coffee Beans', 'Grade A Large Pasture Eggs']",['Organic Whole Milk'],Barista Oat Milk + Espresso Roast Coffee Beans + Grade A Large Pasture Eggs,Organic Whole Milk,Barista Oat Milk + Espresso Roast Coffee Beans + Grade A Large Pasture Eggs ➔ Organic Whole Milk,0.0875,0.8856,2.641,0.0544,5.811,0.0988,0.3354
"['Espresso Roast Coffee Beans', 'Grade A Large Pasture Eggs', 'Salted Creamery Butter']",['Organic Whole Milk'],Espresso Roast Coffee Beans + Grade A Large Pasture Eggs + Salted Creamery Butter,Organic Whole Milk,Espresso Roast Coffee Beans + Grade A Large Pasture Eggs + Salted Creamery Butter ➔ Organic Whole Milk,0.0837,0.8848,2.638,0.052,5.768,0.0946,0.3354
['Oven Roasted Turkey Breast'],"['Organic Hass Avocados', 'Roma Tomatoes', 'Sparkling Mineral Water']",Oven Roasted Turkey Breast,Organic Hass Avocados + Roma Tomatoes + Sparkling Mineral Water,Oven Roasted Turkey Breast ➔ Organic Hass Avocados + Roma Tomatoes + Sparkling Mineral Water,0.044,0.3624,2.638,0.0273,1.353,0.1214,0.1374
"['Artisanal Sourdough Bread', 'Madagascar Vanilla Syrup', 'Salted Creamery Butter']",['Organic Whole Milk'],Artisanal Sourdough Bread + Madagascar Vanilla Syrup + Salted Creamery Butter,Organic Whole Milk,Artisanal Sourdough Bread + Madagascar Vanilla Syrup + Salted Creamery Butter ➔ Organic Whole Milk,0.032,0.884,2.636,0.0199,5.728,0.0362,0.3354
"['Madagascar Vanilla Syrup', 'Salted Creamery Butter']",['Organic Whole Milk'],Madagascar Vanilla Syrup + Salted Creamery Butter,Organic Whole Milk,Madagascar Vanilla Syrup + Salted Creamery Butter ➔ Organic Whole Milk,0.0573,0.8829,2.632,0.0355,5.675,0.0649,0.3354
"['Artisanal Sourdough Bread', 'Barista Oat Milk', 'Grade A Large Pasture Eggs']",['Organic Whole Milk'],Artisanal Sourdough Bread + Barista Oat Milk + Grade A Large Pasture Eggs,Organic Whole Milk,Artisanal Sourdough Bread + Barista Oat Milk + Grade A Large Pasture Eggs ➔ Organic Whole Milk,0.0543,0.8829,2.632,0.0337,5.677,0.0615,0.3354
"['Artisanal Sourdough Bread', 'Grade A Large Pasture Eggs', 'Salted Creamery Butter']",['Organic Whole Milk'],Artisanal Sourdough Bread + Grade A Large Pasture Eggs + Salted Creamery Butter,Organic Whole Milk,Artisanal Sourdough Bread + Grade A Large Pasture Eggs + Salted Creamery Butter ➔ Organic Whole Milk,0.0532,0.8823,2.63,0.033,5.644,0.0603,0.3354
"['Barista Oat Milk', 'Madagascar Vanilla Syrup']",['Organic Whole Milk'],Barista Oat Milk + Madagascar Vanilla Syrup,Organic Whole Milk,Barista Oat Milk + Madagascar Vanilla Syrup ➔ Organic Whole Milk,0.0595,0.8815,2.628,0.0369,5.608,0.0675,0.3354
"['Artisanal Sourdough Bread', 'Barista Oat Milk', 'Espresso Roast Coffee Beans']",['Organic Whole Milk'],Artisanal Sourdough Bread + Barista Oat Milk + Espresso Roast Coffee Beans,Organic Whole Milk,Artisanal Sourdough Bread + Barista Oat Milk + Espresso Roast Coffee Beans ➔ Organic Whole Milk,0.0548,0.881,2.627,0.0339,5.586,0.0622,0.3354
"['Barista Oat Milk', 'Espresso Roast Coffee Beans']",['Organic Whole Milk'],Barista Oat Milk + Espresso Roast Coffee Beans,Organic Whole Milk,Barista Oat Milk + Espresso Roast Coffee Beans ➔ Organic Whole Milk,0.0986,0.8772,2.615,0.0609,5.413,0.1124,0.3354
['Oven Roasted Turkey Breast'],"['Organic Hass Avocados', 'Roma Tomatoes']",Oven Roasted Turkey Breast,Organic Hass Avocados + Roma Tomatoes,Oven Roasted Turkey Breast ➔ Organic Hass Avocados + Roma Tomatoes,0.0797,0.6565,2.61,0.0492,2.179,0.1214,0.2515
"['Barista Oat Milk', 'Grade A Large Pasture Eggs']",['Organic Whole Milk'],Barista Oat Milk + Grade A Large Pasture Eggs,Organic Whole Milk,Barista Oat Milk + Grade A Large Pasture Eggs ➔ Organic Whole Milk,0.0989,0.8752,2.609,0.061,5.326,0.113,0.3354
"['Espresso Roast Coffee Beans', 'Salted Creamery Butter']",['Organic Whole Milk'],Espresso Roast Coffee Beans + Salted Creamery Butter,Organic Whole Milk,Espresso Roast Coffee Beans + Salted Creamery Butter ➔ Organic Whole Milk,0.0946,0.8743,2.607,0.0583,5.287,0.1082,0.3354
['Roasted Salted Almonds'],"['Organic Hass Avocados', 'Roma Tomatoes']",Roasted Salted Almonds,Organic Hass Avocados + Roma Tomatoes,Roasted Salted Almonds ➔ Organic Hass Avocados + Roma Tomatoes,0.0817,0.6546,2.603,0.0503,2.167,0.1248,0.2515
"['Artisanal Sourdough Bread', 'Barista Oat Milk', 'Salted Creamery Butter']",['Organic Whole Milk'],Artisanal Sourdough Bread + Barista Oat Milk + Salted Creamery Butter,Organic Whole Milk,Artisanal Sourdough Bread + Barista Oat Milk + Salted Creamery Butter ➔ Organic Whole Milk,0.0314,0.8698,2.593,0.0193,5.105,0.0361,0.3354
"['Barista Oat Milk', 'Espresso Roast Coffee Beans', 'Salted Creamery Butter']",['Organic Whole Milk'],Barista Oat Milk + Espresso Roast Coffee Beans + Salted Creamery Butter,Organic Whole Milk,Barista Oat Milk + Espresso Roast Coffee Beans + Salted Creamery Butter ➔ Organic Whole Milk,0.0494,0.8682,2.589,0.0303,5.042,0.0569,0.3354
"['Grade A Large Pasture Eggs', 'Salted Creamery Butter']",['Organic Whole Milk'],Grade A Large Pasture Eggs + Salted Creamery Butter,Organic Whole Milk,Grade A Large Pasture Eggs + Salted Creamery Butter ➔ Organic Whole Milk,0.0947,0.8672,2.586,0.0581,5.005,0.1092,0.3354
['Oven Roasted Turkey Breast'],['Extra Virgin Olive Oil'],Oven Roasted Turkey Breast,Extra Virgin Olive Oil,Oven Roasted Turkey Breast ➔ Extra Virgin Olive Oil,0.09,0.7414,2.579,0.0551,2.755,0.1214,0.2875
"['Artisanal Sourdough Bread', 'Espresso Roast Coffee Beans']",['Organic Whole Milk'],Artisanal Sourdough Bread + Espresso Roast Coffee Beans,Organic Whole Milk,Artisanal Sourdough Bread + Espresso Roast Coffee Beans ➔ Organic Whole Milk,0.1087,0.862,2.57,0.0664,4.816,0.1261,0.3354
"['Artisanal Sourdough Bread', 'Madagascar Vanilla Syrup']",['Organic Whole Milk'],Artisanal Sourdough Bread + Madagascar Vanilla Syrup,Organic Whole Milk,Artisanal Sourdough Bread + Madagascar Vanilla Syrup ➔ Organic Whole Milk,0.067,0.8601,2.564,0.0409,4.75,0.0779,0.3354
"['Barista Oat Milk', 'Grade A Large Pasture Eggs', 'Salted Creamery Butter']",['Organic Whole Milk'],Barista Oat Milk + Grade A Large Pasture Eggs + Salted Creamery Butter,Organic Whole Milk,Barista Oat Milk + Grade A Large Pasture Eggs + Salted Creamery Butter ➔ Organic Whole Milk,0.0495,0.8594,2.562,0.0302,4.726,0.0576,0.3354
['Roasted Salted Almonds'],['Extra Virgin Olive Oil'],Roasted Salted Almonds,Extra Virgin Olive Oil,Roasted Salted Almonds ➔ Extra Virgin Olive Oil,0.0918,0.7356,2.559,0.0559,2.695,0.1248,0.2875
"['Barista Oat Milk', 'Salted Creamery Butter']",['Organic Whole Milk'],Barista Oat Milk + Salted Creamery Butter,Organic Whole Milk,Barista Oat Milk + Salted Creamery Butter ➔ Organic Whole Milk,0.056,0.8563,2.553,0.0341,4.624,0.0654,0.3354
['Organic Baby Spinach'],['Roma Tomatoes'],Organic Baby Spinach,Roma Tomatoes,Organic Baby Spinach ➔ Roma Tomatoes,0.1545,0.7725,2.541,0.0937,3.059,0.2,0.304
['Roma Tomatoes'],['Organic Baby Spinach'],Roma Tomatoes,Organic Baby Spinach,Roma Tomatoes ➔ Organic Baby Spinach,0.1545,0.5082,2.541,0.0937,1.627,0.304,0.2
"['Organic Baby Spinach', 'Roma Tomatoes']","['Organic Hass Avocados', 'Sparkling Mineral Water']",Organic Baby Spinach + Roma Tomatoes,Organic Hass Avocados + Sparkling Mineral Water,Organic Baby Spinach + Roma Tomatoes ➔ Organic Hass Avocados + Sparkling Mineral Water,0.0751,0.4861,2.506,0.0451,1.568,0.1545,0.194
"['Organic Hass Avocados', 'Sparkling Mineral Water']","['Organic Baby Spinach', 'Roma Tomatoes']",Organic Hass Avocados + Sparkling Mineral Water,Organic Baby Spinach + Roma Tomatoes,Organic Hass Avocados + Sparkling Mineral Water ➔ Organic Baby Spinach + Roma Tomatoes,0.0751,0.3871,2.506,0.0451,1.38,0.194,0.1545
"['Oven Roasted Turkey Breast', 'Roma Tomatoes']","['Organic Hass Avocados', 'Sparkling Mineral Water']",Oven Roasted Turkey Breast + Roma Tomatoes,Organic Hass Avocados + Sparkling Mineral Water,Oven Roasted Turkey Breast + Roma Tomatoes ➔ Organic Hass Avocados + Sparkling Mineral Water,0.044,0.4857,2.503,0.0264,1.567,0.0906,0.194
"['Artisanal Sourdough Bread', 'Grade A Large Pasture Eggs']",['Organic Whole Milk'],Artisanal Sourdough Bread + Grade A Large Pasture Eggs,Organic Whole Milk,Artisanal Sourdough Bread + Grade A Large Pasture Eggs ➔ Organic Whole Milk,0.1098,0.8382,2.499,0.0659,4.107,0.131,0.3354
"['Extra Virgin Olive Oil', 'Roma Tomatoes']","['Organic Hass Avocados', 'Sparkling Mineral Water']",Extra Virgin Olive Oil + Roma Tomatoes,Organic Hass Avocados + Sparkling Mineral Water,Extra Virgin Olive Oil + Roma Tomatoes ➔ Organic Hass Avocados + Sparkling Mineral Water,0.0727,0.4811,2.48,0.0434,1.553,0.1511,0.194
['Roasted Salted Almonds'],"['Roma Tomatoes', 'Sparkling Mineral Water']",Roasted Salted Almonds,Roma Tomatoes + Sparkling Mineral Water,Roasted Salted Almonds ➔ Roma Tomatoes + Sparkling Mineral Water,0.0476,0.3814,2.48,0.0284,1.368,0.1248,0.1538
"['Organic Hass Avocados', 'Sparkling Mineral Water']","['Extra Virgin Olive Oil', 'Roma Tomatoes']",Organic Hass Avocados + Sparkling Mineral Water,Extra Virgin Olive Oil + Roma Tomatoes,Organic Hass Avocados + Sparkling Mineral Water ➔ Extra Virgin Olive Oil + Roma Tomatoes,0.0727,0.3747,2.48,0.0434,1.358,0.194,0.1511
"['Espresso Roast Coffee Beans', 'Madagascar Vanilla Syrup']","['Artisanal Sourdough Bread', 'Organic Whole Milk']",Espresso Roast Coffee Beans + Madagascar Vanilla Syrup,Artisanal Sourdough Bread + Organic Whole Milk,Espresso Roast Coffee Beans + Madagascar Vanilla Syrup ➔ Artisanal Sourdough Bread + Organic Whole Milk,0.0585,0.5056,2.468,0.0348,1.608,0.1157,0.2049
['Madagascar Vanilla Syrup'],['Organic Whole Milk'],Madagascar Vanilla Syrup,Organic Whole Milk,Madagascar Vanilla Syrup ➔ Organic Whole Milk,0.118,0.8275,2.467,0.0702,3.853,0.1426,0.3354
['Organic Whole Milk'],['Madagascar Vanilla Syrup'],Organic Whole Milk,Madagascar Vanilla Syrup,Organic Whole Milk ➔ Madagascar Vanilla Syrup,0.118,0.3518,2.467,0.0702,1.323,0.3354,0.1426
"['Espresso Roast Coffee Beans', 'Salted Creamery Butter']","['Artisanal Sourdough Bread', 'Organic Whole Milk']",Espresso Roast Coffee Beans + Salted Creamery Butter,Artisanal Sourdough Bread + Organic Whole Milk,Espresso Roast Coffee Beans + Salted Creamery Butter ➔ Artisanal Sourdough Bread + Organic Whole Milk,0.0545,0.5037,2.458,0.0323,1.602,0.1082,0.2049
['Oven Roasted Turkey Breast'],['Roma Tomatoes'],Oven Roasted Turkey Breast,Roma Tomatoes,Oven Roasted Turkey Breast ➔ Roma Tomatoes,0.0906,0.7463,2.455,0.0537,2.743,0.1214,0.304
"['Artisanal Sourdough Bread', 'Barista Oat Milk']",['Organic Whole Milk'],Artisanal Sourdough Bread + Barista Oat Milk,Organic Whole Milk,Artisanal Sourdough Bread + Barista Oat Milk ➔ Organic Whole Milk,0.0631,0.8216,2.45,0.0373,3.726,0.0768,0.3354
"['Extra Virgin Olive Oil', 'Organic Baby Spinach']","['Organic Hass Avocados', 'Sparkling Mineral Water']",Extra Virgin Olive Oil + Organic Baby Spinach,Organic Hass Avocados + Sparkling Mineral Water,Extra Virgin Olive Oil + Organic Baby Spinach ➔ Organic Hass Avocados + Sparkling Mineral Water,0.0724,0.4751,2.449,0.0428,1.535,0.1524,0.194
"['Organic Hass Avocados', 'Sparkling Mineral Water']","['Extra Virgin Olive Oil', 'Organic Baby Spinach']",Organic Hass Avocados + Sparkling Mineral Water,Extra Virgin Olive Oil + Organic Baby Spinach,Organic Hass Avocados + Sparkling Mineral Water ➔ Extra Virgin Olive Oil + Organic Baby Spinach,0.0724,0.3732,2.449,0.0428,1.352,0.194,0.1524
"['Artisanal Sourdough Bread', 'Salted Creamery Butter']",['Organic Whole Milk'],Artisanal Sourdough Bread + Salted Creamery Butter,Organic Whole Milk,Artisanal Sourdough Bread + Salted Creamery Butter ➔ Organic Whole Milk,0.0633,0.821,2.448,0.0374,3.713,0.0771,0.3354
"['Fresh Organic Cilantro', 'Roma Tomatoes']","['Organic Hass Avocados', 'Sparkling Mineral Water']",Fresh Organic Cilantro + Roma Tomatoes,Organic Hass Avocados + Sparkling Mineral Water,Fresh Organic Cilantro + Roma Tomatoes ➔ Organic Hass Avocados + Sparkling Mineral Water,0.0518,0.4748,2.447,0.0306,1.535,0.1091,0.194
"['Organic Baby Spinach', 'Roasted Salted Almonds']","['Organic Hass Avocados', 'Sparkling Mineral Water']",Organic Baby Spinach + Roasted Salted Almonds,Organic Hass Avocados + Sparkling Mineral Water,Organic Baby Spinach + Roasted Salted Almonds ➔ Organic Hass Avocados + Sparkling Mineral Water,0.0431,0.4747,2.447,0.0255,1.534,0.0908,0.194
"['Roasted Salted Almonds', 'Roma Tomatoes']","['Organic Hass Avocados', 'Sparkling Mineral Water']",Roasted Salted Almonds + Roma Tomatoes,Organic Hass Avocados + Sparkling Mineral Water,Roasted Salted Almonds + Roma Tomatoes ➔ Organic Hass Avocados + Sparkling Mineral Water,0.0436,0.4744,2.446,0.0258,1.534,0.0919,0.194
"['Grade A Large Pasture Eggs', 'Madagascar Vanilla Syrup']","['Artisanal Sourdough Bread', 'Organic Whole Milk']",Grade A Large Pasture Eggs + Madagascar Vanilla Syrup,Artisanal Sourdough Bread + Organic Whole Milk,Grade A Large Pasture Eggs + Madagascar Vanilla Syrup ➔ Artisanal Sourdough Bread + Organic Whole Milk,0.0582,0.5,2.44,0.0343,1.59,0.1164,0.2049
"['Extra Virgin Olive Oil', 'Oven Roasted Turkey Breast']","['Organic Hass Avocados', 'Sparkling Mineral Water']",Extra Virgin Olive Oil + Oven Roasted Turkey Breast,Organic Hass Avocados + Sparkling Mineral Water,Extra Virgin Olive Oil + Oven Roasted Turkey Breast ➔ Organic Hass Avocados + Sparkling Mineral Water,0.0426,0.4733,2.44,0.0251,1.53,0.09,0.194
"['Organic Baby Spinach', 'Oven Roasted Turkey Breast']","['Organic Hass Avocados', 'Sparkling Mineral Water']",Organic Baby Spinach + Oven Roasted Turkey Breast,Organic Hass Avocados + Sparkling Mineral Water,Organic Baby Spinach + Oven Roasted Turkey Breast ➔ Organic Hass Avocados + Sparkling Mineral Water,0.0427,0.4729,2.437,0.0252,1.529,0.0903,0.194
"['Espresso Roast Coffee Beans', 'Grade A Large Pasture Eggs']","['Artisanal Sourdough Bread', 'Organic Whole Milk']",Espresso Roast Coffee Beans + Grade A Large Pasture Eggs,Artisanal Sourdough Bread + Organic Whole Milk,Espresso Roast Coffee Beans + Grade A Large Pasture Eggs ➔ Artisanal Sourdough Bread + Organic Whole Milk,0.0932,0.4979,2.43,0.0548,1.583,0.1872,0.2049
"['Artisanal Sourdough Bread', 'Organic Whole Milk']","['Espresso Roast Coffee Beans', 'Grade A Large Pasture Eggs']",Artisanal Sourdough Bread + Organic Whole Milk,Espresso Roast Coffee Beans + Grade A Large Pasture Eggs,Artisanal Sourdough Bread + Organic Whole Milk ➔ Espresso Roast Coffee Beans + Grade A Large Pasture Eggs,0.0932,0.4549,2.43,0.0548,1.491,0.2049,0.1872
"['Extra Virgin Olive Oil', 'Roasted Salted Almonds']","['Organic Hass Avocados', 'Sparkling Mineral Water']",Extra Virgin Olive Oil + Roasted Salted Almonds,Organic Hass Avocados + Sparkling Mineral Water,Extra Virgin Olive Oil + Roasted Salted Almonds ➔ Organic Hass Avocados + Sparkling Mineral Water,0.0432,0.4706,2.426,0.0254,1.522,0.0918,0.194
"['Fresh Limes', 'Roma Tomatoes']","['Organic Hass Avocados', 'Sparkling Mineral Water']",Fresh Limes + Roma Tomatoes,Organic Hass Avocados + Sparkling Mineral Water,Fresh Limes + Roma Tomatoes ➔ Organic Hass Avocados + Sparkling Mineral Water,0.0517,0.4704,2.425,0.0304,1.522,0.1099,0.194
"['Organic Tortilla Chips', 'Roma Tomatoes']","['Organic Hass Avocados', 'Sparkling Mineral Water']",Organic Tortilla Chips + Roma Tomatoes,Organic Hass Avocados + Sparkling Mineral Water,Organic Tortilla Chips + Roma Tomatoes ➔ Organic Hass Avocados + Sparkling Mineral Water,0.0518,0.4701,2.423,0.0304,1.521,0.1102,0.194
['Roasted Salted Almonds'],['Roma Tomatoes'],Roasted Salted Almonds,Roma Tomatoes,Roasted Salted Almonds ➔ Roma Tomatoes,0.0919,0.7364,2.422,0.054,2.64,0.1248,0.304
"['Creamy Peanut Butter', 'Organic Strawberry Jam']","['Artisanal Sourdough Bread', 'Organic Whole Milk']",Creamy Peanut Butter + Organic Strawberry Jam,Artisanal Sourdough Bread + Organic Whole Milk,Creamy Peanut Butter + Organic Strawberry Jam ➔ Artisanal Sourdough Bread + Organic Whole Milk,0.0611,0.4947,2.415,0.0358,1.574,0.1235,0.2049
['Espresso Roast Coffee Beans'],['Organic Whole Milk'],Espresso Roast Coffee Beans,Organic Whole Milk,Espresso Roast Coffee Beans ➔ Organic Whole Milk,0.1909,0.8096,2.414,0.1118,3.49,0.2358,0.3354
['Organic Whole Milk'],['Espresso Roast Coffee Beans'],Organic Whole Milk,Espresso Roast Coffee Beans,Organic Whole Milk ➔ Espresso Roast Coffee Beans,0.1909,0.5692,2.414,0.1118,1.774,0.3354,0.2358
"['Creamy Peanut Butter', 'Organic Bananas']","['Artisanal Sourdough Bread', 'Organic Whole Milk']",Creamy Peanut Butter + Organic Bananas,Artisanal Sourdough Bread + Organic Whole Milk,Creamy Peanut Butter + Organic Bananas ➔ Artisanal Sourdough Bread + Organic Whole Milk,0.0397,0.4938,2.41,0.0232,1.571,0.0804,0.2049
"['Madagascar Vanilla Syrup', 'Salted Creamery Butter']","['Artisanal Sourdough Bread', 'Organic Whole Milk']",Madagascar Vanilla Syrup + Salted Creamery Butter,Artisanal Sourdough Bread + Organic Whole Milk,Madagascar Vanilla Syrup + Salted Creamery Butter ➔ Artisanal Sourdough Bread + Organic Whole Milk,0.032,0.4931,2.406,0.0187,1.568,0.0649,0.2049
"['Barista Oat Milk', 'Madagascar Vanilla Syrup']","['Artisanal Sourdough Bread', 'Organic Whole Milk']",Barista Oat Milk + Madagascar Vanilla Syrup,Artisanal Sourdough Bread + Organic Whole Milk,Barista Oat Milk + Madagascar Vanilla Syrup ➔ Artisanal Sourdough Bread + Organic Whole Milk,0.0332,0.4919,2.4,0.0194,1.565,0.0675,0.2049
"['Mild Chunky Salsa', 'Roma Tomatoes']","['Organic Hass Avocados', 'Sparkling Mineral Water']",Mild Chunky Salsa + Roma Tomatoes,Organic Hass Avocados + Sparkling Mineral Water,Mild Chunky Salsa + Roma Tomatoes ➔ Organic Hass Avocados + Sparkling Mineral Water,0.0302,0.4653,2.399,0.0176,1.507,0.0649,0.194
"['Fresh Organic Cilantro', 'Mild Chunky Salsa']","['Organic Hass Avocados', 'Sparkling Mineral Water']",Fresh Organic Cilantro + Mild Chunky Salsa,Organic Hass Avocados + Sparkling Mineral Water,Fresh Organic Cilantro + Mild Chunky Salsa ➔ Organic Hass Avocados + Sparkling Mineral Water,0.0471,0.465,2.397,0.0274,1.506,0.1013,0.194
"['Mild Chunky Salsa', 'Organic Tortilla Chips']","['Organic Hass Avocados', 'Sparkling Mineral Water']",Mild Chunky Salsa + Organic Tortilla Chips,Organic Hass Avocados + Sparkling Mineral Water,Mild Chunky Salsa + Organic Tortilla Chips ➔ Organic Hass Avocados + Sparkling Mineral Water,0.0462,0.4643,2.393,0.0269,1.505,0.0995,0.194
"['Barista Oat Milk', 'Espresso Roast Coffee Beans']","['Artisanal Sourdough Bread', 'Organic Whole Milk']",Barista Oat Milk + Espresso Roast Coffee Beans,Artisanal Sourdough Bread + Organic Whole Milk,Barista Oat Milk + Espresso Roast Coffee Beans ➔ Artisanal Sourdough Bread + Organic Whole Milk,0.0548,0.4875,2.379,0.0318,1.552,0.1124,0.2049
"['Grade A Large Pasture Eggs', 'Salted Creamery Butter']","['Artisanal Sourdough Bread', 'Organic Whole Milk']",Grade A Large Pasture Eggs + Salted Creamery Butter,Artisanal Sourdough Bread + Organic Whole Milk,Grade A Large Pasture Eggs + Salted Creamery Butter ➔ Artisanal Sourdough Bread + Organic Whole Milk,0.0532,0.4872,2.378,0.0308,1.55,0.1092,0.2049
"['Fresh Limes', 'Organic Tortilla Chips']","['Organic Hass Avocados', 'Sparkling Mineral Water']",Fresh Limes + Organic Tortilla Chips,Organic Hass Avocados + Sparkling Mineral Water,Fresh Limes + Organic Tortilla Chips ➔ Organic Hass Avocados + Sparkling Mineral Water,0.0793,0.461,2.377,0.0459,1.495,0.172,0.194
"['Organic Hass Avocados', 'Sparkling Mineral Water']","['Fresh Limes', 'Organic Tortilla Chips']",Organic Hass Avocados + Sparkling Mineral Water,Fresh Limes + Organic Tortilla Chips,Organic Hass Avocados + Sparkling Mineral Water ➔ Fresh Limes + Organic Tortilla Chips,0.0793,0.4088,2.377,0.0459,1.4,0.194,0.172
"['Creamy Peanut Butter', 'Sea Salt Kettle Chips']","['Artisanal Sourdough Bread', 'Organic Whole Milk']",Creamy Peanut Butter + Sea Salt Kettle Chips,Artisanal Sourdough Bread + Organic Whole Milk,Creamy Peanut Butter + Sea Salt Kettle Chips ➔ Artisanal Sourdough Bread + Organic Whole Milk,0.0371,0.4869,2.376,0.0215,1.55,0.0762,0.2049
"['Fresh Limes', 'Mild Chunky Salsa']","['Organic Hass Avocados', 'Sparkling Mineral Water']",Fresh Limes + Mild Chunky Salsa,Organic Hass Avocados + Sparkling Mineral Water,Fresh Limes + Mild Chunky Salsa ➔ Organic Hass Avocados + Sparkling Mineral Water,0.0465,0.4604,2.373,0.0269,1.494,0.101,0.194
"['Fresh Limes', 'Fresh Organic Cilantro']","['Organic Hass Avocados', 'Sparkling Mineral Water']",Fresh Limes + Fresh Organic Cilantro,Organic Hass Avocados + Sparkling Mineral Water,Fresh Limes + Fresh Organic Cilantro ➔ Organic Hass Avocados + Sparkling Mineral Water,0.08,0.46,2.371,0.0463,1.493,0.1739,0.194
"['Organic Hass Avocados', 'Sparkling Mineral Water']","['Fresh Limes', 'Fresh Organic Cilantro']",Organic Hass Avocados + Sparkling Mineral Water,Fresh Limes + Fresh Organic Cilantro,Organic Hass Avocados + Sparkling Mineral Water ➔ Fresh Limes + Fresh Organic Cilantro,0.08,0.4124,2.371,0.0463,1.406,0.194,0.1739
"['Extra Virgin Olive Oil', 'Roasted Salted Almonds', 'Sparkling Mineral Water']",['Organic Hass Avocados'],Extra Virgin Olive Oil + Roasted Salted Almonds + Sparkling Mineral Water,Organic Hass Avocados,Extra Virgin Olive Oil + Roasted Salted Almonds + Sparkling Mineral Water ➔ Organic Hass Avocados,0.0432,0.9191,2.36,0.0249,7.551,0.047,0.3895
"['Roasted Salted Almonds', 'Roma Tomatoes', 'Sparkling Mineral Water']",['Organic Hass Avocados'],Roasted Salted Almonds + Roma Tomatoes + Sparkling Mineral Water,Organic Hass Avocados,Roasted Salted Almonds + Roma Tomatoes + Sparkling Mineral Water ➔ Organic Hass Avocados,0.0436,0.916,2.352,0.0251,7.265,0.0476,0.3895
"['Fresh Organic Cilantro', 'Organic Tortilla Chips']","['Organic Hass Avocados', 'Sparkling Mineral Water']",Fresh Organic Cilantro + Organic Tortilla Chips,Organic Hass Avocados + Sparkling Mineral Water,Fresh Organic Cilantro + Organic Tortilla Chips ➔ Organic Hass Avocados + Sparkling Mineral Water,0.0788,0.4563,2.352,0.0453,1.482,0.1727,0.194
"['Organic Hass Avocados', 'Sparkling Mineral Water']","['Fresh Organic Cilantro', 'Organic Tortilla Chips']",Organic Hass Avocados + Sparkling Mineral Water,Fresh Organic Cilantro + Organic Tortilla Chips,Organic Hass Avocados + Sparkling Mineral Water ➔ Fresh Organic Cilantro + Organic Tortilla Chips,0.0788,0.4062,2.352,0.0453,1.393,0.194,0.1727
"['Barista Oat Milk', 'Grade A Large Pasture Eggs']","['Artisanal Sourdough Bread', 'Organic Whole Milk']",Barista Oat Milk + Grade A Large Pasture Eggs,Artisanal Sourdough Bread + Organic Whole Milk,Barista Oat Milk + Grade A Large Pasture Eggs ➔ Artisanal Sourdough Bread + Organic Whole Milk,0.0543,0.4805,2.345,0.0311,1.531,0.113,0.2049
"['Organic Baby Spinach', 'Roasted Salted Almonds', 'Sparkling Mineral Water']",['Organic Hass Avocados'],Organic Baby Spinach + Roasted Salted Almonds + Sparkling Mineral Water,Organic Hass Avocados,Organic Baby Spinach + Roasted Salted Almonds + Sparkling Mineral Water ➔ Organic Hass Avocados,0.0431,0.9131,2.344,0.0247,7.028,0.0472,0.3895
"['Barista Oat Milk', 'Salted Creamery Butter']","['Artisanal Sourdough Bread', 'Organic Whole Milk']",Barista Oat Milk + Salted Creamery Butter,Artisanal Sourdough Bread + Organic Whole Milk,Barista Oat Milk + Salted Creamery Butter ➔ Artisanal Sourdough Bread + Organic Whole Milk,0.0314,0.4801,2.343,0.018,1.529,0.0654,0.2049
"['Roasted Salted Almonds', 'Sparkling Mineral Water']",['Organic Hass Avocados'],Roasted Salted Almonds + Sparkling Mineral Water,Organic Hass Avocados,Roasted Salted Almonds + Sparkling Mineral Water ➔ Organic Hass Avocados,0.0516,0.9117,2.341,0.0296,6.911,0.0566,0.3895
"['Organic Bananas', 'Organic Strawberry Jam']","['Artisanal Sourdough Bread', 'Organic Whole Milk']",Organic Bananas + Organic Strawberry Jam,Artisanal Sourdough Bread + Organic Whole Milk,Organic Bananas + Organic Strawberry Jam ➔ Artisanal Sourdough Bread + Organic Whole Milk,0.0387,0.4796,2.34,0.0222,1.528,0.0807,0.2049
"['Extra Virgin Olive Oil', 'Roma Tomatoes', 'Sparkling Mineral Water']",['Organic Hass Avocados'],Extra Virgin Olive Oil + Roma Tomatoes + Sparkling Mineral Water,Organic Hass Avocados,Extra Virgin Olive Oil + Roma Tomatoes + Sparkling Mineral Water ➔ Organic Hass Avocados,0.0727,0.9087,2.333,0.0415,6.69,0.08,0.3895
"['Organic Hass Avocados', 'Sparkling Mineral Water']",['Roma Tomatoes'],Organic Hass Avocados + Sparkling Mineral Water,Roma Tomatoes,Organic Hass Avocados + Sparkling Mineral Water ➔ Roma Tomatoes,0.1374,0.7082,2.33,0.0784,2.386,0.194,0.304
['Roma Tomatoes'],"['Organic Hass Avocados', 'Sparkling Mineral Water']",Roma Tomatoes,Organic Hass Avocados + Sparkling Mineral Water,Roma Tomatoes ➔ Organic Hass Avocados + Sparkling Mineral Water,0.1374,0.452,2.33,0.0784,1.471,0.304,0.194
"['Organic Strawberry Jam', 'Sea Salt Kettle Chips']","['Artisanal Sourdough Bread', 'Organic Whole Milk']",Organic Strawberry Jam + Sea Salt Kettle Chips,Artisanal Sourdough Bread + Organic Whole Milk,Organic Strawberry Jam + Sea Salt Kettle Chips ➔ Artisanal Sourdough Bread + Organic Whole Milk,0.0366,0.4772,2.329,0.0209,1.521,0.0767,0.2049
"['Extra Virgin Olive Oil', 'Organic Baby Spinach', 'Sparkling Mineral Water']",['Organic Hass Avocados'],Extra Virgin Olive Oil + Organic Baby Spinach + Sparkling Mineral Water,Organic Hass Avocados,Extra Virgin Olive Oil + Organic Baby Spinach + Sparkling Mineral Water ➔ Organic Hass Avocados,0.0724,0.9039,2.321,0.0412,6.351,0.0801,0.3895
"['Extra Virgin Olive Oil', 'Organic Baby Spinach', 'Roasted Salted Almonds']",['Organic Hass Avocados'],Extra Virgin Olive Oil + Organic Baby Spinach + Roasted Salted Almonds,Organic Hass Avocados,Extra Virgin Olive Oil + Organic Baby Spinach + Roasted Salted Almonds ➔ Organic Hass Avocados,0.071,0.9022,2.316,0.0403,6.24,0.0787,0.3895
"['Extra Virgin Olive Oil', 'Roasted Salted Almonds', 'Roma Tomatoes']",['Organic Hass Avocados'],Extra Virgin Olive Oil + Roasted Salted Almonds + Roma Tomatoes,Organic Hass Avocados,Extra Virgin Olive Oil + Roasted Salted Almonds + Roma Tomatoes ➔ Organic Hass Avocados,0.0698,0.9006,2.312,0.0396,6.145,0.0775,0.3895
"['Organic Baby Spinach', 'Roma Tomatoes', 'Sparkling Mineral Water']",['Organic Hass Avocados'],Organic Baby Spinach + Roma Tomatoes + Sparkling Mineral Water,Organic Hass Avocados,Organic Baby Spinach + Roma Tomatoes + Sparkling Mineral Water ➔ Organic Hass Avocados,0.0751,0.8994,2.309,0.0426,6.069,0.0835,0.3895
"['Organic Baby Spinach', 'Roasted Salted Almonds', 'Roma Tomatoes']",['Organic Hass Avocados'],Organic Baby Spinach + Roasted Salted Almonds + Roma Tomatoes,Organic Hass Avocados,Organic Baby Spinach + Roasted Salted Almonds + Roma Tomatoes ➔ Organic Hass Avocados,0.0706,0.8982,2.306,0.04,5.998,0.0786,0.3895
"['Oven Roasted Turkey Breast', 'Roasted Salted Almonds', 'Roma Tomatoes']",['Organic Hass Avocados'],Oven Roasted Turkey Breast + Roasted Salted Almonds + Roma Tomatoes,Organic Hass Avocados,Oven Roasted Turkey Breast + Roasted Salted Almonds + Roma Tomatoes ➔ Organic Hass Avocados,0.0421,0.8977,2.305,0.0238,5.965,0.0469,0.3895
"['Extra Virgin Olive Oil', 'Organic Baby Spinach', 'Roma Tomatoes']",['Organic Hass Avocados'],Extra Virgin Olive Oil + Organic Baby Spinach + Roma Tomatoes,Organic Hass Avocados,Extra Virgin Olive Oil + Organic Baby Spinach + Roma Tomatoes ➔ Organic Hass Avocados,0.117,0.8972,2.304,0.0662,5.941,0.1304,0.3895
"['Organic Baby Spinach', 'Sparkling Mineral Water']",['Organic Hass Avocados'],Organic Baby Spinach + Sparkling Mineral Water,Organic Hass Avocados,Organic Baby Spinach + Sparkling Mineral Water ➔ Organic Hass Avocados,0.0867,0.8966,2.302,0.049,5.904,0.0967,0.3895
"['Organic Hass Avocados', 'Oven Roasted Turkey Breast', 'Roma Tomatoes']",['Sparkling Mineral Water'],Organic Hass Avocados + Oven Roasted Turkey Breast + Roma Tomatoes,Sparkling Mineral Water,Organic Hass Avocados + Oven Roasted Turkey Breast + Roma Tomatoes ➔ Sparkling Mineral Water,0.044,0.5521,2.299,0.0249,1.696,0.0797,0.2401
"['Organic Baby Spinach', 'Oven Roasted Turkey Breast', 'Roasted Salted Almonds']",['Organic Hass Avocados'],Organic Baby Spinach + Oven Roasted Turkey Breast + Roasted Salted Almonds,Organic Hass Avocados,Organic Baby Spinach + Oven Roasted Turkey Breast + Roasted Salted Almonds ➔ Organic Hass Avocados,0.0425,0.8947,2.297,0.024,5.8,0.0475,0.3895
"['Roma Tomatoes', 'Sparkling Mineral Water']",['Organic Hass Avocados'],Roma Tomatoes + Sparkling Mineral Water,Organic Hass Avocados,Roma Tomatoes + Sparkling Mineral Water ➔ Organic Hass Avocados,0.1374,0.8934,2.294,0.0775,5.725,0.1538,0.3895
['Organic Hass Avocados'],"['Roma Tomatoes', 'Sparkling Mineral Water']",Organic Hass Avocados,Roma Tomatoes + Sparkling Mineral Water,Organic Hass Avocados ➔ Roma Tomatoes + Sparkling Mineral Water,0.1374,0.3528,2.294,0.0775,1.307,0.3895,0.1538
"['Extra Virgin Olive Oil', 'Oven Roasted Turkey Breast', 'Roasted Salted Almonds']",['Organic Hass Avocados'],Extra Virgin Olive Oil + Oven Roasted Turkey Breast + Roasted Salted Almonds,Organic Hass Avocados,Extra Virgin Olive Oil + Oven Roasted Turkey Breast + Roasted Salted Almonds ➔ Organic Hass Avocados,0.0427,0.8933,2.293,0.0241,5.722,0.0478,0.3895
['Barista Oat Milk'],['Organic Whole Milk'],Barista Oat Milk,Organic Whole Milk,Barista Oat Milk ➔ Organic Whole Milk,0.1135,0.769,2.293,0.064,2.877,0.1476,0.3354
['Madagascar Vanilla Syrup'],"['Artisanal Sourdough Bread', 'Organic Whole Milk']",Madagascar Vanilla Syrup,Artisanal Sourdough Bread + Organic Whole Milk,Madagascar Vanilla Syrup ➔ Artisanal Sourdough Bread + Organic Whole Milk,0.067,0.4698,2.293,0.0378,1.5,0.1426,0.2049
['Grade A Large Pasture Eggs'],['Organic Whole Milk'],Grade A Large Pasture Eggs,Organic Whole Milk,Grade A Large Pasture Eggs ➔ Organic Whole Milk,0.1944,0.7687,2.292,0.1096,2.873,0.2529,0.3354
['Organic Whole Milk'],['Grade A Large Pasture Eggs'],Organic Whole Milk,Grade A Large Pasture Eggs,Organic Whole Milk ➔ Grade A Large Pasture Eggs,0.1944,0.5796,2.292,0.1096,1.777,0.3354,0.2529
"['Extra Virgin Olive Oil', 'Organic Hass Avocados', 'Roma Tomatoes']",['Sparkling Mineral Water'],Extra Virgin Olive Oil + Organic Hass Avocados + Roma Tomatoes,Sparkling Mineral Water,Extra Virgin Olive Oil + Organic Hass Avocados + Roma Tomatoes ➔ Sparkling Mineral Water,0.0727,0.5503,2.292,0.041,1.69,0.1321,0.2401
"['Organic Baby Spinach', 'Roasted Salted Almonds']",['Organic Hass Avocados'],Organic Baby Spinach + Roasted Salted Almonds,Organic Hass Avocados,Organic Baby Spinach + Roasted Salted Almonds ➔ Organic Hass Avocados,0.081,0.8921,2.29,0.0456,5.656,0.0908,0.3895
"['Extra Virgin Olive Oil', 'Oven Roasted Turkey Breast', 'Roma Tomatoes']",['Organic Hass Avocados'],Extra Virgin Olive Oil + Oven Roasted Turkey Breast + Roma Tomatoes,Organic Hass Avocados,Extra Virgin Olive Oil + Oven Roasted Turkey Breast + Roma Tomatoes ➔ Organic Hass Avocados,0.0682,0.8903,2.286,0.0384,5.567,0.0766,0.3895
"['Oven Roasted Turkey Breast', 'Roma Tomatoes']",['Sparkling Mineral Water'],Oven Roasted Turkey Breast + Roma Tomatoes,Sparkling Mineral Water,Oven Roasted Turkey Breast + Roma Tomatoes ➔ Sparkling Mineral Water,0.0497,0.5486,2.285,0.0279,1.683,0.0906,0.2401
"['Extra Virgin Olive Oil', 'Organic Baby Spinach', 'Oven Roasted Turkey Breast']",['Organic Hass Avocados'],Extra Virgin Olive Oil + Organic Baby Spinach + Oven Roasted Turkey Breast,Organic Hass Avocados,Extra Virgin Olive Oil + Organic Baby Spinach + Oven Roasted Turkey Breast ➔ Organic Hass Avocados,0.0702,0.8897,2.284,0.0395,5.537,0.0789,0.3895
"['Extra Virgin Olive Oil', 'Oven Roasted Turkey Breast', 'Sparkling Mineral Water']",['Organic Hass Avocados'],Extra Virgin Olive Oil + Oven Roasted Turkey Breast + Sparkling Mineral Water,Organic Hass Avocados,Extra Virgin Olive Oil + Oven Roasted Turkey Breast + Sparkling Mineral Water ➔ Organic Hass Avocados,0.0426,0.8894,2.283,0.0239,5.518,0.0479,0.3895
"['Roasted Salted Almonds', 'Roma Tomatoes']",['Organic Hass Avocados'],Roasted Salted Almonds + Roma Tomatoes,Organic Hass Avocados,Roasted Salted Almonds + Roma Tomatoes ➔ Organic Hass Avocados,0.0817,0.889,2.282,0.0459,5.5,0.0919,0.3895
"['Organic Baby Spinach', 'Roma Tomatoes']",['Organic Hass Avocados'],Organic Baby Spinach + Roma Tomatoes,Organic Hass Avocados,Organic Baby Spinach + Roma Tomatoes ➔ Organic Hass Avocados,0.1372,0.888,2.28,0.077,5.452,0.1545,0.3895
"['Fresh Limes', 'Fresh Organic Cilantro', 'Mild Chunky Salsa']",['Organic Hass Avocados'],Fresh Limes + Fresh Organic Cilantro + Mild Chunky Salsa,Organic Hass Avocados,Fresh Limes + Fresh Organic Cilantro + Mild Chunky Salsa ➔ Organic Hass Avocados,0.0801,0.888,2.28,0.045,5.452,0.0902,0.3895
"['Organic Baby Spinach', 'Organic Hass Avocados', 'Roma Tomatoes']",['Sparkling Mineral Water'],Organic Baby Spinach + Organic Hass Avocados + Roma Tomatoes,Sparkling Mineral Water,Organic Baby Spinach + Organic Hass Avocados + Roma Tomatoes ➔ Sparkling Mineral Water,0.0751,0.5474,2.28,0.0422,1.679,0.1372,0.2401
['Organic Hass Avocados'],"['Organic Baby Spinach', 'Roma Tomatoes']",Organic Hass Avocados,Organic Baby Spinach + Roma Tomatoes,Organic Hass Avocados ➔ Organic Baby Spinach + Roma Tomatoes,0.1372,0.3522,2.28,0.077,1.305,0.3895,0.1545
"['Fresh Limes', 'Mild Chunky Salsa', 'Organic Tortilla Chips']",['Organic Hass Avocados'],Fresh Limes + Mild Chunky Salsa + Organic Tortilla Chips,Organic Hass Avocados,Fresh Limes + Mild Chunky Salsa + Organic Tortilla Chips ➔ Organic Hass Avocados,0.0779,0.8872,2.278,0.0437,5.414,0.0878,0.3895
"['Extra Virgin Olive Oil', 'Organic Hass Avocados', 'Oven Roasted Turkey Breast']",['Sparkling Mineral Water'],Extra Virgin Olive Oil + Organic Hass Avocados + Oven Roasted Turkey Breast,Sparkling Mineral Water,Extra Virgin Olive Oil + Organic Hass Avocados + Oven Roasted Turkey Breast ➔ Sparkling Mineral Water,0.0426,0.5469,2.278,0.0239,1.677,0.0779,0.2401
"['Fresh Organic Cilantro', 'Roma Tomatoes', 'Sparkling Mineral Water']",['Organic Hass Avocados'],Fresh Organic Cilantro + Roma Tomatoes + Sparkling Mineral Water,Organic Hass Avocados,Fresh Organic Cilantro + Roma Tomatoes + Sparkling Mineral Water ➔ Organic Hass Avocados,0.0518,0.887,2.277,0.0291,5.402,0.0584,0.3895
"['Fresh Organic Cilantro', 'Mild Chunky Salsa', 'Sparkling Mineral Water']",['Organic Hass Avocados'],Fresh Organic Cilantro + Mild Chunky Salsa + Sparkling Mineral Water,Organic Hass Avocados,Fresh Organic Cilantro + Mild Chunky Salsa + Sparkling Mineral Water ➔ Organic Hass Avocados,0.0471,0.887,2.277,0.0264,5.403,0.0531,0.3895
"['Organic Baby Spinach', 'Oven Roasted Turkey Breast', 'Roma Tomatoes']",['Organic Hass Avocados'],Organic Baby Spinach + Oven Roasted Turkey Breast + Roma Tomatoes,Organic Hass Avocados,Organic Baby Spinach + Oven Roasted Turkey Breast + Roma Tomatoes ➔ Organic Hass Avocados,0.07,0.8861,2.275,0.0392,5.359,0.079,0.3895
['Sparkling Mineral Water'],"['Organic Hass Avocados', 'Roma Tomatoes']",Sparkling Mineral Water,Organic Hass Avocados + Roma Tomatoes,Sparkling Mineral Water ➔ Organic Hass Avocados + Roma Tomatoes,0.1374,0.5723,2.275,0.077,1.75,0.2401,0.2515
"['Organic Hass Avocados', 'Roma Tomatoes']",['Sparkling Mineral Water'],Organic Hass Avocados + Roma Tomatoes,Sparkling Mineral Water,Organic Hass Avocados + Roma Tomatoes ➔ Sparkling Mineral Water,0.1374,0.5463,2.275,0.077,1.675,0.2515,0.2401
"['Mild Chunky Salsa', 'Roma Tomatoes', 'Sparkling Mineral Water']",['Organic Hass Avocados'],Mild Chunky Salsa + Roma Tomatoes + Sparkling Mineral Water,Organic Hass Avocados,Mild Chunky Salsa + Roma Tomatoes + Sparkling Mineral Water ➔ Organic Hass Avocados,0.0302,0.8856,2.274,0.0169,5.338,0.0341,0.3895
"['Oven Roasted Turkey Breast', 'Roma Tomatoes', 'Sparkling Mineral Water']",['Organic Hass Avocados'],Oven Roasted Turkey Breast + Roma Tomatoes + Sparkling Mineral Water,Organic Hass Avocados,Oven Roasted Turkey Breast + Roma Tomatoes + Sparkling Mineral Water ➔ Organic Hass Avocados,0.044,0.8853,2.273,0.0246,5.323,0.0497,0.3895
"['Extra Virgin Olive Oil', 'Oven Roasted Turkey Breast', 'Roma Tomatoes']",['Sparkling Mineral Water'],Extra Virgin Olive Oil + Oven Roasted Turkey Breast + Roma Tomatoes,Sparkling Mineral Water,Extra Virgin Olive Oil + Oven Roasted Turkey Breast + Roma Tomatoes ➔ Sparkling Mineral Water,0.0418,0.5457,2.273,0.0234,1.673,0.0766,0.2401
"['Organic Baby Spinach', 'Oven Roasted Turkey Breast', 'Sparkling Mineral Water']",['Organic Hass Avocados'],Organic Baby Spinach + Oven Roasted Turkey Breast + Sparkling Mineral Water,Organic Hass Avocados,Organic Baby Spinach + Oven Roasted Turkey Breast + Sparkling Mineral Water ➔ Organic Hass Avocados,0.0427,0.8841,2.27,0.0239,5.266,0.0483,0.3895
"['Fresh Limes', 'Mild Chunky Salsa', 'Sparkling Mineral Water']",['Organic Hass Avocados'],Fresh Limes + Mild Chunky Salsa + Sparkling Mineral Water,Organic Hass Avocados,Fresh Limes + Mild Chunky Salsa + Sparkling Mineral Water ➔ Organic Hass Avocados,0.0465,0.884,2.27,0.026,5.264,0.0526,0.3895
"['Mild Chunky Salsa', 'Organic Tortilla Chips', 'Sparkling Mineral Water']",['Organic Hass Avocados'],Mild Chunky Salsa + Organic Tortilla Chips + Sparkling Mineral Water,Organic Hass Avocados,Mild Chunky Salsa + Organic Tortilla Chips + Sparkling Mineral Water ➔ Organic Hass Avocados,0.0462,0.8834,2.268,0.0258,5.234,0.0523,0.3895
"['Fresh Limes', 'Mild Chunky Salsa']",['Organic Hass Avocados'],Fresh Limes + Mild Chunky Salsa,Organic Hass Avocados,Fresh Limes + Mild Chunky Salsa ➔ Organic Hass Avocados,0.0892,0.8832,2.267,0.0499,5.225,0.101,0.3895
"['Fresh Organic Cilantro', 'Mild Chunky Salsa', 'Roma Tomatoes']",['Organic Hass Avocados'],Fresh Organic Cilantro + Mild Chunky Salsa + Roma Tomatoes,Organic Hass Avocados,Fresh Organic Cilantro + Mild Chunky Salsa + Roma Tomatoes ➔ Organic Hass Avocados,0.0475,0.8829,2.267,0.0265,5.213,0.0538,0.3895
"['Fresh Limes', 'Roma Tomatoes', 'Sparkling Mineral Water']",['Organic Hass Avocados'],Fresh Limes + Roma Tomatoes + Sparkling Mineral Water,Organic Hass Avocados,Fresh Limes + Roma Tomatoes + Sparkling Mineral Water ➔ Organic Hass Avocados,0.0517,0.8823,2.265,0.0289,5.185,0.0586,0.3895
"['Organic Baby Spinach', 'Oven Roasted Turkey Breast']",['Organic Hass Avocados'],Organic Baby Spinach + Oven Roasted Turkey Breast,Organic Hass Avocados,Organic Baby Spinach + Oven Roasted Turkey Breast ➔ Organic Hass Avocados,0.0796,0.8815,2.263,0.0444,5.152,0.0903,0.3895
"['Fresh Limes', 'Fresh Organic Cilantro', 'Roma Tomatoes']",['Organic Hass Avocados'],Fresh Limes + Fresh Organic Cilantro + Roma Tomatoes,Organic Hass Avocados,Fresh Limes + Fresh Organic Cilantro + Roma Tomatoes ➔ Organic Hass Avocados,0.0824,0.8813,2.263,0.046,5.143,0.0935,0.3895
"['Organic Tortilla Chips', 'Roma Tomatoes', 'Sparkling Mineral Water']",['Organic Hass Avocados'],Organic Tortilla Chips + Roma Tomatoes + Sparkling Mineral Water,Organic Hass Avocados,Organic Tortilla Chips + Roma Tomatoes + Sparkling Mineral Water ➔ Organic Hass Avocados,0.0518,0.881,2.262,0.0289,5.128,0.0588,0.3895
['Salted Creamery Butter'],['Organic Whole Milk'],Salted Creamery Butter,Organic Whole Milk,Salted Creamery Butter ➔ Organic Whole Milk,0.111,0.7587,2.262,0.0619,2.754,0.1463,0.3354
"['Fresh Organic Cilantro', 'Mild Chunky Salsa']",['Organic Hass Avocados'],Fresh Organic Cilantro + Mild Chunky Salsa,Organic Hass Avocados,Fresh Organic Cilantro + Mild Chunky Salsa ➔ Organic Hass Avocados,0.0892,0.8806,2.261,0.0497,5.111,0.1013,0.3895
"['Fresh Limes', 'Mild Chunky Salsa', 'Roma Tomatoes']",['Organic Hass Avocados'],Fresh Limes + Mild Chunky Salsa + Roma Tomatoes,Organic Hass Avocados,Fresh Limes + Mild Chunky Salsa + Roma Tomatoes ➔ Organic Hass Avocados,0.0456,0.8803,2.26,0.0254,5.101,0.0518,0.3895
"['Fresh Limes', 'Fresh Organic Cilantro', 'Sparkling Mineral Water']",['Organic Hass Avocados'],Fresh Limes + Fresh Organic Cilantro + Sparkling Mineral Water,Organic Hass Avocados,Fresh Limes + Fresh Organic Cilantro + Sparkling Mineral Water ➔ Organic Hass Avocados,0.08,0.8801,2.26,0.0446,5.091,0.0909,0.3895
"['Oven Roasted Turkey Breast', 'Roma Tomatoes']",['Organic Hass Avocados'],Oven Roasted Turkey Breast + Roma Tomatoes,Organic Hass Avocados,Oven Roasted Turkey Breast + Roma Tomatoes ➔ Organic Hass Avocados,0.0797,0.8797,2.259,0.0444,5.074,0.0906,0.3895
"['Organic Hass Avocados', 'Organic Tortilla Chips', 'Roma Tomatoes']",['Sparkling Mineral Water'],Organic Hass Avocados + Organic Tortilla Chips + Roma Tomatoes,Sparkling Mineral Water,Organic Hass Avocados + Organic Tortilla Chips + Roma Tomatoes ➔ Sparkling Mineral Water,0.0518,0.5424,2.259,0.0289,1.661,0.0955,0.2401
"['Fresh Organic Cilantro', 'Mild Chunky Salsa', 'Organic Tortilla Chips']",['Organic Hass Avocados'],Fresh Organic Cilantro + Mild Chunky Salsa + Organic Tortilla Chips,Organic Hass Avocados,Fresh Organic Cilantro + Mild Chunky Salsa + Organic Tortilla Chips ➔ Organic Hass Avocados,0.0779,0.8792,2.257,0.0434,5.055,0.0886,0.3895
"['Oven Roasted Turkey Breast', 'Roasted Salted Almonds']",['Organic Hass Avocados'],Oven Roasted Turkey Breast + Roasted Salted Almonds,Organic Hass Avocados,Oven Roasted Turkey Breast + Roasted Salted Almonds ➔ Organic Hass Avocados,0.048,0.8791,2.257,0.0267,5.05,0.0546,0.3895
"['Oven Roasted Turkey Breast', 'Sparkling Mineral Water']",['Organic Hass Avocados'],Oven Roasted Turkey Breast + Sparkling Mineral Water,Organic Hass Avocados,Oven Roasted Turkey Breast + Sparkling Mineral Water ➔ Organic Hass Avocados,0.0506,0.8785,2.255,0.0282,5.024,0.0576,0.3895
"['Fresh Limes', 'Organic Tortilla Chips', 'Sparkling Mineral Water']",['Organic Hass Avocados'],Fresh Limes + Organic Tortilla Chips + Sparkling Mineral Water,Organic Hass Avocados,Fresh Limes + Organic Tortilla Chips + Sparkling Mineral Water ➔ Organic Hass Avocados,0.0793,0.8782,2.255,0.0441,5.012,0.0903,0.3895
"['Extra Virgin Olive Oil', 'Organic Baby Spinach', 'Organic Hass Avocados']",['Sparkling Mineral Water'],Extra Virgin Olive Oil + Organic Baby Spinach + Organic Hass Avocados,Sparkling Mineral Water,Extra Virgin Olive Oil + Organic Baby Spinach + Organic Hass Avocados ➔ Sparkling Mineral Water,0.0724,0.5415,2.255,0.0403,1.657,0.1337,0.2401
"['Fresh Limes', 'Roma Tomatoes']",['Organic Hass Avocados'],Fresh Limes + Roma Tomatoes,Organic Hass Avocados,Fresh Limes + Roma Tomatoes ➔ Organic Hass Avocados,0.0965,0.8781,2.254,0.0537,5.007,0.1099,0.3895
"['Fresh Organic Cilantro', 'Roma Tomatoes']",['Organic Hass Avocados'],Fresh Organic Cilantro + Roma Tomatoes,Organic Hass Avocados,Fresh Organic Cilantro + Roma Tomatoes ➔ Organic Hass Avocados,0.0958,0.8781,2.254,0.0533,5.008,0.1091,0.3895
"['Extra Virgin Olive Oil', 'Organic Baby Spinach', 'Oven Roasted Turkey Breast']",['Sparkling Mineral Water'],Extra Virgin Olive Oil + Organic Baby Spinach + Oven Roasted Turkey Breast,Sparkling Mineral Water,Extra Virgin Olive Oil + Organic Baby Spinach + Oven Roasted Turkey Breast ➔ Sparkling Mineral Water,0.0427,0.5412,2.254,0.0238,1.656,0.0789,0.2401
"['Mild Chunky Salsa', 'Organic Tortilla Chips']",['Organic Hass Avocados'],Mild Chunky Salsa + Organic Tortilla Chips,Organic Hass Avocados,Mild Chunky Salsa + Organic Tortilla Chips ➔ Organic Hass Avocados,0.0873,0.8774,2.253,0.0485,4.979,0.0995,0.3895
"['Extra Virgin Olive Oil', 'Organic Baby Spinach']",['Organic Hass Avocados'],Extra Virgin Olive Oil + Organic Baby Spinach,Organic Hass Avocados,Extra Virgin Olive Oil + Organic Baby Spinach ➔ Organic Hass Avocados,0.1337,0.8773,2.252,0.0743,4.975,0.1524,0.3895
"['Fresh Organic Cilantro', 'Organic Hass Avocados', 'Roma Tomatoes']",['Sparkling Mineral Water'],Fresh Organic Cilantro + Organic Hass Avocados + Roma Tomatoes,Sparkling Mineral Water,Fresh Organic Cilantro + Organic Hass Avocados + Roma Tomatoes ➔ Sparkling Mineral Water,0.0518,0.5407,2.252,0.0288,1.655,0.0958,0.2401
"['Extra Virgin Olive Oil', 'Organic Hass Avocados', 'Roasted Salted Almonds']",['Sparkling Mineral Water'],Extra Virgin Olive Oil + Organic Hass Avocados + Roasted Salted Almonds,Sparkling Mineral Water,Extra Virgin Olive Oil + Organic Hass Avocados + Roasted Salted Almonds ➔ Sparkling Mineral Water,0.0432,0.5407,2.252,0.024,1.654,0.0799,0.2401
"['Organic Baby Spinach', 'Roma Tomatoes']",['Sparkling Mineral Water'],Organic Baby Spinach + Roma Tomatoes,Sparkling Mineral Water,Organic Baby Spinach + Roma Tomatoes ➔ Sparkling Mineral Water,0.0835,0.5405,2.251,0.0464,1.654,0.1545,0.2401
"['Organic Baby Spinach', 'Organic Hass Avocados']",['Sparkling Mineral Water'],Organic Baby Spinach + Organic Hass Avocados,Sparkling Mineral Water,Organic Baby Spinach + Organic Hass Avocados ➔ Sparkling Mineral Water,0.0867,0.5405,2.251,0.0482,1.654,0.1604,0.2401
"['Organic Baby Spinach', 'Oven Roasted Turkey Breast', 'Roma Tomatoes']",['Sparkling Mineral Water'],Organic Baby Spinach + Oven Roasted Turkey Breast + Roma Tomatoes,Sparkling Mineral Water,Organic Baby Spinach + Oven Roasted Turkey Breast + Roma Tomatoes ➔ Sparkling Mineral Water,0.0427,0.5405,2.251,0.0237,1.654,0.079,0.2401
['Sparkling Mineral Water'],"['Organic Baby Spinach', 'Organic Hass Avocados']",Sparkling Mineral Water,Organic Baby Spinach + Organic Hass Avocados,Sparkling Mineral Water ➔ Organic Baby Spinach + Organic Hass Avocados,0.0867,0.3611,2.251,0.0482,1.314,0.2401,0.1604
"['Artisanal Sourdough Bread', 'Organic Whole Milk']",['Espresso Roast Coffee Beans'],Artisanal Sourdough Bread + Organic Whole Milk,Espresso Roast Coffee Beans,Artisanal Sourdough Bread + Organic Whole Milk ➔ Espresso Roast Coffee Beans,0.1087,0.5305,2.25,0.0604,1.628,0.2049,0.2358
['Espresso Roast Coffee Beans'],"['Artisanal Sourdough Bread', 'Organic Whole Milk']",Espresso Roast Coffee Beans,Artisanal Sourdough Bread + Organic Whole Milk,Espresso Roast Coffee Beans ➔ Artisanal Sourdough Bread + Organic Whole Milk,0.1087,0.461,2.25,0.0604,1.475,0.2358,0.2049
"['Fresh Limes', 'Fresh Organic Cilantro', 'Organic Tortilla Chips']",['Organic Hass Avocados'],Fresh Limes + Fresh Organic Cilantro + Organic Tortilla Chips,Organic Hass Avocados,Fresh Limes + Fresh Organic Cilantro + Organic Tortilla Chips ➔ Organic Hass Avocados,0.1342,0.876,2.249,0.0745,4.923,0.1532,0.3895
"['Fresh Organic Cilantro', 'Organic Tortilla Chips', 'Sparkling Mineral Water']",['Organic Hass Avocados'],Fresh Organic Cilantro + Organic Tortilla Chips + Sparkling Mineral Water,Organic Hass Avocados,Fresh Organic Cilantro + Organic Tortilla Chips + Sparkling Mineral Water ➔ Organic Hass Avocados,0.0788,0.8756,2.248,0.0437,4.906,0.09,0.3895
"['Organic Hass Avocados', 'Oven Roasted Turkey Breast']",['Sparkling Mineral Water'],Organic Hass Avocados + Oven Roasted Turkey Breast,Sparkling Mineral Water,Organic Hass Avocados + Oven Roasted Turkey Breast ➔ Sparkling Mineral Water,0.0506,0.5394,2.247,0.0281,1.65,0.0938,0.2401
"['Fresh Limes', 'Organic Tortilla Chips', 'Roma Tomatoes']",['Organic Hass Avocados'],Fresh Limes + Organic Tortilla Chips + Roma Tomatoes,Organic Hass Avocados,Fresh Limes + Organic Tortilla Chips + Roma Tomatoes ➔ Organic Hass Avocados,0.0812,0.875,2.246,0.0451,4.884,0.0928,0.3895
"['Mild Chunky Salsa', 'Organic Tortilla Chips', 'Roma Tomatoes']",['Organic Hass Avocados'],Mild Chunky Salsa + Organic Tortilla Chips + Roma Tomatoes,Organic Hass Avocados,Mild Chunky Salsa + Organic Tortilla Chips + Roma Tomatoes ➔ Organic Hass Avocados,0.0461,0.8748,2.246,0.0256,4.875,0.0527,0.3895
"['Fresh Limes', 'Fresh Organic Cilantro']",['Organic Hass Avocados'],Fresh Limes + Fresh Organic Cilantro,Organic Hass Avocados,Fresh Limes + Fresh Organic Cilantro ➔ Organic Hass Avocados,0.1521,0.8746,2.246,0.0844,4.87,0.1739,0.3895
['Organic Hass Avocados'],"['Fresh Limes', 'Fresh Organic Cilantro']",Organic Hass Avocados,Fresh Limes + Fresh Organic Cilantro,Organic Hass Avocados ➔ Fresh Limes + Fresh Organic Cilantro,0.1521,0.3905,2.246,0.0844,1.355,0.3895,0.1739
"['Extra Virgin Olive Oil', 'Roma Tomatoes']",['Organic Hass Avocados'],Extra Virgin Olive Oil + Roma Tomatoes,Organic Hass Avocados,Extra Virgin Olive Oil + Roma Tomatoes ➔ Organic Hass Avocados,0.1321,0.8743,2.245,0.0732,4.855,0.1511,0.3895
"['Fresh Organic Cilantro', 'Sparkling Mineral Water']",['Organic Hass Avocados'],Fresh Organic Cilantro + Sparkling Mineral Water,Organic Hass Avocados,Fresh Organic Cilantro + Sparkling Mineral Water ➔ Organic Hass Avocados,0.091,0.8742,2.244,0.0505,4.851,0.1041,0.3895
"['Fresh Limes', 'Sparkling Mineral Water']",['Organic Hass Avocados'],Fresh Limes + Sparkling Mineral Water,Organic Hass Avocados,Fresh Limes + Sparkling Mineral Water ➔ Organic Hass Avocados,0.0924,0.8742,2.244,0.0512,4.852,0.1057,0.3895
"['Fresh Organic Cilantro', 'Organic Tortilla Chips', 'Roma Tomatoes']",['Organic Hass Avocados'],Fresh Organic Cilantro + Organic Tortilla Chips + Roma Tomatoes,Organic Hass Avocados,Fresh Organic Cilantro + Organic Tortilla Chips + Roma Tomatoes ➔ Organic Hass Avocados,0.0813,0.8742,2.244,0.0451,4.853,0.093,0.3895
"['Fresh Organic Cilantro', 'Organic Tortilla Chips', 'Roma Tomatoes']",['Sparkling Mineral Water'],Fresh Organic Cilantro + Organic Tortilla Chips + Roma Tomatoes,Sparkling Mineral Water,Fresh Organic Cilantro + Organic Tortilla Chips + Roma Tomatoes ➔ Sparkling Mineral Water,0.0501,0.5387,2.244,0.0278,1.647,0.093,0.2401
"['Fresh Limes', 'Organic Tortilla Chips']",['Organic Hass Avocados'],Fresh Limes + Organic Tortilla Chips,Organic Hass Avocados,Fresh Limes + Organic Tortilla Chips ➔ Organic Hass Avocados,0.1502,0.8733,2.242,0.0832,4.817,0.172,0.3895
['Organic Hass Avocados'],"['Fresh Limes', 'Organic Tortilla Chips']",Organic Hass Avocados,Fresh Limes + Organic Tortilla Chips,Organic Hass Avocados ➔ Fresh Limes + Organic Tortilla Chips,0.1502,0.3856,2.242,0.0832,1.348,0.3895,0.172
"['Mild Chunky Salsa', 'Organic Hass Avocados', 'Roma Tomatoes']",['Sparkling Mineral Water'],Mild Chunky Salsa + Organic Hass Avocados + Roma Tomatoes,Sparkling Mineral Water,Mild Chunky Salsa + Organic Hass Avocados + Roma Tomatoes ➔ Sparkling Mineral Water,0.0302,0.5374,2.238,0.0167,1.643,0.0562,0.2401
"['Fresh Limes', 'Fresh Organic Cilantro', 'Roma Tomatoes']",['Sparkling Mineral Water'],Fresh Limes + Fresh Organic Cilantro + Roma Tomatoes,Sparkling Mineral Water,Fresh Limes + Fresh Organic Cilantro + Roma Tomatoes ➔ Sparkling Mineral Water,0.0502,0.5369,2.236,0.0278,1.641,0.0935,0.2401
"['Extra Virgin Olive Oil', 'Organic Baby Spinach', 'Roma Tomatoes']",['Sparkling Mineral Water'],Extra Virgin Olive Oil + Organic Baby Spinach + Roma Tomatoes,Sparkling Mineral Water,Extra Virgin Olive Oil + Organic Baby Spinach + Roma Tomatoes ➔ Sparkling Mineral Water,0.07,0.5368,2.236,0.0387,1.641,0.1304,0.2401
"['Extra Virgin Olive Oil', 'Roasted Salted Almonds']",['Organic Hass Avocados'],Extra Virgin Olive Oil + Roasted Salted Almonds,Organic Hass Avocados,Extra Virgin Olive Oil + Roasted Salted Almonds ➔ Organic Hass Avocados,0.0799,0.8704,2.235,0.0441,4.71,0.0918,0.3895
"['Organic Hass Avocados', 'Sparkling Mineral Water']",['Organic Baby Spinach'],Organic Hass Avocados + Sparkling Mineral Water,Organic Baby Spinach,Organic Hass Avocados + Sparkling Mineral Water ➔ Organic Baby Spinach,0.0867,0.4469,2.235,0.0479,1.446,0.194,0.2
['Organic Baby Spinach'],"['Organic Hass Avocados', 'Sparkling Mineral Water']",Organic Baby Spinach,Organic Hass Avocados + Sparkling Mineral Water,Organic Baby Spinach ➔ Organic Hass Avocados + Sparkling Mineral Water,0.0867,0.4335,2.235,0.0479,1.423,0.2,0.194
"['Organic Baby Spinach', 'Organic Hass Avocados', 'Oven Roasted Turkey Breast']",['Sparkling Mineral Water'],Organic Baby Spinach + Organic Hass Avocados + Oven Roasted Turkey Breast,Sparkling Mineral Water,Organic Baby Spinach + Organic Hass Avocados + Oven Roasted Turkey Breast ➔ Sparkling Mineral Water,0.0427,0.5364,2.234,0.0236,1.639,0.0796,0.2401
"['Fresh Limes', 'Organic Hass Avocados', 'Roma Tomatoes']",['Sparkling Mineral Water'],Fresh Limes + Organic Hass Avocados + Roma Tomatoes,Sparkling Mineral Water,Fresh Limes + Organic Hass Avocados + Roma Tomatoes ➔ Sparkling Mineral Water,0.0517,0.5358,2.231,0.0285,1.637,0.0965,0.2401
"['Fresh Organic Cilantro', 'Roma Tomatoes']",['Sparkling Mineral Water'],Fresh Organic Cilantro + Roma Tomatoes,Sparkling Mineral Water,Fresh Organic Cilantro + Roma Tomatoes ➔ Sparkling Mineral Water,0.0584,0.5353,2.229,0.0322,1.635,0.1091,0.2401
"['Organic Baby Spinach', 'Oven Roasted Turkey Breast']",['Sparkling Mineral Water'],Organic Baby Spinach + Oven Roasted Turkey Breast,Sparkling Mineral Water,Organic Baby Spinach + Oven Roasted Turkey Breast ➔ Sparkling Mineral Water,0.0483,0.5349,2.228,0.0266,1.634,0.0903,0.2401
"['Extra Virgin Olive Oil', 'Sparkling Mineral Water']",['Organic Hass Avocados'],Extra Virgin Olive Oil + Sparkling Mineral Water,Organic Hass Avocados,Extra Virgin Olive Oil + Sparkling Mineral Water ➔ Organic Hass Avocados,0.0838,0.8675,2.227,0.0462,4.607,0.0966,0.3895
"['Fresh Limes', 'Organic Tortilla Chips', 'Roma Tomatoes']",['Sparkling Mineral Water'],Fresh Limes + Organic Tortilla Chips + Roma Tomatoes,Sparkling Mineral Water,Fresh Limes + Organic Tortilla Chips + Roma Tomatoes ➔ Sparkling Mineral Water,0.0496,0.5345,2.226,0.0273,1.632,0.0928,0.2401
"['Organic Tortilla Chips', 'Roma Tomatoes']",['Organic Hass Avocados'],Organic Tortilla Chips + Roma Tomatoes,Organic Hass Avocados,Organic Tortilla Chips + Roma Tomatoes ➔ Organic Hass Avocados,0.0955,0.8666,2.225,0.0526,4.577,0.1102,0.3895
"['Mild Chunky Salsa', 'Sparkling Mineral Water']",['Organic Hass Avocados'],Mild Chunky Salsa + Sparkling Mineral Water,Organic Hass Avocados,Mild Chunky Salsa + Sparkling Mineral Water ➔ Organic Hass Avocados,0.0551,0.8664,2.224,0.0303,4.568,0.0636,0.3895
"['Mild Chunky Salsa', 'Roma Tomatoes']",['Organic Hass Avocados'],Mild Chunky Salsa + Roma Tomatoes,Organic Hass Avocados,Mild Chunky Salsa + Roma Tomatoes ➔ Organic Hass Avocados,0.0562,0.8659,2.223,0.0309,4.554,0.0649,0.3895
"['Organic Tortilla Chips', 'Sparkling Mineral Water']",['Organic Hass Avocados'],Organic Tortilla Chips + Sparkling Mineral Water,Organic Hass Avocados,Organic Tortilla Chips + Sparkling Mineral Water ➔ Organic Hass Avocados,0.0917,0.8659,2.223,0.0505,4.553,0.1059,0.3895
"['Organic Hass Avocados', 'Roasted Salted Almonds', 'Roma Tomatoes']",['Sparkling Mineral Water'],Organic Hass Avocados + Roasted Salted Almonds + Roma Tomatoes,Sparkling Mineral Water,Organic Hass Avocados + Roasted Salted Almonds + Roma Tomatoes ➔ Sparkling Mineral Water,0.0436,0.5337,2.223,0.024,1.629,0.0817,0.2401
"['Fresh Organic Cilantro', 'Organic Tortilla Chips']",['Organic Hass Avocados'],Fresh Organic Cilantro + Organic Tortilla Chips,Organic Hass Avocados,Fresh Organic Cilantro + Organic Tortilla Chips ➔ Organic Hass Avocados,0.1495,0.8657,2.222,0.0822,4.545,0.1727,0.3895
"['Extra Virgin Olive Oil', 'Oven Roasted Turkey Breast']",['Organic Hass Avocados'],Extra Virgin Olive Oil + Oven Roasted Turkey Breast,Organic Hass Avocados,Extra Virgin Olive Oil + Oven Roasted Turkey Breast ➔ Organic Hass Avocados,0.0779,0.8656,2.222,0.0428,4.541,0.09,0.3895
"['Organic Tortilla Chips', 'Roma Tomatoes']",['Sparkling Mineral Water'],Organic Tortilla Chips + Roma Tomatoes,Sparkling Mineral Water,Organic Tortilla Chips + Roma Tomatoes ➔ Sparkling Mineral Water,0.0588,0.5336,2.222,0.0323,1.629,0.1102,0.2401
['Organic Hass Avocados'],"['Fresh Organic Cilantro', 'Organic Tortilla Chips']",Organic Hass Avocados,Fresh Organic Cilantro + Organic Tortilla Chips,Organic Hass Avocados ➔ Fresh Organic Cilantro + Organic Tortilla Chips,0.1495,0.3838,2.222,0.0822,1.343,0.3895,0.1727
"['Fresh Limes', 'Roma Tomatoes']",['Sparkling Mineral Water'],Fresh Limes + Roma Tomatoes,Sparkling Mineral Water,Fresh Limes + Roma Tomatoes ➔ Sparkling Mineral Water,0.0586,0.5332,2.221,0.0322,1.628,0.1099,0.2401
"['Creamy Peanut Butter', 'Organic Bananas', 'Organic Strawberry Jam']",['Artisanal Sourdough Bread'],Creamy Peanut Butter + Organic Bananas + Organic Strawberry Jam,Artisanal Sourdough Bread,Creamy Peanut Butter + Organic Bananas + Organic Strawberry Jam ➔ Artisanal Sourdough Bread,0.0615,0.8798,2.217,0.0338,5.019,0.0699,0.3968
"['Extra Virgin Olive Oil', 'Oven Roasted Turkey Breast']",['Sparkling Mineral Water'],Extra Virgin Olive Oil + Oven Roasted Turkey Breast,Sparkling Mineral Water,Extra Virgin Olive Oil + Oven Roasted Turkey Breast ➔ Sparkling Mineral Water,0.0479,0.5322,2.217,0.0263,1.624,0.09,0.2401
"['Organic Baby Spinach', 'Organic Hass Avocados', 'Roasted Salted Almonds']",['Sparkling Mineral Water'],Organic Baby Spinach + Organic Hass Avocados + Roasted Salted Almonds,Sparkling Mineral Water,Organic Baby Spinach + Organic Hass Avocados + Roasted Salted Almonds ➔ Sparkling Mineral Water,0.0431,0.5321,2.216,0.0237,1.624,0.081,0.2401
"['Organic Hass Avocados', 'Roasted Salted Almonds']",['Sparkling Mineral Water'],Organic Hass Avocados + Roasted Salted Almonds,Sparkling Mineral Water,Organic Hass Avocados + Roasted Salted Almonds ➔ Sparkling Mineral Water,0.0516,0.5303,2.209,0.0282,1.618,0.0973,0.2401
"['Creamy Peanut Butter', 'Organic Bananas', 'Sea Salt Kettle Chips']",['Artisanal Sourdough Bread'],Creamy Peanut Butter + Organic Bananas + Sea Salt Kettle Chips,Artisanal Sourdough Bread,Creamy Peanut Butter + Organic Bananas + Sea Salt Kettle Chips ➔ Artisanal Sourdough Bread,0.036,0.8759,2.207,0.0197,4.861,0.0411,0.3968
"['Extra Virgin Olive Oil', 'Roma Tomatoes']",['Sparkling Mineral Water'],Extra Virgin Olive Oil + Roma Tomatoes,Sparkling Mineral Water,Extra Virgin Olive Oil + Roma Tomatoes ➔ Sparkling Mineral Water,0.08,0.5295,2.205,0.0437,1.615,0.1511,0.2401
"['Mild Chunky Salsa', 'Organic Hass Avocados', 'Organic Tortilla Chips']",['Sparkling Mineral Water'],Mild Chunky Salsa + Organic Hass Avocados + Organic Tortilla Chips,Sparkling Mineral Water,Mild Chunky Salsa + Organic Hass Avocados + Organic Tortilla Chips ➔ Sparkling Mineral Water,0.0462,0.5292,2.204,0.0252,1.614,0.0873,0.2401
"['Organic Hass Avocados', 'Organic Tortilla Chips']",['Sparkling Mineral Water'],Organic Hass Avocados + Organic Tortilla Chips,Sparkling Mineral Water,Organic Hass Avocados + Organic Tortilla Chips ➔ Sparkling Mineral Water,0.0917,0.5285,2.201,0.05,1.612,0.1735,0.2401
['Sparkling Mineral Water'],"['Organic Hass Avocados', 'Organic Tortilla Chips']",Sparkling Mineral Water,Organic Hass Avocados + Organic Tortilla Chips,Sparkling Mineral Water ➔ Organic Hass Avocados + Organic Tortilla Chips,0.0917,0.3819,2.201,0.05,1.337,0.2401,0.1735
"['Fresh Organic Cilantro', 'Mild Chunky Salsa', 'Organic Tortilla Chips']",['Sparkling Mineral Water'],Fresh Organic Cilantro + Mild Chunky Salsa + Organic Tortilla Chips,Sparkling Mineral Water,Fresh Organic Cilantro + Mild Chunky Salsa + Organic Tortilla Chips ➔ Sparkling Mineral Water,0.0468,0.5282,2.2,0.0255,1.611,0.0886,0.2401
"['Creamy Peanut Butter', 'Organic Bananas', 'Organic Whole Milk']",['Artisanal Sourdough Bread'],Creamy Peanut Butter + Organic Bananas + Organic Whole Milk,Artisanal Sourdough Bread,Creamy Peanut Butter + Organic Bananas + Organic Whole Milk ➔ Artisanal Sourdough Bread,0.0397,0.8725,2.199,0.0216,4.732,0.0455,0.3968
"['Extra Virgin Olive Oil', 'Organic Hass Avocados']",['Sparkling Mineral Water'],Extra Virgin Olive Oil + Organic Hass Avocados,Sparkling Mineral Water,Extra Virgin Olive Oil + Organic Hass Avocados ➔ Sparkling Mineral Water,0.0838,0.528,2.199,0.0457,1.61,0.1587,0.2401
"['Fresh Organic Cilantro', 'Mild Chunky Salsa', 'Organic Hass Avocados']",['Sparkling Mineral Water'],Fresh Organic Cilantro + Mild Chunky Salsa + Organic Hass Avocados,Sparkling Mineral Water,Fresh Organic Cilantro + Mild Chunky Salsa + Organic Hass Avocados ➔ Sparkling Mineral Water,0.0471,0.528,2.199,0.0257,1.61,0.0892,0.2401
"['Fresh Limes', 'Organic Hass Avocados', 'Organic Tortilla Chips']",['Sparkling Mineral Water'],Fresh Limes + Organic Hass Avocados + Organic Tortilla Chips,Sparkling Mineral Water,Fresh Limes + Organic Hass Avocados + Organic Tortilla Chips ➔ Sparkling Mineral Water,0.0793,0.528,2.199,0.0432,1.61,0.1502,0.2401
"['Creamy Peanut Butter', 'Organic Strawberry Jam']",['Artisanal Sourdough Bread'],Creamy Peanut Butter + Organic Strawberry Jam,Artisanal Sourdough Bread,Creamy Peanut Butter + Organic Strawberry Jam ➔ Artisanal Sourdough Bread,0.1077,0.8721,2.198,0.0587,4.715,0.1235,0.3968
"['Organic Bananas', 'Organic Strawberry Jam', 'Sea Salt Kettle Chips']",['Artisanal Sourdough Bread'],Organic Bananas + Organic Strawberry Jam + Sea Salt Kettle Chips,Artisanal Sourdough Bread,Organic Bananas + Organic Strawberry Jam + Sea Salt Kettle Chips ➔ Artisanal Sourdough Bread,0.0354,0.8719,2.197,0.0193,4.71,0.0406,0.3968
"['Extra Virgin Olive Oil', 'Organic Baby Spinach', 'Roasted Salted Almonds']",['Sparkling Mineral Water'],Extra Virgin Olive Oil + Organic Baby Spinach + Roasted Salted Almonds,Sparkling Mineral Water,Extra Virgin Olive Oil + Organic Baby Spinach + Roasted Salted Almonds ➔ Sparkling Mineral Water,0.0415,0.5273,2.196,0.0226,1.608,0.0787,0.2401
"['Fresh Organic Cilantro', 'Organic Hass Avocados', 'Organic Tortilla Chips']",['Sparkling Mineral Water'],Fresh Organic Cilantro + Organic Hass Avocados + Organic Tortilla Chips,Sparkling Mineral Water,Fresh Organic Cilantro + Organic Hass Avocados + Organic Tortilla Chips ➔ Sparkling Mineral Water,0.0788,0.5271,2.195,0.0429,1.607,0.1495,0.2401
"['Creamy Peanut Butter', 'Organic Strawberry Jam', 'Organic Whole Milk']",['Artisanal Sourdough Bread'],Creamy Peanut Butter + Organic Strawberry Jam + Organic Whole Milk,Artisanal Sourdough Bread,Creamy Peanut Butter + Organic Strawberry Jam + Organic Whole Milk ➔ Artisanal Sourdough Bread,0.0611,0.8704,2.193,0.0332,4.653,0.0702,0.3968
"['Organic Hass Avocados', 'Sparkling Mineral Water']",['Fresh Organic Cilantro'],Organic Hass Avocados + Sparkling Mineral Water,Fresh Organic Cilantro,Organic Hass Avocados + Sparkling Mineral Water ➔ Fresh Organic Cilantro,0.091,0.4691,2.193,0.0495,1.481,0.194,0.2139
['Fresh Organic Cilantro'],"['Organic Hass Avocados', 'Sparkling Mineral Water']",Fresh Organic Cilantro,Organic Hass Avocados + Sparkling Mineral Water,Fresh Organic Cilantro ➔ Organic Hass Avocados + Sparkling Mineral Water,0.091,0.4254,2.193,0.0495,1.403,0.2139,0.194
"['Fresh Limes', 'Fresh Organic Cilantro', 'Organic Hass Avocados']",['Sparkling Mineral Water'],Fresh Limes + Fresh Organic Cilantro + Organic Hass Avocados,Sparkling Mineral Water,Fresh Limes + Fresh Organic Cilantro + Organic Hass Avocados ➔ Sparkling Mineral Water,0.08,0.526,2.191,0.0435,1.603,0.1521,0.2401
"['Creamy Peanut Butter', 'Organic Strawberry Jam', 'Sea Salt Kettle Chips']",['Artisanal Sourdough Bread'],Creamy Peanut Butter + Organic Strawberry Jam + Sea Salt Kettle Chips,Artisanal Sourdough Bread,Creamy Peanut Butter + Organic Strawberry Jam + Sea Salt Kettle Chips ➔ Artisanal Sourdough Bread,0.0577,0.869,2.19,0.0314,4.604,0.0664,0.3968
"['Extra Virgin Olive Oil', 'Organic Baby Spinach']",['Sparkling Mineral Water'],Extra Virgin Olive Oil + Organic Baby Spinach,Sparkling Mineral Water,Extra Virgin Olive Oil + Organic Baby Spinach ➔ Sparkling Mineral Water,0.0801,0.5256,2.189,0.0435,1.602,0.1524,0.2401
"['Mild Chunky Salsa', 'Organic Tortilla Chips']",['Sparkling Mineral Water'],Mild Chunky Salsa + Organic Tortilla Chips,Sparkling Mineral Water,Mild Chunky Salsa + Organic Tortilla Chips ➔ Sparkling Mineral Water,0.0523,0.5256,2.189,0.0284,1.602,0.0995,0.2401
"['Creamy Peanut Butter', 'Organic Bananas']",['Artisanal Sourdough Bread'],Creamy Peanut Butter + Organic Bananas,Artisanal Sourdough Bread,Creamy Peanut Butter + Organic Bananas ➔ Artisanal Sourdough Bread,0.0698,0.8682,2.188,0.0379,4.575,0.0804,0.3968
"['Fresh Limes', 'Fresh Organic Cilantro', 'Organic Tortilla Chips']",['Sparkling Mineral Water'],Fresh Limes + Fresh Organic Cilantro + Organic Tortilla Chips,Sparkling Mineral Water,Fresh Limes + Fresh Organic Cilantro + Organic Tortilla Chips ➔ Sparkling Mineral Water,0.0805,0.5255,2.188,0.0437,1.601,0.1532,0.2401
"['Mild Chunky Salsa', 'Roma Tomatoes']",['Sparkling Mineral Water'],Mild Chunky Salsa + Roma Tomatoes,Sparkling Mineral Water,Mild Chunky Salsa + Roma Tomatoes ➔ Sparkling Mineral Water,0.0341,0.5254,2.188,0.0185,1.601,0.0649,0.2401
"['Fresh Limes', 'Organic Tortilla Chips']",['Sparkling Mineral Water'],Fresh Limes + Organic Tortilla Chips,Sparkling Mineral Water,Fresh Limes + Organic Tortilla Chips ➔ Sparkling Mineral Water,0.0903,0.525,2.187,0.049,1.6,0.172,0.2401
['Sparkling Mineral Water'],"['Fresh Limes', 'Organic Tortilla Chips']",Sparkling Mineral Water,Fresh Limes + Organic Tortilla Chips,Sparkling Mineral Water ➔ Fresh Limes + Organic Tortilla Chips,0.0903,0.3761,2.187,0.049,1.327,0.2401,0.172
"['Creamy Peanut Butter', 'Sea Salt Kettle Chips']",['Artisanal Sourdough Bread'],Creamy Peanut Butter + Sea Salt Kettle Chips,Artisanal Sourdough Bread,Creamy Peanut Butter + Sea Salt Kettle Chips ➔ Artisanal Sourdough Bread,0.0661,0.8675,2.186,0.0359,4.551,0.0762,0.3968
"['Fresh Organic Cilantro', 'Mild Chunky Salsa']",['Sparkling Mineral Water'],Fresh Organic Cilantro + Mild Chunky Salsa,Sparkling Mineral Water,Fresh Organic Cilantro + Mild Chunky Salsa ➔ Sparkling Mineral Water,0.0531,0.5242,2.183,0.0288,1.597,0.1013,0.2401
"['Organic Bananas', 'Organic Strawberry Jam', 'Organic Whole Milk']",['Artisanal Sourdough Bread'],Organic Bananas + Organic Strawberry Jam + Organic Whole Milk,Artisanal Sourdough Bread,Organic Bananas + Organic Strawberry Jam + Organic Whole Milk ➔ Artisanal Sourdough Bread,0.0387,0.8658,2.182,0.021,4.494,0.0447,0.3968
"['Extra Virgin Olive Oil', 'Roasted Salted Almonds', 'Roma Tomatoes']",['Sparkling Mineral Water'],Extra Virgin Olive Oil + Roasted Salted Almonds + Roma Tomatoes,Sparkling Mineral Water,Extra Virgin Olive Oil + Roasted Salted Almonds + Roma Tomatoes ➔ Sparkling Mineral Water,0.0406,0.5239,2.182,0.022,1.596,0.0775,0.2401
"['Mild Chunky Salsa', 'Organic Hass Avocados']",['Sparkling Mineral Water'],Mild Chunky Salsa + Organic Hass Avocados,Sparkling Mineral Water,Mild Chunky Salsa + Organic Hass Avocados ➔ Sparkling Mineral Water,0.0551,0.5238,2.181,0.0298,1.596,0.1052,0.2401
"['Fresh Organic Cilantro', 'Organic Hass Avocados']",['Sparkling Mineral Water'],Fresh Organic Cilantro + Organic Hass Avocados,Sparkling Mineral Water,Fresh Organic Cilantro + Organic Hass Avocados ➔ Sparkling Mineral Water,0.091,0.5236,2.181,0.0493,1.595,0.1738,0.2401
['Sparkling Mineral Water'],"['Fresh Organic Cilantro', 'Organic Hass Avocados']",Sparkling Mineral Water,Fresh Organic Cilantro + Organic Hass Avocados,Sparkling Mineral Water ➔ Fresh Organic Cilantro + Organic Hass Avocados,0.091,0.379,2.181,0.0493,1.33,0.2401,0.1738
"['Fresh Limes', 'Organic Hass Avocados']",['Sparkling Mineral Water'],Fresh Limes + Organic Hass Avocados,Sparkling Mineral Water,Fresh Limes + Organic Hass Avocados ➔ Sparkling Mineral Water,0.0924,0.5235,2.18,0.05,1.595,0.1765,0.2401
['Sparkling Mineral Water'],"['Fresh Limes', 'Organic Hass Avocados']",Sparkling Mineral Water,Fresh Limes + Organic Hass Avocados,Sparkling Mineral Water ➔ Fresh Limes + Organic Hass Avocados,0.0924,0.3848,2.18,0.05,1.339,0.2401,0.1765
"['Creamy Peanut Butter', 'Organic Whole Milk', 'Sea Salt Kettle Chips']",['Artisanal Sourdough Bread'],Creamy Peanut Butter + Organic Whole Milk + Sea Salt Kettle Chips,Artisanal Sourdough Bread,Creamy Peanut Butter + Organic Whole Milk + Sea Salt Kettle Chips ➔ Artisanal Sourdough Bread,0.0371,0.8648,2.179,0.0201,4.462,0.0429,0.3968
"['Fresh Limes', 'Mild Chunky Salsa', 'Organic Tortilla Chips']",['Sparkling Mineral Water'],Fresh Limes + Mild Chunky Salsa + Organic Tortilla Chips,Sparkling Mineral Water,Fresh Limes + Mild Chunky Salsa + Organic Tortilla Chips ➔ Sparkling Mineral Water,0.0459,0.5228,2.177,0.0248,1.592,0.0878,0.2401
"['Fresh Limes', 'Fresh Organic Cilantro']",['Sparkling Mineral Water'],Fresh Limes + Fresh Organic Cilantro,Sparkling Mineral Water,Fresh Limes + Fresh Organic Cilantro ➔ Sparkling Mineral Water,0.0909,0.5227,2.177,0.0491,1.592,0.1739,0.2401
['Sparkling Mineral Water'],"['Fresh Limes', 'Fresh Organic Cilantro']",Sparkling Mineral Water,Fresh Limes + Fresh Organic Cilantro,Sparkling Mineral Water ➔ Fresh Limes + Fresh Organic Cilantro,0.0909,0.3786,2.177,0.0491,1.329,0.2401,0.1739
"['Organic Bananas', 'Organic Strawberry Jam']",['Artisanal Sourdough Bread'],Organic Bananas + Organic Strawberry Jam,Artisanal Sourdough Bread,Organic Bananas + Organic Strawberry Jam ➔ Artisanal Sourdough Bread,0.0696,0.8625,2.174,0.0376,4.385,0.0807,0.3968
"['Organic Baby Spinach', 'Roasted Salted Almonds', 'Roma Tomatoes']",['Sparkling Mineral Water'],Organic Baby Spinach + Roasted Salted Almonds + Roma Tomatoes,Sparkling Mineral Water,Organic Baby Spinach + Roasted Salted Almonds + Roma Tomatoes ➔ Sparkling Mineral Water,0.041,0.5216,2.173,0.0221,1.589,0.0786,0.2401
"['Fresh Limes', 'Mild Chunky Salsa', 'Organic Hass Avocados']",['Sparkling Mineral Water'],Fresh Limes + Mild Chunky Salsa + Organic Hass Avocados,Sparkling Mineral Water,Fresh Limes + Mild Chunky Salsa + Organic Hass Avocados ➔ Sparkling Mineral Water,0.0465,0.5213,2.171,0.0251,1.587,0.0892,0.2401
"['Fresh Organic Cilantro', 'Organic Tortilla Chips']",['Sparkling Mineral Water'],Fresh Organic Cilantro + Organic Tortilla Chips,Sparkling Mineral Water,Fresh Organic Cilantro + Organic Tortilla Chips ➔ Sparkling Mineral Water,0.09,0.5211,2.17,0.0485,1.587,0.1727,0.2401
"['Fresh Limes', 'Fresh Organic Cilantro', 'Mild Chunky Salsa']",['Sparkling Mineral Water'],Fresh Limes + Fresh Organic Cilantro + Mild Chunky Salsa,Sparkling Mineral Water,Fresh Limes + Fresh Organic Cilantro + Mild Chunky Salsa ➔ Sparkling Mineral Water,0.047,0.5211,2.17,0.0253,1.587,0.0902,0.2401
['Sparkling Mineral Water'],"['Fresh Organic Cilantro', 'Organic Tortilla Chips']",Sparkling Mineral Water,Fresh Organic Cilantro + Organic Tortilla Chips,Sparkling Mineral Water ➔ Fresh Organic Cilantro + Organic Tortilla Chips,0.09,0.3748,2.17,0.0485,1.323,0.2401,0.1727
"['Fresh Limes', 'Mild Chunky Salsa']",['Sparkling Mineral Water'],Fresh Limes + Mild Chunky Salsa,Sparkling Mineral Water,Fresh Limes + Mild Chunky Salsa ➔ Sparkling Mineral Water,0.0526,0.5208,2.169,0.0283,1.586,0.101,0.2401
"['Organic Strawberry Jam', 'Sea Salt Kettle Chips']",['Artisanal Sourdough Bread'],Organic Strawberry Jam + Sea Salt Kettle Chips,Artisanal Sourdough Bread,Organic Strawberry Jam + Sea Salt Kettle Chips ➔ Artisanal Sourdough Bread,0.0659,0.8592,2.165,0.0355,4.284,0.0767,0.3968
"['Organic Baby Spinach', 'Roasted Salted Almonds']",['Sparkling Mineral Water'],Organic Baby Spinach + Roasted Salted Almonds,Sparkling Mineral Water,Organic Baby Spinach + Roasted Salted Almonds ➔ Sparkling Mineral Water,0.0472,0.5198,2.165,0.0254,1.583,0.0908,0.2401
"['Organic Hass Avocados', 'Sparkling Mineral Water']",['Fresh Limes'],Organic Hass Avocados + Sparkling Mineral Water,Fresh Limes,Organic Hass Avocados + Sparkling Mineral Water ➔ Fresh Limes,0.0924,0.4763,2.162,0.0497,1.489,0.194,0.2203
['Fresh Limes'],"['Organic Hass Avocados', 'Sparkling Mineral Water']",Fresh Limes,Organic Hass Avocados + Sparkling Mineral Water,Fresh Limes ➔ Organic Hass Avocados + Sparkling Mineral Water,0.0924,0.4194,2.162,0.0497,1.388,0.2203,0.194
['Creamy Peanut Butter'],"['Artisanal Sourdough Bread', 'Organic Whole Milk']",Creamy Peanut Butter,Artisanal Sourdough Bread + Organic Whole Milk,Creamy Peanut Butter ➔ Artisanal Sourdough Bread + Organic Whole Milk,0.0736,0.4426,2.16,0.0395,1.426,0.1663,0.2049
"['Artisanal Sourdough Bread', 'Organic Whole Milk']",['Creamy Peanut Butter'],Artisanal Sourdough Bread + Organic Whole Milk,Creamy Peanut Butter,Artisanal Sourdough Bread + Organic Whole Milk ➔ Creamy Peanut Butter,0.0736,0.3592,2.16,0.0395,1.301,0.2049,0.1663
['Organic Strawberry Jam'],"['Artisanal Sourdough Bread', 'Organic Whole Milk']",Organic Strawberry Jam,Artisanal Sourdough Bread + Organic Whole Milk,Organic Strawberry Jam ➔ Artisanal Sourdough Bread + Organic Whole Milk,0.0721,0.4423,2.159,0.0387,1.426,0.163,0.2049
"['Artisanal Sourdough Bread', 'Organic Whole Milk']",['Organic Strawberry Jam'],Artisanal Sourdough Bread + Organic Whole Milk,Organic Strawberry Jam,Artisanal Sourdough Bread + Organic Whole Milk ➔ Organic Strawberry Jam,0.0721,0.3519,2.159,0.0387,1.291,0.2049,0.163
"['Roasted Salted Almonds', 'Roma Tomatoes']",['Sparkling Mineral Water'],Roasted Salted Almonds + Roma Tomatoes,Sparkling Mineral Water,Roasted Salted Almonds + Roma Tomatoes ➔ Sparkling Mineral Water,0.0476,0.518,2.157,0.0255,1.576,0.0919,0.2401
"['Organic Strawberry Jam', 'Organic Whole Milk', 'Sea Salt Kettle Chips']",['Artisanal Sourdough Bread'],Organic Strawberry Jam + Organic Whole Milk + Sea Salt Kettle Chips,Artisanal Sourdough Bread,Organic Strawberry Jam + Organic Whole Milk + Sea Salt Kettle Chips ➔ Artisanal Sourdough Bread,0.0366,0.8551,2.155,0.0196,4.164,0.0428,0.3968
"['Organic Bananas', 'Sea Salt Kettle Chips']",['Artisanal Sourdough Bread'],Organic Bananas + Sea Salt Kettle Chips,Artisanal Sourdough Bread,Organic Bananas + Sea Salt Kettle Chips ➔ Artisanal Sourdough Bread,0.0412,0.853,2.15,0.022,4.103,0.0483,0.3968
['Oven Roasted Turkey Breast'],"['Organic Hass Avocados', 'Sparkling Mineral Water']",Oven Roasted Turkey Breast,Organic Hass Avocados + Sparkling Mineral Water,Oven Roasted Turkey Breast ➔ Organic Hass Avocados + Sparkling Mineral Water,0.0506,0.4168,2.148,0.027,1.382,0.1214,0.194
"['Extra Virgin Olive Oil', 'Roasted Salted Almonds']",['Sparkling Mineral Water'],Extra Virgin Olive Oil + Roasted Salted Almonds,Sparkling Mineral Water,Extra Virgin Olive Oil + Roasted Salted Almonds ➔ Sparkling Mineral Water,0.047,0.512,2.132,0.025,1.557,0.0918,0.2401
['Roasted Salted Almonds'],"['Organic Hass Avocados', 'Sparkling Mineral Water']",Roasted Salted Almonds,Organic Hass Avocados + Sparkling Mineral Water,Roasted Salted Almonds ➔ Organic Hass Avocados + Sparkling Mineral Water,0.0516,0.4135,2.131,0.0274,1.374,0.1248,0.194
"['Organic Hass Avocados', 'Sparkling Mineral Water']",['Organic Tortilla Chips'],Organic Hass Avocados + Sparkling Mineral Water,Organic Tortilla Chips,Organic Hass Avocados + Sparkling Mineral Water ➔ Organic Tortilla Chips,0.0917,0.4727,2.126,0.0486,1.475,0.194,0.2223
['Organic Tortilla Chips'],"['Organic Hass Avocados', 'Sparkling Mineral Water']",Organic Tortilla Chips,Organic Hass Avocados + Sparkling Mineral Water,Organic Tortilla Chips ➔ Organic Hass Avocados + Sparkling Mineral Water,0.0917,0.4125,2.126,0.0486,1.372,0.2223,0.194
['Roma Tomatoes'],['Organic Hass Avocados'],Roma Tomatoes,Organic Hass Avocados,Roma Tomatoes ➔ Organic Hass Avocados,0.2515,0.8273,2.124,0.1331,3.535,0.304,0.3895
['Organic Hass Avocados'],['Roma Tomatoes'],Organic Hass Avocados,Roma Tomatoes,Organic Hass Avocados ➔ Roma Tomatoes,0.2515,0.6457,2.124,0.1331,1.964,0.3895,0.304
"['Organic Strawberry Jam', 'Organic Whole Milk']",['Artisanal Sourdough Bread'],Organic Strawberry Jam + Organic Whole Milk,Artisanal Sourdough Bread,Organic Strawberry Jam + Organic Whole Milk ➔ Artisanal Sourdough Bread,0.0721,0.8423,2.123,0.0381,3.825,0.0856,0.3968
"['Artisanal Sourdough Bread', 'Organic Whole Milk']",['Grade A Large Pasture Eggs'],Artisanal Sourdough Bread + Organic Whole Milk,Grade A Large Pasture Eggs,Artisanal Sourdough Bread + Organic Whole Milk ➔ Grade A Large Pasture Eggs,0.1098,0.5359,2.119,0.058,1.61,0.2049,0.2529
['Grade A Large Pasture Eggs'],"['Artisanal Sourdough Bread', 'Organic Whole Milk']",Grade A Large Pasture Eggs,Artisanal Sourdough Bread + Organic Whole Milk,Grade A Large Pasture Eggs ➔ Artisanal Sourdough Bread + Organic Whole Milk,0.1098,0.4342,2.119,0.058,1.405,0.2529,0.2049
"['Creamy Peanut Butter', 'Organic Whole Milk']",['Artisanal Sourdough Bread'],Creamy Peanut Butter + Organic Whole Milk,Artisanal Sourdough Bread,Creamy Peanut Butter + Organic Whole Milk ➔ Artisanal Sourdough Bread,0.0736,0.8402,2.117,0.0388,3.774,0.0876,0.3968
['Salted Creamery Butter'],"['Artisanal Sourdough Bread', 'Organic Whole Milk']",Salted Creamery Butter,Artisanal Sourdough Bread + Organic Whole Milk,Salted Creamery Butter ➔ Artisanal Sourdough Bread + Organic Whole Milk,0.0633,0.4327,2.112,0.0333,1.401,0.1463,0.2049
['Sparkling Mineral Water'],['Roma Tomatoes'],Sparkling Mineral Water,Roma Tomatoes,Sparkling Mineral Water ➔ Roma Tomatoes,0.1538,0.6406,2.107,0.0808,1.936,0.2401,0.304
['Roma Tomatoes'],['Sparkling Mineral Water'],Roma Tomatoes,Sparkling Mineral Water,Roma Tomatoes ➔ Sparkling Mineral Water,0.1538,0.5059,2.107,0.0808,1.538,0.304,0.2401
['Fresh Organic Cilantro'],['Organic Hass Avocados'],Fresh Organic Cilantro,Organic Hass Avocados,Fresh Organic Cilantro ➔ Organic Hass Avocados,0.1738,0.8125,2.086,0.0905,3.257,0.2139,0.3895
['Organic Hass Avocados'],['Fresh Organic Cilantro'],Organic Hass Avocados,Fresh Organic Cilantro,Organic Hass Avocados ➔ Fresh Organic Cilantro,0.1738,0.4462,2.086,0.0905,1.419,0.3895,0.2139
['Barista Oat Milk'],"['Artisanal Sourdough Bread', 'Organic Whole Milk']",Barista Oat Milk,Artisanal Sourdough Bread + Organic Whole Milk,Barista Oat Milk ➔ Artisanal Sourdough Bread + Organic Whole Milk,0.0631,0.4275,2.086,0.0329,1.389,0.1476,0.2049
['Mild Chunky Salsa'],"['Organic Hass Avocados', 'Sparkling Mineral Water']",Mild Chunky Salsa,Organic Hass Avocados + Sparkling Mineral Water,Mild Chunky Salsa ➔ Organic Hass Avocados + Sparkling Mineral Water,0.0551,0.4025,2.075,0.0285,1.349,0.1369,0.194
['Sparkling Mineral Water'],['Organic Hass Avocados'],Sparkling Mineral Water,Organic Hass Avocados,Sparkling Mineral Water ➔ Organic Hass Avocados,0.194,0.808,2.074,0.1005,3.18,0.2401,0.3895
['Organic Hass Avocados'],['Sparkling Mineral Water'],Organic Hass Avocados,Sparkling Mineral Water,Organic Hass Avocados ➔ Sparkling Mineral Water,0.194,0.4981,2.074,0.1005,1.514,0.3895,0.2401
"['Organic Whole Milk', 'Sea Salt Kettle Chips']",['Artisanal Sourdough Bread'],Organic Whole Milk + Sea Salt Kettle Chips,Artisanal Sourdough Bread,Organic Whole Milk + Sea Salt Kettle Chips ➔ Artisanal Sourdough Bread,0.047,0.8202,2.067,0.0243,3.356,0.0573,0.3968
['Organic Baby Spinach'],['Organic Hass Avocados'],Organic Baby Spinach,Organic Hass Avocados,Organic Baby Spinach ➔ Organic Hass Avocados,0.1604,0.802,2.059,0.0825,3.083,0.2,0.3895
['Organic Hass Avocados'],['Organic Baby Spinach'],Organic Hass Avocados,Organic Baby Spinach,Organic Hass Avocados ➔ Organic Baby Spinach,0.1604,0.4118,2.059,0.0825,1.36,0.3895,0.2
['Fresh Limes'],['Organic Hass Avocados'],Fresh Limes,Organic Hass Avocados,Fresh Limes ➔ Organic Hass Avocados,0.1765,0.8012,2.057,0.0907,3.071,0.2203,0.3895
['Organic Hass Avocados'],['Fresh Limes'],Organic Hass Avocados,Fresh Limes,Organic Hass Avocados ➔ Fresh Limes,0.1765,0.4531,2.057,0.0907,1.426,0.3895,0.2203
['Fresh Organic Cilantro'],['Sparkling Mineral Water'],Fresh Organic Cilantro,Sparkling Mineral Water,Fresh Organic Cilantro ➔ Sparkling Mineral Water,0.1041,0.4867,2.027,0.0527,1.48,0.2139,0.2401
['Sparkling Mineral Water'],['Fresh Organic Cilantro'],Sparkling Mineral Water,Fresh Organic Cilantro,Sparkling Mineral Water ➔ Fresh Organic Cilantro,0.1041,0.4336,2.027,0.0527,1.388,0.2401,0.2139
['Organic Baby Spinach'],['Sparkling Mineral Water'],Organic Baby Spinach,Sparkling Mineral Water,Organic Baby Spinach ➔ Sparkling Mineral Water,0.0967,0.4835,2.014,0.0487,1.471,0.2,0.2401
['Sparkling Mineral Water'],['Organic Baby Spinach'],Sparkling Mineral Water,Organic Baby Spinach,Sparkling Mineral Water ➔ Organic Baby Spinach,0.0967,0.4027,2.014,0.0487,1.339,0.2401,0.2
['Organic Tortilla Chips'],['Organic Hass Avocados'],Organic Tortilla Chips,Organic Hass Avocados,Organic Tortilla Chips ➔ Organic Hass Avocados,0.1735,0.7805,2.004,0.0869,2.781,0.2223,0.3895
['Organic Hass Avocados'],['Organic Tortilla Chips'],Organic Hass Avocados,Organic Tortilla Chips,Organic Hass Avocados ➔ Organic Tortilla Chips,0.1735,0.4454,2.004,0.0869,1.402,0.3895,0.2223
['Roasted Salted Almonds'],['Organic Hass Avocados'],Roasted Salted Almonds,Organic Hass Avocados,Roasted Salted Almonds ➔ Organic Hass Avocados,0.0973,0.7796,2.002,0.0487,2.771,0.1248,0.3895
['Organic Strawberry Jam'],['Artisanal Sourdough Bread'],Organic Strawberry Jam,Artisanal Sourdough Bread,Organic Strawberry Jam ➔ Artisanal Sourdough Bread,0.1293,0.7933,1.999,0.0646,2.918,0.163,0.3968
['Fresh Limes'],['Sparkling Mineral Water'],Fresh Limes,Sparkling Mineral Water,Fresh Limes ➔ Sparkling Mineral Water,0.1057,0.4798,1.998,0.0528,1.461,0.2203,0.2401
['Sparkling Mineral Water'],['Fresh Limes'],Sparkling Mineral Water,Fresh Limes,Sparkling Mineral Water ➔ Fresh Limes,0.1057,0.4402,1.998,0.0528,1.393,0.2401,0.2203
['Creamy Peanut Butter'],['Artisanal Sourdough Bread'],Creamy Peanut Butter,Artisanal Sourdough Bread,Creamy Peanut Butter ➔ Artisanal Sourdough Bread,0.1316,0.7913,1.994,0.0656,2.891,0.1663,0.3968
['Oven Roasted Turkey Breast'],['Organic Hass Avocados'],Oven Roasted Turkey Breast,Organic Hass Avocados,Oven Roasted Turkey Breast ➔ Organic Hass Avocados,0.0938,0.7727,1.984,0.0465,2.685,0.1214,0.3895
['Organic Tortilla Chips'],['Sparkling Mineral Water'],Organic Tortilla Chips,Sparkling Mineral Water,Organic Tortilla Chips ➔ Sparkling Mineral Water,0.1059,0.4764,1.984,0.0525,1.451,0.2223,0.2401
['Sparkling Mineral Water'],['Organic Tortilla Chips'],Sparkling Mineral Water,Organic Tortilla Chips,Sparkling Mineral Water ➔ Organic Tortilla Chips,0.1059,0.4411,1.984,0.0525,1.391,0.2401,0.2223
"['Fresh Organic Cilantro', 'Sparkling Mineral Water']","['Organic Hass Avocados', 'Roma Tomatoes']",Fresh Organic Cilantro + Sparkling Mineral Water,Organic Hass Avocados + Roma Tomatoes,Fresh Organic Cilantro + Sparkling Mineral Water ➔ Organic Hass Avocados + Roma Tomatoes,0.0518,0.4976,1.979,0.0256,1.49,0.1041,0.2515
['Oven Roasted Turkey Breast'],['Sparkling Mineral Water'],Oven Roasted Turkey Breast,Sparkling Mineral Water,Oven Roasted Turkey Breast ➔ Sparkling Mineral Water,0.0576,0.4745,1.976,0.0285,1.446,0.1214,0.2401
['Mild Chunky Salsa'],['Organic Hass Avocados'],Mild Chunky Salsa,Organic Hass Avocados,Mild Chunky Salsa ➔ Organic Hass Avocados,0.1052,0.7684,1.973,0.0519,2.637,0.1369,0.3895
"['Organic Bananas', 'Organic Whole Milk']",['Artisanal Sourdough Bread'],Organic Bananas + Organic Whole Milk,Artisanal Sourdough Bread,Organic Bananas + Organic Whole Milk ➔ Artisanal Sourdough Bread,0.0534,0.7773,1.959,0.0261,2.708,0.0687,0.3968
['Sea Salt Kettle Chips'],"['Artisanal Sourdough Bread', 'Organic Whole Milk']",Sea Salt Kettle Chips,Artisanal Sourdough Bread + Organic Whole Milk,Sea Salt Kettle Chips ➔ Artisanal Sourdough Bread + Organic Whole Milk,0.047,0.4014,1.959,0.023,1.328,0.1171,0.2049
"['Fresh Limes', 'Sparkling Mineral Water']","['Organic Hass Avocados', 'Roma Tomatoes']",Fresh Limes + Sparkling Mineral Water,Organic Hass Avocados + Roma Tomatoes,Fresh Limes + Sparkling Mineral Water ➔ Organic Hass Avocados + Roma Tomatoes,0.0517,0.4891,1.945,0.0251,1.465,0.1057,0.2515
"['Organic Tortilla Chips', 'Sparkling Mineral Water']","['Organic Hass Avocados', 'Roma Tomatoes']",Organic Tortilla Chips + Sparkling Mineral Water,Organic Hass Avocados + Roma Tomatoes,Organic Tortilla Chips + Sparkling Mineral Water ➔ Organic Hass Avocados + Roma Tomatoes,0.0518,0.4891,1.945,0.0252,1.465,0.1059,0.2515
['Mild Chunky Salsa'],['Sparkling Mineral Water'],Mild Chunky Salsa,Sparkling Mineral Water,Mild Chunky Salsa ➔ Sparkling Mineral Water,0.0636,0.4646,1.935,0.0307,1.419,0.1369,0.2401
"['Artisanal Sourdough Bread', 'Grated Parmesan Cheese', 'Penne Rigate Pasta']",['Extra Virgin Olive Oil'],Artisanal Sourdough Bread + Grated Parmesan Cheese + Penne Rigate Pasta,Extra Virgin Olive Oil,Artisanal Sourdough Bread + Grated Parmesan Cheese + Penne Rigate Pasta ➔ Extra Virgin Olive Oil,0.046,0.5437,1.891,0.0217,1.562,0.0846,0.2875
"['Artisanal Sourdough Bread', 'Grated Parmesan Cheese', 'Slow-Simmered Marinara']",['Extra Virgin Olive Oil'],Artisanal Sourdough Bread + Grated Parmesan Cheese + Slow-Simmered Marinara,Extra Virgin Olive Oil,Artisanal Sourdough Bread + Grated Parmesan Cheese + Slow-Simmered Marinara ➔ Extra Virgin Olive Oil,0.0455,0.5436,1.891,0.0214,1.561,0.0837,0.2875
['Roasted Salted Almonds'],['Sparkling Mineral Water'],Roasted Salted Almonds,Sparkling Mineral Water,Roasted Salted Almonds ➔ Sparkling Mineral Water,0.0566,0.4535,1.889,0.0266,1.391,0.1248,0.2401
"['Mild Chunky Salsa', 'Sparkling Mineral Water']","['Organic Hass Avocados', 'Roma Tomatoes']",Mild Chunky Salsa + Sparkling Mineral Water,Organic Hass Avocados + Roma Tomatoes,Mild Chunky Salsa + Sparkling Mineral Water ➔ Organic Hass Avocados + Roma Tomatoes,0.0302,0.4748,1.888,0.0142,1.425,0.0636,0.2515
"['Fresh Limes', 'Fresh Organic Cilantro']","['Organic Hass Avocados', 'Roma Tomatoes']",Fresh Limes + Fresh Organic Cilantro,Organic Hass Avocados + Roma Tomatoes,Fresh Limes + Fresh Organic Cilantro ➔ Organic Hass Avocados + Roma Tomatoes,0.0824,0.4738,1.884,0.0387,1.423,0.1739,0.2515
"['Fresh Limes', 'Organic Tortilla Chips']","['Organic Hass Avocados', 'Roma Tomatoes']",Fresh Limes + Organic Tortilla Chips,Organic Hass Avocados + Roma Tomatoes,Fresh Limes + Organic Tortilla Chips ➔ Organic Hass Avocados + Roma Tomatoes,0.0812,0.4721,1.877,0.0379,1.418,0.172,0.2515
"['Fresh Organic Cilantro', 'Organic Hass Avocados', 'Sparkling Mineral Water']",['Roma Tomatoes'],Fresh Organic Cilantro + Organic Hass Avocados + Sparkling Mineral Water,Roma Tomatoes,Fresh Organic Cilantro + Organic Hass Avocados + Sparkling Mineral Water ➔ Roma Tomatoes,0.0518,0.5692,1.872,0.0241,1.616,0.091,0.304
"['Fresh Organic Cilantro', 'Organic Tortilla Chips']","['Organic Hass Avocados', 'Roma Tomatoes']",Fresh Organic Cilantro + Organic Tortilla Chips,Organic Hass Avocados + Roma Tomatoes,Fresh Organic Cilantro + Organic Tortilla Chips ➔ Organic Hass Avocados + Roma Tomatoes,0.0813,0.4708,1.872,0.0379,1.414,0.1727,0.2515
"['Grated Parmesan Cheese', 'Penne Rigate Pasta']",['Extra Virgin Olive Oil'],Grated Parmesan Cheese + Penne Rigate Pasta,Extra Virgin Olive Oil,Grated Parmesan Cheese + Penne Rigate Pasta ➔ Extra Virgin Olive Oil,0.0845,0.5375,1.87,0.0393,1.541,0.1572,0.2875
"['Fresh Organic Cilantro', 'Mild Chunky Salsa']","['Organic Hass Avocados', 'Roma Tomatoes']",Fresh Organic Cilantro + Mild Chunky Salsa,Organic Hass Avocados + Roma Tomatoes,Fresh Organic Cilantro + Mild Chunky Salsa ➔ Organic Hass Avocados + Roma Tomatoes,0.0475,0.4689,1.864,0.022,1.409,0.1013,0.2515
"['Grated Parmesan Cheese', 'Penne Rigate Pasta', 'Slow-Simmered Marinara']",['Extra Virgin Olive Oil'],Grated Parmesan Cheese + Penne Rigate Pasta + Slow-Simmered Marinara,Extra Virgin Olive Oil,Grated Parmesan Cheese + Penne Rigate Pasta + Slow-Simmered Marinara ➔ Extra Virgin Olive Oil,0.0735,0.5345,1.859,0.034,1.531,0.1375,0.2875
"['Organic Hass Avocados', 'Organic Tortilla Chips', 'Sparkling Mineral Water']",['Roma Tomatoes'],Organic Hass Avocados + Organic Tortilla Chips + Sparkling Mineral Water,Roma Tomatoes,Organic Hass Avocados + Organic Tortilla Chips + Sparkling Mineral Water ➔ Roma Tomatoes,0.0518,0.5649,1.858,0.0239,1.6,0.0917,0.304
"['Grated Parmesan Cheese', 'Slow-Simmered Marinara']",['Extra Virgin Olive Oil'],Grated Parmesan Cheese + Slow-Simmered Marinara,Extra Virgin Olive Oil,Grated Parmesan Cheese + Slow-Simmered Marinara ➔ Extra Virgin Olive Oil,0.084,0.534,1.857,0.0388,1.529,0.1573,0.2875
"['Artisanal Sourdough Bread', 'Penne Rigate Pasta', 'Slow-Simmered Marinara']",['Extra Virgin Olive Oil'],Artisanal Sourdough Bread + Penne Rigate Pasta + Slow-Simmered Marinara,Extra Virgin Olive Oil,Artisanal Sourdough Bread + Penne Rigate Pasta + Slow-Simmered Marinara ➔ Extra Virgin Olive Oil,0.044,0.532,1.851,0.0202,1.523,0.0827,0.2875
['Sea Salt Kettle Chips'],['Artisanal Sourdough Bread'],Sea Salt Kettle Chips,Artisanal Sourdough Bread,Sea Salt Kettle Chips ➔ Artisanal Sourdough Bread,0.0859,0.7336,1.849,0.0394,2.264,0.1171,0.3968
"['72% Dark Chocolate Bar', 'Grated Parmesan Cheese']",['Extra Virgin Olive Oil'],72% Dark Chocolate Bar + Grated Parmesan Cheese,Extra Virgin Olive Oil,72% Dark Chocolate Bar + Grated Parmesan Cheese ➔ Extra Virgin Olive Oil,0.052,0.5306,1.846,0.0238,1.518,0.098,0.2875
"['Fresh Organic Cilantro', 'Sparkling Mineral Water']",['Roma Tomatoes'],Fresh Organic Cilantro + Sparkling Mineral Water,Roma Tomatoes,Fresh Organic Cilantro + Sparkling Mineral Water ➔ Roma Tomatoes,0.0584,0.561,1.845,0.0268,1.585,0.1041,0.304
"['Penne Rigate Pasta', 'Slow-Simmered Marinara']",['Extra Virgin Olive Oil'],Penne Rigate Pasta + Slow-Simmered Marinara,Extra Virgin Olive Oil,Penne Rigate Pasta + Slow-Simmered Marinara ➔ Extra Virgin Olive Oil,0.0821,0.53,1.844,0.0376,1.516,0.1549,0.2875
"['Mild Chunky Salsa', 'Organic Tortilla Chips']","['Organic Hass Avocados', 'Roma Tomatoes']",Mild Chunky Salsa + Organic Tortilla Chips,Organic Hass Avocados + Roma Tomatoes,Mild Chunky Salsa + Organic Tortilla Chips ➔ Organic Hass Avocados + Roma Tomatoes,0.0461,0.4633,1.842,0.0211,1.395,0.0995,0.2515
"['Fresh Limes', 'Organic Hass Avocados', 'Sparkling Mineral Water']",['Roma Tomatoes'],Fresh Limes + Organic Hass Avocados + Sparkling Mineral Water,Roma Tomatoes,Fresh Limes + Organic Hass Avocados + Sparkling Mineral Water ➔ Roma Tomatoes,0.0517,0.5595,1.841,0.0236,1.58,0.0924,0.304
"['Organic Hass Avocados', 'Roma Tomatoes', 'Sparkling Mineral Water']",['Extra Virgin Olive Oil'],Organic Hass Avocados + Roma Tomatoes + Sparkling Mineral Water,Extra Virgin Olive Oil,Organic Hass Avocados + Roma Tomatoes + Sparkling Mineral Water ➔ Extra Virgin Olive Oil,0.0727,0.5291,1.84,0.0332,1.513,0.1374,0.2875
"['72% Dark Chocolate Bar', 'Grated Parmesan Cheese', 'Penne Rigate Pasta']",['Extra Virgin Olive Oil'],72% Dark Chocolate Bar + Grated Parmesan Cheese + Penne Rigate Pasta,Extra Virgin Olive Oil,72% Dark Chocolate Bar + Grated Parmesan Cheese + Penne Rigate Pasta ➔ Extra Virgin Olive Oil,0.0452,0.528,1.837,0.0206,1.51,0.0856,0.2875
"['Fresh Organic Cilantro', 'Organic Tortilla Chips', 'Sparkling Mineral Water']",['Roma Tomatoes'],Fresh Organic Cilantro + Organic Tortilla Chips + Sparkling Mineral Water,Roma Tomatoes,Fresh Organic Cilantro + Organic Tortilla Chips + Sparkling Mineral Water ➔ Roma Tomatoes,0.0501,0.5567,1.831,0.0227,1.57,0.09,0.304
"['72% Dark Chocolate Bar', 'Grated Parmesan Cheese', 'Slow-Simmered Marinara']",['Extra Virgin Olive Oil'],72% Dark Chocolate Bar + Grated Parmesan Cheese + Slow-Simmered Marinara,Extra Virgin Olive Oil,72% Dark Chocolate Bar + Grated Parmesan Cheese + Slow-Simmered Marinara ➔ Extra Virgin Olive Oil,0.0442,0.5256,1.828,0.02,1.502,0.0841,0.2875
"['Organic Hass Avocados', 'Roma Tomatoes']",['Extra Virgin Olive Oil'],Organic Hass Avocados + Roma Tomatoes,Extra Virgin Olive Oil,Organic Hass Avocados + Roma Tomatoes ➔ Extra Virgin Olive Oil,0.1321,0.5252,1.827,0.0598,1.501,0.2515,0.2875
['Extra Virgin Olive Oil'],"['Organic Hass Avocados', 'Roma Tomatoes']",Extra Virgin Olive Oil,Organic Hass Avocados + Roma Tomatoes,Extra Virgin Olive Oil ➔ Organic Hass Avocados + Roma Tomatoes,0.1321,0.4595,1.827,0.0598,1.385,0.2875,0.2515
"['Organic Tortilla Chips', 'Sparkling Mineral Water']",['Roma Tomatoes'],Organic Tortilla Chips + Sparkling Mineral Water,Roma Tomatoes,Organic Tortilla Chips + Sparkling Mineral Water ➔ Roma Tomatoes,0.0588,0.5552,1.826,0.0266,1.565,0.1059,0.304
"['Fresh Limes', 'Sparkling Mineral Water']",['Roma Tomatoes'],Fresh Limes + Sparkling Mineral Water,Roma Tomatoes,Fresh Limes + Sparkling Mineral Water ➔ Roma Tomatoes,0.0586,0.5544,1.824,0.0265,1.562,0.1057,0.304
"['Fresh Limes', 'Fresh Organic Cilantro', 'Sparkling Mineral Water']",['Roma Tomatoes'],Fresh Limes + Fresh Organic Cilantro + Sparkling Mineral Water,Roma Tomatoes,Fresh Limes + Fresh Organic Cilantro + Sparkling Mineral Water ➔ Roma Tomatoes,0.0502,0.5523,1.817,0.0226,1.554,0.0909,0.304
"['72% Dark Chocolate Bar', 'Slow-Simmered Marinara']",['Extra Virgin Olive Oil'],72% Dark Chocolate Bar + Slow-Simmered Marinara,Extra Virgin Olive Oil,72% Dark Chocolate Bar + Slow-Simmered Marinara ➔ Extra Virgin Olive Oil,0.05,0.5225,1.817,0.0225,1.492,0.0957,0.2875
"['Fresh Organic Cilantro', 'Organic Hass Avocados']",['Roma Tomatoes'],Fresh Organic Cilantro + Organic Hass Avocados,Roma Tomatoes,Fresh Organic Cilantro + Organic Hass Avocados ➔ Roma Tomatoes,0.0958,0.5512,1.813,0.043,1.551,0.1738,0.304
"['72% Dark Chocolate Bar', 'Penne Rigate Pasta']",['Extra Virgin Olive Oil'],72% Dark Chocolate Bar + Penne Rigate Pasta,Extra Virgin Olive Oil,72% Dark Chocolate Bar + Penne Rigate Pasta ➔ Extra Virgin Olive Oil,0.0503,0.5212,1.813,0.0226,1.488,0.0965,0.2875
"['Organic Hass Avocados', 'Organic Tortilla Chips']",['Roma Tomatoes'],Organic Hass Avocados + Organic Tortilla Chips,Roma Tomatoes,Organic Hass Avocados + Organic Tortilla Chips ➔ Roma Tomatoes,0.0955,0.5504,1.811,0.0428,1.548,0.1735,0.304
"['Roma Tomatoes', 'Sparkling Mineral Water']",['Extra Virgin Olive Oil'],Roma Tomatoes + Sparkling Mineral Water,Extra Virgin Olive Oil,Roma Tomatoes + Sparkling Mineral Water ➔ Extra Virgin Olive Oil,0.08,0.5202,1.809,0.0358,1.485,0.1538,0.2875
"['Fresh Limes', 'Organic Tortilla Chips', 'Sparkling Mineral Water']",['Roma Tomatoes'],Fresh Limes + Organic Tortilla Chips + Sparkling Mineral Water,Roma Tomatoes,Fresh Limes + Organic Tortilla Chips + Sparkling Mineral Water ➔ Roma Tomatoes,0.0496,0.5493,1.807,0.0221,1.544,0.0903,0.304
"['72% Dark Chocolate Bar', 'Penne Rigate Pasta', 'Slow-Simmered Marinara']",['Extra Virgin Olive Oil'],72% Dark Chocolate Bar + Penne Rigate Pasta + Slow-Simmered Marinara,Extra Virgin Olive Oil,72% Dark Chocolate Bar + Penne Rigate Pasta + Slow-Simmered Marinara ➔ Extra Virgin Olive Oil,0.0429,0.5194,1.807,0.0192,1.482,0.0826,0.2875
"['Mild Chunky Salsa', 'Organic Hass Avocados', 'Sparkling Mineral Water']",['Roma Tomatoes'],Mild Chunky Salsa + Organic Hass Avocados + Sparkling Mineral Water,Roma Tomatoes,Mild Chunky Salsa + Organic Hass Avocados + Sparkling Mineral Water ➔ Roma Tomatoes,0.0302,0.5481,1.803,0.0134,1.54,0.0551,0.304
"['Fresh Limes', 'Organic Hass Avocados']",['Roma Tomatoes'],Fresh Limes + Organic Hass Avocados,Roma Tomatoes,Fresh Limes + Organic Hass Avocados ➔ Roma Tomatoes,0.0965,0.5467,1.798,0.0428,1.536,0.1765,0.304
"['Fresh Limes', 'Mild Chunky Salsa']","['Organic Hass Avocados', 'Roma Tomatoes']",Fresh Limes + Mild Chunky Salsa,Organic Hass Avocados + Roma Tomatoes,Fresh Limes + Mild Chunky Salsa ➔ Organic Hass Avocados + Roma Tomatoes,0.0456,0.4515,1.795,0.0202,1.365,0.101,0.2515
"['Fresh Organic Cilantro', 'Organic Hass Avocados', 'Organic Tortilla Chips']",['Roma Tomatoes'],Fresh Organic Cilantro + Organic Hass Avocados + Organic Tortilla Chips,Roma Tomatoes,Fresh Organic Cilantro + Organic Hass Avocados + Organic Tortilla Chips ➔ Roma Tomatoes,0.0813,0.5438,1.789,0.0359,1.526,0.1495,0.304
"['Fresh Limes', 'Fresh Organic Cilantro', 'Organic Tortilla Chips']",['Roma Tomatoes'],Fresh Limes + Fresh Organic Cilantro + Organic Tortilla Chips,Roma Tomatoes,Fresh Limes + Fresh Organic Cilantro + Organic Tortilla Chips ➔ Roma Tomatoes,0.083,0.5418,1.782,0.0364,1.519,0.1532,0.304
"['Fresh Limes', 'Fresh Organic Cilantro', 'Organic Hass Avocados']",['Roma Tomatoes'],Fresh Limes + Fresh Organic Cilantro + Organic Hass Avocados,Roma Tomatoes,Fresh Limes + Fresh Organic Cilantro + Organic Hass Avocados ➔ Roma Tomatoes,0.0824,0.5417,1.782,0.0362,1.519,0.1521,0.304
['Fresh Organic Cilantro'],"['Organic Hass Avocados', 'Roma Tomatoes']",Fresh Organic Cilantro,Organic Hass Avocados + Roma Tomatoes,Fresh Organic Cilantro ➔ Organic Hass Avocados + Roma Tomatoes,0.0958,0.4479,1.781,0.042,1.356,0.2139,0.2515
"['Organic Hass Avocados', 'Roma Tomatoes']",['Fresh Organic Cilantro'],Organic Hass Avocados + Roma Tomatoes,Fresh Organic Cilantro,Organic Hass Avocados + Roma Tomatoes ➔ Fresh Organic Cilantro,0.0958,0.3809,1.781,0.042,1.27,0.2515,0.2139
"['Fresh Limes', 'Organic Hass Avocados', 'Organic Tortilla Chips']",['Roma Tomatoes'],Fresh Limes + Organic Hass Avocados + Organic Tortilla Chips,Roma Tomatoes,Fresh Limes + Organic Hass Avocados + Organic Tortilla Chips ➔ Roma Tomatoes,0.0812,0.5406,1.778,0.0355,1.515,0.1502,0.304
"['Fresh Organic Cilantro', 'Mild Chunky Salsa', 'Organic Tortilla Chips']",['Roma Tomatoes'],Fresh Organic Cilantro + Mild Chunky Salsa + Organic Tortilla Chips,Roma Tomatoes,Fresh Organic Cilantro + Mild Chunky Salsa + Organic Tortilla Chips ➔ Roma Tomatoes,0.0479,0.5406,1.778,0.021,1.515,0.0886,0.304
"['Artisanal Sourdough Bread', 'Grated Parmesan Cheese']",['Extra Virgin Olive Oil'],Artisanal Sourdough Bread + Grated Parmesan Cheese,Extra Virgin Olive Oil,Artisanal Sourdough Bread + Grated Parmesan Cheese ➔ Extra Virgin Olive Oil,0.0533,0.511,1.777,0.0233,1.457,0.1043,0.2875
"['Fresh Limes', 'Organic Tortilla Chips']",['Roma Tomatoes'],Fresh Limes + Organic Tortilla Chips,Roma Tomatoes,Fresh Limes + Organic Tortilla Chips ➔ Roma Tomatoes,0.0928,0.5395,1.775,0.0405,1.512,0.172,0.304
"['Roma Tomatoes', 'Sparkling Mineral Water']",['Fresh Organic Cilantro'],Roma Tomatoes + Sparkling Mineral Water,Fresh Organic Cilantro,Roma Tomatoes + Sparkling Mineral Water ➔ Fresh Organic Cilantro,0.0584,0.3797,1.775,0.0255,1.267,0.1538,0.2139
"['Fresh Organic Cilantro', 'Organic Tortilla Chips']",['Roma Tomatoes'],Fresh Organic Cilantro + Organic Tortilla Chips,Roma Tomatoes,Fresh Organic Cilantro + Organic Tortilla Chips ➔ Roma Tomatoes,0.093,0.5385,1.771,0.0405,1.508,0.1727,0.304
"['Fresh Limes', 'Fresh Organic Cilantro']",['Roma Tomatoes'],Fresh Limes + Fresh Organic Cilantro,Roma Tomatoes,Fresh Limes + Fresh Organic Cilantro ➔ Roma Tomatoes,0.0935,0.5377,1.769,0.0406,1.505,0.1739,0.304
"['Mild Chunky Salsa', 'Sparkling Mineral Water']",['Roma Tomatoes'],Mild Chunky Salsa + Sparkling Mineral Water,Roma Tomatoes,Mild Chunky Salsa + Sparkling Mineral Water ➔ Roma Tomatoes,0.0341,0.5362,1.764,0.0148,1.501,0.0636,0.304
"['Organic Hass Avocados', 'Roma Tomatoes', 'Sparkling Mineral Water']",['Fresh Organic Cilantro'],Organic Hass Avocados + Roma Tomatoes + Sparkling Mineral Water,Fresh Organic Cilantro,Organic Hass Avocados + Roma Tomatoes + Sparkling Mineral Water ➔ Fresh Organic Cilantro,0.0518,0.377,1.763,0.0224,1.262,0.1374,0.2139
"['Mild Chunky Salsa', 'Organic Hass Avocados']",['Roma Tomatoes'],Mild Chunky Salsa + Organic Hass Avocados,Roma Tomatoes,Mild Chunky Salsa + Organic Hass Avocados ➔ Roma Tomatoes,0.0562,0.5342,1.757,0.0242,1.494,0.1052,0.304
['Grated Parmesan Cheese'],['Extra Virgin Olive Oil'],Grated Parmesan Cheese,Extra Virgin Olive Oil,Grated Parmesan Cheese ➔ Extra Virgin Olive Oil,0.1025,0.5049,1.756,0.0441,1.439,0.203,0.2875
['Extra Virgin Olive Oil'],['Grated Parmesan Cheese'],Extra Virgin Olive Oil,Grated Parmesan Cheese,Extra Virgin Olive Oil ➔ Grated Parmesan Cheese,0.1025,0.3565,1.756,0.0441,1.239,0.2875,0.203
['Organic Bananas'],"['Artisanal Sourdough Bread', 'Organic Whole Milk']",Organic Bananas,Artisanal Sourdough Bread + Organic Whole Milk,Organic Bananas ➔ Artisanal Sourdough Bread + Organic Whole Milk,0.0534,0.3594,1.754,0.023,1.241,0.1486,0.2049
"['Fresh Organic Cilantro', 'Mild Chunky Salsa', 'Organic Hass Avocados']",['Roma Tomatoes'],Fresh Organic Cilantro + Mild Chunky Salsa + Organic Hass Avocados,Roma Tomatoes,Fresh Organic Cilantro + Mild Chunky Salsa + Organic Hass Avocados ➔ Roma Tomatoes,0.0475,0.5325,1.752,0.0204,1.489,0.0892,0.304
"['Fresh Organic Cilantro', 'Mild Chunky Salsa']",['Roma Tomatoes'],Fresh Organic Cilantro + Mild Chunky Salsa,Roma Tomatoes,Fresh Organic Cilantro + Mild Chunky Salsa ➔ Roma Tomatoes,0.0538,0.5311,1.747,0.023,1.484,0.1013,0.304
"['Mild Chunky Salsa', 'Organic Tortilla Chips']",['Roma Tomatoes'],Mild Chunky Salsa + Organic Tortilla Chips,Roma Tomatoes,Mild Chunky Salsa + Organic Tortilla Chips ➔ Roma Tomatoes,0.0527,0.5296,1.742,0.0225,1.48,0.0995,0.304
['Fresh Limes'],"['Organic Hass Avocados', 'Roma Tomatoes']",Fresh Limes,Organic Hass Avocados + Roma Tomatoes,Fresh Limes ➔ Organic Hass Avocados + Roma Tomatoes,0.0965,0.438,1.742,0.0411,1.332,0.2203,0.2515
"['Organic Hass Avocados', 'Roma Tomatoes']",['Fresh Limes'],Organic Hass Avocados + Roma Tomatoes,Fresh Limes,Organic Hass Avocados + Roma Tomatoes ➔ Fresh Limes,0.0965,0.3837,1.742,0.0411,1.265,0.2515,0.2203
"['Mild Chunky Salsa', 'Organic Hass Avocados', 'Organic Tortilla Chips']",['Roma Tomatoes'],Mild Chunky Salsa + Organic Hass Avocados + Organic Tortilla Chips,Roma Tomatoes,Mild Chunky Salsa + Organic Hass Avocados + Organic Tortilla Chips ➔ Roma Tomatoes,0.0461,0.5281,1.737,0.0196,1.475,0.0873,0.304
"['Fresh Limes', 'Fresh Organic Cilantro', 'Mild Chunky Salsa']",['Roma Tomatoes'],Fresh Limes + Fresh Organic Cilantro + Mild Chunky Salsa,Roma Tomatoes,Fresh Limes + Fresh Organic Cilantro + Mild Chunky Salsa ➔ Roma Tomatoes,0.0475,0.5266,1.732,0.0201,1.47,0.0902,0.304
"['Fresh Limes', 'Mild Chunky Salsa', 'Organic Tortilla Chips']",['Roma Tomatoes'],Fresh Limes + Mild Chunky Salsa + Organic Tortilla Chips,Roma Tomatoes,Fresh Limes + Mild Chunky Salsa + Organic Tortilla Chips ➔ Roma Tomatoes,0.0462,0.5262,1.731,0.0195,1.469,0.0878,0.304
"['Roma Tomatoes', 'Sparkling Mineral Water']",['Fresh Limes'],Roma Tomatoes + Sparkling Mineral Water,Fresh Limes,Roma Tomatoes + Sparkling Mineral Water ➔ Fresh Limes,0.0586,0.381,1.73,0.0247,1.26,0.1538,0.2203
['Extra Virgin Olive Oil'],['Roma Tomatoes'],Extra Virgin Olive Oil,Roma Tomatoes,Extra Virgin Olive Oil ➔ Roma Tomatoes,0.1511,0.5256,1.729,0.0637,1.467,0.2875,0.304
['Roma Tomatoes'],['Extra Virgin Olive Oil'],Roma Tomatoes,Extra Virgin Olive Oil,Roma Tomatoes ➔ Extra Virgin Olive Oil,0.1511,0.497,1.729,0.0637,1.417,0.304,0.2875
"['Artisanal Sourdough Bread', 'Slow-Simmered Marinara']",['Extra Virgin Olive Oil'],Artisanal Sourdough Bread + Slow-Simmered Marinara,Extra Virgin Olive Oil,Artisanal Sourdough Bread + Slow-Simmered Marinara ➔ Extra Virgin Olive Oil,0.0513,0.4961,1.726,0.0216,1.414,0.1034,0.2875
"['Roma Tomatoes', 'Sparkling Mineral Water']",['Organic Tortilla Chips'],Roma Tomatoes + Sparkling Mineral Water,Organic Tortilla Chips,Roma Tomatoes + Sparkling Mineral Water ➔ Organic Tortilla Chips,0.0588,0.3823,1.72,0.0246,1.259,0.1538,0.2223
['Slow-Simmered Marinara'],['Extra Virgin Olive Oil'],Slow-Simmered Marinara,Extra Virgin Olive Oil,Slow-Simmered Marinara ➔ Extra Virgin Olive Oil,0.0992,0.4928,1.714,0.0413,1.405,0.2013,0.2875
['Organic Tortilla Chips'],"['Organic Hass Avocados', 'Roma Tomatoes']",Organic Tortilla Chips,Organic Hass Avocados + Roma Tomatoes,Organic Tortilla Chips ➔ Organic Hass Avocados + Roma Tomatoes,0.0955,0.4296,1.708,0.0396,1.312,0.2223,0.2515
"['Organic Hass Avocados', 'Roma Tomatoes']",['Organic Tortilla Chips'],Organic Hass Avocados + Roma Tomatoes,Organic Tortilla Chips,Organic Hass Avocados + Roma Tomatoes ➔ Organic Tortilla Chips,0.0955,0.3797,1.708,0.0396,1.254,0.2515,0.2223
"['Organic Hass Avocados', 'Roma Tomatoes', 'Sparkling Mineral Water']",['Fresh Limes'],Organic Hass Avocados + Roma Tomatoes + Sparkling Mineral Water,Fresh Limes,Organic Hass Avocados + Roma Tomatoes + Sparkling Mineral Water ➔ Fresh Limes,0.0517,0.3763,1.708,0.0214,1.25,0.1374,0.2203
"['Creamy Peanut Butter', 'Organic Bananas', 'Organic Strawberry Jam']",['Organic Whole Milk'],Creamy Peanut Butter + Organic Bananas + Organic Strawberry Jam,Organic Whole Milk,Creamy Peanut Butter + Organic Bananas + Organic Strawberry Jam ➔ Organic Whole Milk,0.0399,0.5708,1.702,0.0165,1.549,0.0699,0.3354
"['Creamy Peanut Butter', 'Organic Strawberry Jam', 'Sea Salt Kettle Chips']",['Organic Whole Milk'],Creamy Peanut Butter + Organic Strawberry Jam + Sea Salt Kettle Chips,Organic Whole Milk,Creamy Peanut Butter + Organic Strawberry Jam + Sea Salt Kettle Chips ➔ Organic Whole Milk,0.0378,0.5693,1.697,0.0155,1.543,0.0664,0.3354
"['Artisanal Sourdough Bread', 'Creamy Peanut Butter', 'Organic Bananas']",['Organic Whole Milk'],Artisanal Sourdough Bread + Creamy Peanut Butter + Organic Bananas,Organic Whole Milk,Artisanal Sourdough Bread + Creamy Peanut Butter + Organic Bananas ➔ Organic Whole Milk,0.0397,0.5688,1.696,0.0163,1.541,0.0698,0.3354
"['Organic Hass Avocados', 'Roma Tomatoes', 'Sparkling Mineral Water']",['Organic Tortilla Chips'],Organic Hass Avocados + Roma Tomatoes + Sparkling Mineral Water,Organic Tortilla Chips,Organic Hass Avocados + Roma Tomatoes + Sparkling Mineral Water ➔ Organic Tortilla Chips,0.0518,0.377,1.696,0.0213,1.248,0.1374,0.2223
"['Creamy Peanut Butter', 'Organic Strawberry Jam']",['Organic Whole Milk'],Creamy Peanut Butter + Organic Strawberry Jam,Organic Whole Milk,Creamy Peanut Butter + Organic Strawberry Jam ➔ Organic Whole Milk,0.0702,0.5684,1.695,0.0288,1.54,0.1235,0.3354
"['Artisanal Sourdough Bread', 'Creamy Peanut Butter', 'Organic Strawberry Jam']",['Organic Whole Milk'],Artisanal Sourdough Bread + Creamy Peanut Butter + Organic Strawberry Jam,Organic Whole Milk,Artisanal Sourdough Bread + Creamy Peanut Butter + Organic Strawberry Jam ➔ Organic Whole Milk,0.0611,0.5673,1.691,0.025,1.536,0.1077,0.3354
"['Creamy Peanut Butter', 'Organic Bananas']",['Organic Whole Milk'],Creamy Peanut Butter + Organic Bananas,Organic Whole Milk,Creamy Peanut Butter + Organic Bananas ➔ Organic Whole Milk,0.0455,0.5659,1.687,0.0185,1.531,0.0804,0.3354
"['Fresh Limes', 'Mild Chunky Salsa']",['Roma Tomatoes'],Fresh Limes + Mild Chunky Salsa,Roma Tomatoes,Fresh Limes + Mild Chunky Salsa ➔ Roma Tomatoes,0.0518,0.5129,1.687,0.0211,1.429,0.101,0.304
"['Fresh Limes', 'Mild Chunky Salsa', 'Organic Hass Avocados']",['Roma Tomatoes'],Fresh Limes + Mild Chunky Salsa + Organic Hass Avocados,Roma Tomatoes,Fresh Limes + Mild Chunky Salsa + Organic Hass Avocados ➔ Roma Tomatoes,0.0456,0.5112,1.682,0.0185,1.424,0.0892,0.304
"['Creamy Peanut Butter', 'Sea Salt Kettle Chips']",['Organic Whole Milk'],Creamy Peanut Butter + Sea Salt Kettle Chips,Organic Whole Milk,Creamy Peanut Butter + Sea Salt Kettle Chips ➔ Organic Whole Milk,0.0429,0.563,1.679,0.0173,1.521,0.0762,0.3354
['Penne Rigate Pasta'],['Extra Virgin Olive Oil'],Penne Rigate Pasta,Extra Virgin Olive Oil,Penne Rigate Pasta ➔ Extra Virgin Olive Oil,0.1009,0.4828,1.679,0.0408,1.378,0.209,0.2875
['Extra Virgin Olive Oil'],['Penne Rigate Pasta'],Extra Virgin Olive Oil,Penne Rigate Pasta,Extra Virgin Olive Oil ➔ Penne Rigate Pasta,0.1009,0.351,1.679,0.0408,1.219,0.2875,0.209
['Fresh Organic Cilantro'],['Roma Tomatoes'],Fresh Organic Cilantro,Roma Tomatoes,Fresh Organic Cilantro ➔ Roma Tomatoes,0.1091,0.5101,1.678,0.0441,1.421,0.2139,0.304
['Roma Tomatoes'],['Fresh Organic Cilantro'],Roma Tomatoes,Fresh Organic Cilantro,Roma Tomatoes ➔ Fresh Organic Cilantro,0.1091,0.3589,1.678,0.0441,1.226,0.304,0.2139
"['Artisanal Sourdough Bread', 'Creamy Peanut Butter', 'Sea Salt Kettle Chips']",['Organic Whole Milk'],Artisanal Sourdough Bread + Creamy Peanut Butter + Sea Salt Kettle Chips,Organic Whole Milk,Artisanal Sourdough Bread + Creamy Peanut Butter + Sea Salt Kettle Chips ➔ Organic Whole Milk,0.0371,0.5613,1.673,0.0149,1.515,0.0661,0.3354
"['Artisanal Sourdough Bread', 'Creamy Peanut Butter']",['Organic Whole Milk'],Artisanal Sourdough Bread + Creamy Peanut Butter,Organic Whole Milk,Artisanal Sourdough Bread + Creamy Peanut Butter ➔ Organic Whole Milk,0.0736,0.5593,1.667,0.0295,1.508,0.1316,0.3354
"['Artisanal Sourdough Bread', 'Organic Bananas']",['Organic Whole Milk'],Artisanal Sourdough Bread + Organic Bananas,Organic Whole Milk,Artisanal Sourdough Bread + Organic Bananas ➔ Organic Whole Milk,0.0534,0.558,1.664,0.0213,1.504,0.0957,0.3354
"['Organic Strawberry Jam', 'Sea Salt Kettle Chips']",['Organic Whole Milk'],Organic Strawberry Jam + Sea Salt Kettle Chips,Organic Whole Milk,Organic Strawberry Jam + Sea Salt Kettle Chips ➔ Organic Whole Milk,0.0428,0.558,1.664,0.0171,1.504,0.0767,0.3354
"['Artisanal Sourdough Bread', 'Organic Strawberry Jam']",['Organic Whole Milk'],Artisanal Sourdough Bread + Organic Strawberry Jam,Organic Whole Milk,Artisanal Sourdough Bread + Organic Strawberry Jam ➔ Organic Whole Milk,0.0721,0.5576,1.663,0.0287,1.502,0.1293,0.3354
['72% Dark Chocolate Bar'],['Extra Virgin Olive Oil'],72% Dark Chocolate Bar,Extra Virgin Olive Oil,72% Dark Chocolate Bar ➔ Extra Virgin Olive Oil,0.0634,0.4781,1.663,0.0253,1.365,0.1326,0.2875
"['Artisanal Sourdough Bread', 'Organic Bananas', 'Organic Strawberry Jam']",['Organic Whole Milk'],Artisanal Sourdough Bread + Organic Bananas + Organic Strawberry Jam,Organic Whole Milk,Artisanal Sourdough Bread + Organic Bananas + Organic Strawberry Jam ➔ Organic Whole Milk,0.0387,0.556,1.658,0.0154,1.497,0.0696,0.3354
"['Artisanal Sourdough Bread', 'Organic Strawberry Jam', 'Sea Salt Kettle Chips']",['Organic Whole Milk'],Artisanal Sourdough Bread + Organic Strawberry Jam + Sea Salt Kettle Chips,Organic Whole Milk,Artisanal Sourdough Bread + Organic Strawberry Jam + Sea Salt Kettle Chips ➔ Organic Whole Milk,0.0366,0.5554,1.656,0.0145,1.495,0.0659,0.3354
"['Organic Bananas', 'Organic Strawberry Jam']",['Organic Whole Milk'],Organic Bananas + Organic Strawberry Jam,Organic Whole Milk,Organic Bananas + Organic Strawberry Jam ➔ Organic Whole Milk,0.0447,0.5539,1.651,0.0176,1.49,0.0807,0.3354
"['Artisanal Sourdough Bread', 'Penne Rigate Pasta']",['Extra Virgin Olive Oil'],Artisanal Sourdough Bread + Penne Rigate Pasta,Extra Virgin Olive Oil,Artisanal Sourdough Bread + Penne Rigate Pasta ➔ Extra Virgin Olive Oil,0.0511,0.4745,1.65,0.0201,1.356,0.1077,0.2875
['Fresh Limes'],['Roma Tomatoes'],Fresh Limes,Roma Tomatoes,Fresh Limes ➔ Roma Tomatoes,0.1099,0.4989,1.641,0.0429,1.389,0.2203,0.304
['Roma Tomatoes'],['Fresh Limes'],Roma Tomatoes,Fresh Limes,Roma Tomatoes ➔ Fresh Limes,0.1099,0.3615,1.641,0.0429,1.221,0.304,0.2203
['Mild Chunky Salsa'],"['Organic Hass Avocados', 'Roma Tomatoes']",Mild Chunky Salsa,Organic Hass Avocados + Roma Tomatoes,Mild Chunky Salsa ➔ Organic Hass Avocados + Roma Tomatoes,0.0562,0.4105,1.632,0.0218,1.27,0.1369,0.2515
"['Artisanal Sourdough Bread', 'Sea Salt Kettle Chips']",['Organic Whole Milk'],Artisanal Sourdough Bread + Sea Salt Kettle Chips,Organic Whole Milk,Artisanal Sourdough Bread + Sea Salt Kettle Chips ➔ Organic Whole Milk,0.047,0.5471,1.631,0.0182,1.468,0.0859,0.3354
['Organic Tortilla Chips'],['Roma Tomatoes'],Organic Tortilla Chips,Roma Tomatoes,Organic Tortilla Chips ➔ Roma Tomatoes,0.1102,0.4957,1.631,0.0426,1.38,0.2223,0.304
['Roma Tomatoes'],['Organic Tortilla Chips'],Roma Tomatoes,Organic Tortilla Chips,Roma Tomatoes ➔ Organic Tortilla Chips,0.1102,0.3625,1.631,0.0426,1.22,0.304,0.2223
"['72% Dark Chocolate Bar', 'Artisanal Sourdough Bread']",['Extra Virgin Olive Oil'],72% Dark Chocolate Bar + Artisanal Sourdough Bread,Extra Virgin Olive Oil,72% Dark Chocolate Bar + Artisanal Sourdough Bread ➔ Extra Virgin Olive Oil,0.0323,0.4681,1.628,0.0125,1.34,0.069,0.2875
['Organic Bananas'],['Artisanal Sourdough Bread'],Organic Bananas,Artisanal Sourdough Bread,Organic Bananas ➔ Artisanal Sourdough Bread,0.0957,0.644,1.623,0.0367,1.694,0.1486,0.3968
['Creamy Peanut Butter'],['Organic Whole Milk'],Creamy Peanut Butter,Organic Whole Milk,Creamy Peanut Butter ➔ Organic Whole Milk,0.0876,0.5268,1.571,0.0318,1.404,0.1663,0.3354
['Organic Strawberry Jam'],['Organic Whole Milk'],Organic Strawberry Jam,Organic Whole Milk,Organic Strawberry Jam ➔ Organic Whole Milk,0.0856,0.5252,1.566,0.0309,1.4,0.163,0.3354
['Mild Chunky Salsa'],['Roma Tomatoes'],Mild Chunky Salsa,Roma Tomatoes,Mild Chunky Salsa ➔ Roma Tomatoes,0.0649,0.4741,1.559,0.0233,1.323,0.1369,0.304
['Organic Whole Milk'],['Artisanal Sourdough Bread'],Organic Whole Milk,Artisanal Sourdough Bread,Organic Whole Milk ➔ Artisanal Sourdough Bread,0.2049,0.6109,1.54,0.0718,1.55,0.3354,0.3968
['Artisanal Sourdough Bread'],['Organic Whole Milk'],Artisanal Sourdough Bread,Organic Whole Milk,Artisanal Sourdough Bread ➔ Organic Whole Milk,0.2049,0.5164,1.54,0.0718,1.374,0.3968,0.3354
"['Organic Hass Avocados', 'Sparkling Mineral Water']",['Extra Virgin Olive Oil'],Organic Hass Avocados + Sparkling Mineral Water,Extra Virgin Olive Oil,Organic Hass Avocados + Sparkling Mineral Water ➔ Extra Virgin Olive Oil,0.0838,0.432,1.502,0.028,1.254,0.194,0.2875
['Sea Salt Kettle Chips'],['Organic Whole Milk'],Sea Salt Kettle Chips,Organic Whole Milk,Sea Salt Kettle Chips ➔ Organic Whole Milk,0.0573,0.4893,1.459,0.018,1.301,0.1171,0.3354
"['Espresso Roast Coffee Beans', 'Organic Whole Milk', 'Salted Creamery Butter']",['Artisanal Sourdough Bread'],Espresso Roast Coffee Beans + Organic Whole Milk + Salted Creamery Butter,Artisanal Sourdough Bread,Espresso Roast Coffee Beans + Organic Whole Milk + Salted Creamery Butter ➔ Artisanal Sourdough Bread,0.0545,0.5761,1.452,0.017,1.423,0.0946,0.3968
"['Organic Whole Milk', 'Salted Creamery Butter']",['Artisanal Sourdough Bread'],Organic Whole Milk + Salted Creamery Butter,Artisanal Sourdough Bread,Organic Whole Milk + Salted Creamery Butter ➔ Artisanal Sourdough Bread,0.0633,0.5703,1.437,0.0193,1.404,0.111,0.3968
"['Espresso Roast Coffee Beans', 'Organic Whole Milk']",['Artisanal Sourdough Bread'],Espresso Roast Coffee Beans + Organic Whole Milk,Artisanal Sourdough Bread,Espresso Roast Coffee Beans + Organic Whole Milk ➔ Artisanal Sourdough Bread,0.1087,0.5694,1.435,0.033,1.401,0.1909,0.3968
"['Madagascar Vanilla Syrup', 'Organic Whole Milk']",['Artisanal Sourdough Bread'],Madagascar Vanilla Syrup + Organic Whole Milk,Artisanal Sourdough Bread,Madagascar Vanilla Syrup + Organic Whole Milk ➔ Artisanal Sourdough Bread,0.067,0.5678,1.431,0.0202,1.396,0.118,0.3968
"['Espresso Roast Coffee Beans', 'Salted Creamery Butter']",['Artisanal Sourdough Bread'],Espresso Roast Coffee Beans + Salted Creamery Butter,Artisanal Sourdough Bread,Espresso Roast Coffee Beans + Salted Creamery Butter ➔ Artisanal Sourdough Bread,0.0614,0.5675,1.43,0.0185,1.395,0.1082,0.3968
"['Grade A Large Pasture Eggs', 'Organic Whole Milk']",['Artisanal Sourdough Bread'],Grade A Large Pasture Eggs + Organic Whole Milk,Artisanal Sourdough Bread,Grade A Large Pasture Eggs + Organic Whole Milk ➔ Artisanal Sourdough Bread,0.1098,0.5648,1.423,0.0327,1.386,0.1944,0.3968
"['Espresso Roast Coffee Beans', 'Madagascar Vanilla Syrup', 'Salted Creamery Butter']",['Artisanal Sourdough Bread'],Espresso Roast Coffee Beans + Madagascar Vanilla Syrup + Salted Creamery Butter,Artisanal Sourdough Bread,Espresso Roast Coffee Beans + Madagascar Vanilla Syrup + Salted Creamery Butter ➔ Artisanal Sourdough Bread,0.0327,0.5638,1.421,0.0097,1.383,0.058,0.3968
"['Espresso Roast Coffee Beans', 'Madagascar Vanilla Syrup']",['Artisanal Sourdough Bread'],Espresso Roast Coffee Beans + Madagascar Vanilla Syrup,Artisanal Sourdough Bread,Espresso Roast Coffee Beans + Madagascar Vanilla Syrup ➔ Artisanal Sourdough Bread,0.0651,0.5627,1.418,0.0192,1.379,0.1157,0.3968
"['Espresso Roast Coffee Beans', 'Madagascar Vanilla Syrup', 'Organic Whole Milk']",['Artisanal Sourdough Bread'],Espresso Roast Coffee Beans + Madagascar Vanilla Syrup + Organic Whole Milk,Artisanal Sourdough Bread,Espresso Roast Coffee Beans + Madagascar Vanilla Syrup + Organic Whole Milk ➔ Artisanal Sourdough Bread,0.0585,0.5625,1.418,0.0172,1.379,0.104,0.3968
"['Espresso Roast Coffee Beans', 'Grade A Large Pasture Eggs', 'Salted Creamery Butter']",['Artisanal Sourdough Bread'],Espresso Roast Coffee Beans + Grade A Large Pasture Eggs + Salted Creamery Butter,Artisanal Sourdough Bread,Espresso Roast Coffee Beans + Grade A Large Pasture Eggs + Salted Creamery Butter ➔ Artisanal Sourdough Bread,0.0532,0.5624,1.417,0.0157,1.378,0.0946,0.3968
['Extra Virgin Olive Oil'],['Organic Hass Avocados'],Extra Virgin Olive Oil,Organic Hass Avocados,Extra Virgin Olive Oil ➔ Organic Hass Avocados,0.1587,0.552,1.417,0.0467,1.363,0.2875,0.3895
['Organic Hass Avocados'],['Extra Virgin Olive Oil'],Organic Hass Avocados,Extra Virgin Olive Oil,Organic Hass Avocados ➔ Extra Virgin Olive Oil,0.1587,0.4074,1.417,0.0467,1.202,0.3895,0.2875
"['Grade A Large Pasture Eggs', 'Organic Whole Milk', 'Salted Creamery Butter']",['Artisanal Sourdough Bread'],Grade A Large Pasture Eggs + Organic Whole Milk + Salted Creamery Butter,Artisanal Sourdough Bread,Grade A Large Pasture Eggs + Organic Whole Milk + Salted Creamery Butter ➔ Artisanal Sourdough Bread,0.0532,0.5618,1.416,0.0156,1.376,0.0947,0.3968
"['Barista Oat Milk', 'Organic Whole Milk', 'Salted Creamery Butter']",['Artisanal Sourdough Bread'],Barista Oat Milk + Organic Whole Milk + Salted Creamery Butter,Artisanal Sourdough Bread,Barista Oat Milk + Organic Whole Milk + Salted Creamery Butter ➔ Artisanal Sourdough Bread,0.0314,0.5607,1.413,0.0092,1.373,0.056,0.3968
"['Barista Oat Milk', 'Espresso Roast Coffee Beans', 'Salted Creamery Butter']",['Artisanal Sourdough Bread'],Barista Oat Milk + Espresso Roast Coffee Beans + Salted Creamery Butter,Artisanal Sourdough Bread,Barista Oat Milk + Espresso Roast Coffee Beans + Salted Creamery Butter ➔ Artisanal Sourdough Bread,0.0318,0.5589,1.408,0.0092,1.367,0.0569,0.3968
"['Espresso Roast Coffee Beans', 'Grade A Large Pasture Eggs', 'Organic Whole Milk']",['Artisanal Sourdough Bread'],Espresso Roast Coffee Beans + Grade A Large Pasture Eggs + Organic Whole Milk,Artisanal Sourdough Bread,Espresso Roast Coffee Beans + Grade A Large Pasture Eggs + Organic Whole Milk ➔ Artisanal Sourdough Bread,0.0932,0.5588,1.408,0.027,1.367,0.1668,0.3968
"['Madagascar Vanilla Syrup', 'Organic Whole Milk', 'Salted Creamery Butter']",['Artisanal Sourdough Bread'],Madagascar Vanilla Syrup + Organic Whole Milk + Salted Creamery Butter,Artisanal Sourdough Bread,Madagascar Vanilla Syrup + Organic Whole Milk + Salted Creamery Butter ➔ Artisanal Sourdough Bread,0.032,0.5585,1.407,0.0093,1.366,0.0573,0.3968
"['Barista Oat Milk', 'Madagascar Vanilla Syrup', 'Organic Whole Milk']",['Artisanal Sourdough Bread'],Barista Oat Milk + Madagascar Vanilla Syrup + Organic Whole Milk,Artisanal Sourdough Bread,Barista Oat Milk + Madagascar Vanilla Syrup + Organic Whole Milk ➔ Artisanal Sourdough Bread,0.0332,0.558,1.406,0.0096,1.365,0.0595,0.3968
"['Madagascar Vanilla Syrup', 'Salted Creamery Butter']",['Artisanal Sourdough Bread'],Madagascar Vanilla Syrup + Salted Creamery Butter,Artisanal Sourdough Bread,Madagascar Vanilla Syrup + Salted Creamery Butter ➔ Artisanal Sourdough Bread,0.0362,0.5578,1.406,0.0104,1.364,0.0649,0.3968
"['Grade A Large Pasture Eggs', 'Madagascar Vanilla Syrup', 'Organic Whole Milk']",['Artisanal Sourdough Bread'],Grade A Large Pasture Eggs + Madagascar Vanilla Syrup + Organic Whole Milk,Artisanal Sourdough Bread,Grade A Large Pasture Eggs + Madagascar Vanilla Syrup + Organic Whole Milk ➔ Artisanal Sourdough Bread,0.0582,0.5569,1.404,0.0167,1.361,0.1045,0.3968
"['Barista Oat Milk', 'Espresso Roast Coffee Beans', 'Madagascar Vanilla Syrup']",['Artisanal Sourdough Bread'],Barista Oat Milk + Espresso Roast Coffee Beans + Madagascar Vanilla Syrup,Artisanal Sourdough Bread,Barista Oat Milk + Espresso Roast Coffee Beans + Madagascar Vanilla Syrup ➔ Artisanal Sourdough Bread,0.034,0.5565,1.402,0.0098,1.36,0.0611,0.3968
"['Barista Oat Milk', 'Organic Whole Milk']",['Artisanal Sourdough Bread'],Barista Oat Milk + Organic Whole Milk,Artisanal Sourdough Bread,Barista Oat Milk + Organic Whole Milk ➔ Artisanal Sourdough Bread,0.0631,0.5559,1.401,0.0181,1.358,0.1135,0.3968
"['Barista Oat Milk', 'Espresso Roast Coffee Beans', 'Organic Whole Milk']",['Artisanal Sourdough Bread'],Barista Oat Milk + Espresso Roast Coffee Beans + Organic Whole Milk,Artisanal Sourdough Bread,Barista Oat Milk + Espresso Roast Coffee Beans + Organic Whole Milk ➔ Artisanal Sourdough Bread,0.0548,0.5558,1.401,0.0157,1.358,0.0986,0.3968
"['Barista Oat Milk', 'Grade A Large Pasture Eggs', 'Salted Creamery Butter']",['Artisanal Sourdough Bread'],Barista Oat Milk + Grade A Large Pasture Eggs + Salted Creamery Butter,Artisanal Sourdough Bread,Barista Oat Milk + Grade A Large Pasture Eggs + Salted Creamery Butter ➔ Artisanal Sourdough Bread,0.032,0.5556,1.4,0.0091,1.357,0.0576,0.3968
"['Barista Oat Milk', 'Grade A Large Pasture Eggs', 'Madagascar Vanilla Syrup']",['Artisanal Sourdough Bread'],Barista Oat Milk + Grade A Large Pasture Eggs + Madagascar Vanilla Syrup,Artisanal Sourdough Bread,Barista Oat Milk + Grade A Large Pasture Eggs + Madagascar Vanilla Syrup ➔ Artisanal Sourdough Bread,0.0331,0.5554,1.4,0.0095,1.357,0.0596,0.3968
"['Espresso Roast Coffee Beans', 'Grade A Large Pasture Eggs']",['Artisanal Sourdough Bread'],Espresso Roast Coffee Beans + Grade A Large Pasture Eggs,Artisanal Sourdough Bread,Espresso Roast Coffee Beans + Grade A Large Pasture Eggs ➔ Artisanal Sourdough Bread,0.1039,0.555,1.399,0.0296,1.356,0.1872,0.3968
['Sparkling Mineral Water'],['Extra Virgin Olive Oil'],Sparkling Mineral Water,Extra Virgin Olive Oil,Sparkling Mineral Water ➔ Extra Virgin Olive Oil,0.0966,0.4023,1.399,0.0276,1.192,0.2401,0.2875
"['Barista Oat Milk', 'Madagascar Vanilla Syrup']",['Artisanal Sourdough Bread'],Barista Oat Milk + Madagascar Vanilla Syrup,Artisanal Sourdough Bread,Barista Oat Milk + Madagascar Vanilla Syrup ➔ Artisanal Sourdough Bread,0.0374,0.5541,1.396,0.0106,1.353,0.0675,0.3968
"['Grade A Large Pasture Eggs', 'Madagascar Vanilla Syrup']",['Artisanal Sourdough Bread'],Grade A Large Pasture Eggs + Madagascar Vanilla Syrup,Artisanal Sourdough Bread,Grade A Large Pasture Eggs + Madagascar Vanilla Syrup ➔ Artisanal Sourdough Bread,0.0645,0.5541,1.396,0.0183,1.353,0.1164,0.3968
"['Espresso Roast Coffee Beans', 'Grade A Large Pasture Eggs', 'Madagascar Vanilla Syrup']",['Artisanal Sourdough Bread'],Espresso Roast Coffee Beans + Grade A Large Pasture Eggs + Madagascar Vanilla Syrup,Artisanal Sourdough Bread,Espresso Roast Coffee Beans + Grade A Large Pasture Eggs + Madagascar Vanilla Syrup ➔ Artisanal Sourdough Bread,0.0574,0.5535,1.395,0.0163,1.351,0.1037,0.3968
"['Barista Oat Milk', 'Espresso Roast Coffee Beans']",['Artisanal Sourdough Bread'],Barista Oat Milk + Espresso Roast Coffee Beans,Artisanal Sourdough Bread,Barista Oat Milk + Espresso Roast Coffee Beans ➔ Artisanal Sourdough Bread,0.0622,0.5534,1.395,0.0176,1.351,0.1124,0.3968
"['Grade A Large Pasture Eggs', 'Madagascar Vanilla Syrup', 'Salted Creamery Butter']",['Artisanal Sourdough Bread'],Grade A Large Pasture Eggs + Madagascar Vanilla Syrup + Salted Creamery Butter,Artisanal Sourdough Bread,Grade A Large Pasture Eggs + Madagascar Vanilla Syrup + Salted Creamery Butter ➔ Artisanal Sourdough Bread,0.0321,0.5534,1.395,0.0091,1.351,0.058,0.3968
"['72% Dark Chocolate Bar', 'Grated Parmesan Cheese']",['Artisanal Sourdough Bread'],72% Dark Chocolate Bar + Grated Parmesan Cheese,Artisanal Sourdough Bread,72% Dark Chocolate Bar + Grated Parmesan Cheese ➔ Artisanal Sourdough Bread,0.0542,0.5531,1.394,0.0153,1.35,0.098,0.3968
"['Grade A Large Pasture Eggs', 'Salted Creamery Butter']",['Artisanal Sourdough Bread'],Grade A Large Pasture Eggs + Salted Creamery Butter,Artisanal Sourdough Bread,Grade A Large Pasture Eggs + Salted Creamery Butter ➔ Artisanal Sourdough Bread,0.0603,0.5522,1.392,0.017,1.347,0.1092,0.3968
"['Barista Oat Milk', 'Salted Creamery Butter']",['Artisanal Sourdough Bread'],Barista Oat Milk + Salted Creamery Butter,Artisanal Sourdough Bread,Barista Oat Milk + Salted Creamery Butter ➔ Artisanal Sourdough Bread,0.0361,0.552,1.391,0.0101,1.346,0.0654,0.3968
"['72% Dark Chocolate Bar', 'Grated Parmesan Cheese', 'Slow-Simmered Marinara']",['Artisanal Sourdough Bread'],72% Dark Chocolate Bar + Grated Parmesan Cheese + Slow-Simmered Marinara,Artisanal Sourdough Bread,72% Dark Chocolate Bar + Grated Parmesan Cheese + Slow-Simmered Marinara ➔ Artisanal Sourdough Bread,0.0463,0.5505,1.387,0.0129,1.342,0.0841,0.3968
"['72% Dark Chocolate Bar', 'Grated Parmesan Cheese', 'Penne Rigate Pasta']",['Artisanal Sourdough Bread'],72% Dark Chocolate Bar + Grated Parmesan Cheese + Penne Rigate Pasta,Artisanal Sourdough Bread,72% Dark Chocolate Bar + Grated Parmesan Cheese + Penne Rigate Pasta ➔ Artisanal Sourdough Bread,0.0471,0.5502,1.387,0.0131,1.341,0.0856,0.3968
"['Barista Oat Milk', 'Grade A Large Pasture Eggs', 'Organic Whole Milk']",['Artisanal Sourdough Bread'],Barista Oat Milk + Grade A Large Pasture Eggs + Organic Whole Milk,Artisanal Sourdough Bread,Barista Oat Milk + Grade A Large Pasture Eggs + Organic Whole Milk ➔ Artisanal Sourdough Bread,0.0543,0.549,1.384,0.0151,1.338,0.0989,0.3968
['Organic Bananas'],['Organic Whole Milk'],Organic Bananas,Organic Whole Milk,Organic Bananas ➔ Organic Whole Milk,0.0687,0.4623,1.378,0.0189,1.236,0.1486,0.3354
['Madagascar Vanilla Syrup'],['Artisanal Sourdough Bread'],Madagascar Vanilla Syrup,Artisanal Sourdough Bread,Madagascar Vanilla Syrup ➔ Artisanal Sourdough Bread,0.0779,0.5463,1.377,0.0213,1.329,0.1426,0.3968
"['72% Dark Chocolate Bar', 'Slow-Simmered Marinara']",['Artisanal Sourdough Bread'],72% Dark Chocolate Bar + Slow-Simmered Marinara,Artisanal Sourdough Bread,72% Dark Chocolate Bar + Slow-Simmered Marinara ➔ Artisanal Sourdough Bread,0.0522,0.5455,1.375,0.0142,1.327,0.0957,0.3968
"['Barista Oat Milk', 'Espresso Roast Coffee Beans', 'Grade A Large Pasture Eggs']",['Artisanal Sourdough Bread'],Barista Oat Milk + Espresso Roast Coffee Beans + Grade A Large Pasture Eggs,Artisanal Sourdough Bread,Barista Oat Milk + Espresso Roast Coffee Beans + Grade A Large Pasture Eggs ➔ Artisanal Sourdough Bread,0.0539,0.5455,1.375,0.0147,1.327,0.0988,0.3968
"['Extra Virgin Olive Oil', 'Grated Parmesan Cheese', 'Penne Rigate Pasta']",['Artisanal Sourdough Bread'],Extra Virgin Olive Oil + Grated Parmesan Cheese + Penne Rigate Pasta,Artisanal Sourdough Bread,Extra Virgin Olive Oil + Grated Parmesan Cheese + Penne Rigate Pasta ➔ Artisanal Sourdough Bread,0.046,0.5444,1.372,0.0125,1.324,0.0845,0.3968
"['Barista Oat Milk', 'Grade A Large Pasture Eggs']",['Artisanal Sourdough Bread'],Barista Oat Milk + Grade A Large Pasture Eggs,Artisanal Sourdough Bread,Barista Oat Milk + Grade A Large Pasture Eggs ➔ Artisanal Sourdough Bread,0.0615,0.5442,1.372,0.0167,1.324,0.113,0.3968
"['72% Dark Chocolate Bar', 'Penne Rigate Pasta']",['Artisanal Sourdough Bread'],72% Dark Chocolate Bar + Penne Rigate Pasta,Artisanal Sourdough Bread,72% Dark Chocolate Bar + Penne Rigate Pasta ➔ Artisanal Sourdough Bread,0.0525,0.544,1.371,0.0142,1.323,0.0965,0.3968
"['Extra Virgin Olive Oil', 'Grated Parmesan Cheese', 'Slow-Simmered Marinara']",['Artisanal Sourdough Bread'],Extra Virgin Olive Oil + Grated Parmesan Cheese + Slow-Simmered Marinara,Artisanal Sourdough Bread,Extra Virgin Olive Oil + Grated Parmesan Cheese + Slow-Simmered Marinara ➔ Artisanal Sourdough Bread,0.0455,0.5417,1.365,0.0122,1.316,0.084,0.3968
"['72% Dark Chocolate Bar', 'Penne Rigate Pasta', 'Slow-Simmered Marinara']",['Artisanal Sourdough Bread'],72% Dark Chocolate Bar + Penne Rigate Pasta + Slow-Simmered Marinara,Artisanal Sourdough Bread,72% Dark Chocolate Bar + Penne Rigate Pasta + Slow-Simmered Marinara ➔ Artisanal Sourdough Bread,0.0447,0.5412,1.364,0.0119,1.315,0.0826,0.3968
"['Grated Parmesan Cheese', 'Penne Rigate Pasta']",['Artisanal Sourdough Bread'],Grated Parmesan Cheese + Penne Rigate Pasta,Artisanal Sourdough Bread,Grated Parmesan Cheese + Penne Rigate Pasta ➔ Artisanal Sourdough Bread,0.0846,0.5382,1.356,0.0222,1.306,0.1572,0.3968
"['Extra Virgin Olive Oil', 'Penne Rigate Pasta', 'Slow-Simmered Marinara']",['Artisanal Sourdough Bread'],Extra Virgin Olive Oil + Penne Rigate Pasta + Slow-Simmered Marinara,Artisanal Sourdough Bread,Extra Virgin Olive Oil + Penne Rigate Pasta + Slow-Simmered Marinara ➔ Artisanal Sourdough Bread,0.044,0.5359,1.351,0.0114,1.3,0.0821,0.3968
"['Grated Parmesan Cheese', 'Penne Rigate Pasta', 'Slow-Simmered Marinara']",['Artisanal Sourdough Bread'],Grated Parmesan Cheese + Penne Rigate Pasta + Slow-Simmered Marinara,Artisanal Sourdough Bread,Grated Parmesan Cheese + Penne Rigate Pasta + Slow-Simmered Marinara ➔ Artisanal Sourdough Bread,0.0736,0.5353,1.349,0.019,1.298,0.1375,0.3968
['Espresso Roast Coffee Beans'],['Artisanal Sourdough Bread'],Espresso Roast Coffee Beans,Artisanal Sourdough Bread,Espresso Roast Coffee Beans ➔ Artisanal Sourdough Bread,0.1261,0.5348,1.348,0.0325,1.297,0.2358,0.3968
"['Penne Rigate Pasta', 'Slow-Simmered Marinara']",['Artisanal Sourdough Bread'],Penne Rigate Pasta + Slow-Simmered Marinara,Artisanal Sourdough Bread,Penne Rigate Pasta + Slow-Simmered Marinara ➔ Artisanal Sourdough Bread,0.0827,0.5339,1.345,0.0212,1.294,0.1549,0.3968
"['Grated Parmesan Cheese', 'Slow-Simmered Marinara']",['Artisanal Sourdough Bread'],Grated Parmesan Cheese + Slow-Simmered Marinara,Artisanal Sourdough Bread,Grated Parmesan Cheese + Slow-Simmered Marinara ➔ Artisanal Sourdough Bread,0.0837,0.5321,1.341,0.0213,1.289,0.1573,0.3968
['Salted Creamery Butter'],['Artisanal Sourdough Bread'],Salted Creamery Butter,Artisanal Sourdough Bread,Salted Creamery Butter ➔ Artisanal Sourdough Bread,0.0771,0.527,1.328,0.019,1.275,0.1463,0.3968
['72% Dark Chocolate Bar'],['Artisanal Sourdough Bread'],72% Dark Chocolate Bar,Artisanal Sourdough Bread,72% Dark Chocolate Bar ➔ Artisanal Sourdough Bread,0.069,0.5204,1.311,0.0164,1.258,0.1326,0.3968
['Barista Oat Milk'],['Artisanal Sourdough Bread'],Barista Oat Milk,Artisanal Sourdough Bread,Barista Oat Milk ➔ Artisanal Sourdough Bread,0.0768,0.5203,1.311,0.0182,1.258,0.1476,0.3968
"['Extra Virgin Olive Oil', 'Grated Parmesan Cheese']",['Artisanal Sourdough Bread'],Extra Virgin Olive Oil + Grated Parmesan Cheese,Artisanal Sourdough Bread,Extra Virgin Olive Oil + Grated Parmesan Cheese ➔ Artisanal Sourdough Bread,0.0533,0.52,1.31,0.0126,1.257,0.1025,0.3968
['Grade A Large Pasture Eggs'],['Artisanal Sourdough Bread'],Grade A Large Pasture Eggs,Artisanal Sourdough Bread,Grade A Large Pasture Eggs ➔ Artisanal Sourdough Bread,0.131,0.518,1.305,0.0306,1.251,0.2529,0.3968
"['Extra Virgin Olive Oil', 'Slow-Simmered Marinara']",['Artisanal Sourdough Bread'],Extra Virgin Olive Oil + Slow-Simmered Marinara,Artisanal Sourdough Bread,Extra Virgin Olive Oil + Slow-Simmered Marinara ➔ Artisanal Sourdough Bread,0.0513,0.5171,1.303,0.0119,1.249,0.0992,0.3968
['Penne Rigate Pasta'],['Artisanal Sourdough Bread'],Penne Rigate Pasta,Artisanal Sourdough Bread,Penne Rigate Pasta ➔ Artisanal Sourdough Bread,0.1077,0.5153,1.299,0.0248,1.245,0.209,0.3968
['Grated Parmesan Cheese'],['Artisanal Sourdough Bread'],Grated Parmesan Cheese,Artisanal Sourdough Bread,Grated Parmesan Cheese ➔ Artisanal Sourdough Bread,0.1043,0.5138,1.295,0.0237,1.241,0.203,0.3968
['Slow-Simmered Marinara'],['Artisanal Sourdough Bread'],Slow-Simmered Marinara,Artisanal Sourdough Bread,Slow-Simmered Marinara ➔ Artisanal Sourdough Bread,0.1034,0.5137,1.295,0.0235,1.24,0.2013,0.3968
"['72% Dark Chocolate Bar', 'Extra Virgin Olive Oil']",['Artisanal Sourdough Bread'],72% Dark Chocolate Bar + Extra Virgin Olive Oil,Artisanal Sourdough Bread,72% Dark Chocolate Bar + Extra Virgin Olive Oil ➔ Artisanal Sourdough Bread,0.0323,0.5095,1.284,0.0071,1.23,0.0634,0.3968
"['Extra Virgin Olive Oil', 'Penne Rigate Pasta']",['Artisanal Sourdough Bread'],Extra Virgin Olive Oil + Penne Rigate Pasta,Artisanal Sourdough Bread,Extra Virgin Olive Oil + Penne Rigate Pasta ➔ Artisanal Sourdough Bread,0.0511,0.5064,1.276,0.0111,1.222,0.1009,0.3968
